INFO:     127.0.0.1:58821 - "GET /api/health HTTP/1.1" 200 OK
[id-photo] rembg session ready model=u2net_human_seg
INFO:     127.0.0.1:53396 - "GET /api/id-photo/health HTTP/1.1" 200 OK
[id-photo-be] prepare start requestId=6bef6d0779
[id-photo] requestId=6bef6d0779 step=load_image cost=0ms
[id-photo] MediaPipe face detector ready model=blaze_face_short_range.tflite
[id-photo] requestId=6bef6d0779 step=matting cost=10ms
[id-photo-be] faceDetector=None
[id-photo-be] faceCount=None
[id-photo-be] faceBox=None
[id-photo-be] mattingEngine=None
[id-photo-be] rembgModel=None
[id-photo-be] engine=hivision engineVersion=multi-engine-reset-20260613-local model=rmbg-1.4
[id-photo-be] foregroundPath=None
[id-photo-be] maskPath=None
[id-photo-be] cropParams=None
[id-photo-be] prepare success preparedId=9104d20d-5a45-4077-812a-33c925c5be98
[id-photo] requestId=6bef6d0779 total=6167ms success=true preparedId=9104d20d-5a45-4077-812a-33c925c5be98
INFO:     127.0.0.1:49668 - "POST /api/id-photo/prepare HTTP/1.1" 200 OK
[id-photo-be] compose start preparedId=9104d20d-5a45-4077-812a-33c925c5be98 requestId=2adb0b50c7
[id-photo] requestId=2adb0b50c7 step=save_output cost=63ms
[id-photo-be] bgColor=None
[id-photo-be] outputSize=None
[id-photo-be] backgroundPureColor=None
[id-photo-be] originalBackgroundRemoved=None
[id-photo-be] usedForegroundPng=None
[id-photo-be] usedOriginalImageDirectly=None
[id-photo-be] engine=hivision engineVersion=multi-engine-reset-20260613-local model=rmbg-1.4
[id-photo-be] finalImageUrl=/outputs/1ecebc8b22534679a8a99945c8c23c05.jpg?v=2adb0b50c7-1781804091029-73944f7a14f5
[id-photo-be] compose success
[id-photo] requestId=2adb0b50c7 total=68ms success=true finalImageUrl=/outputs/1ecebc8b22534679a8a99945c8c23c05.jpg?v=2adb0b50c7-1781804091029-73944f7a14f5
INFO:     127.0.0.1:51421 - "POST /api/id-photo/compose HTTP/1.1" 200 OK
INFO:     127.0.0.1:49668 - "GET /outputs/1ecebc8b22534679a8a99945c8c23c05.jpg?v=2adb0b50c7-1781804091029-73944f7a14f5 HTTP/1.1" 200 OK
INFO:     127.0.0.1:58731 - "GET /outputs/1ecebc8b22534679a8a99945c8c23c05.jpg?v=2adb0b50c7-1781804091029-73944f7a14f5 HTTP/1.1" 200 OK
[id-photo-be] prepare start requestId=22672154a8
[id-photo] requestId=22672154a8 step=load_image cost=0ms
[id-photo] requestId=22672154a8 step=matting cost=10ms
[id-photo-be] faceDetector=None
[id-photo-be] faceCount=None
[id-photo-be] faceBox=None
[id-photo-be] mattingEngine=None
[id-photo-be] rembgModel=None
[id-photo-be] engine=hivision engineVersion=multi-engine-reset-20260613-local model=rmbg-1.4
[id-photo-be] foregroundPath=None
[id-photo-be] maskPath=None
[id-photo-be] cropParams=None
[id-photo-be] prepare success preparedId=7dab5017-d1e8-4989-add4-0fbbe03e8fcf
[id-photo] requestId=22672154a8 total=4279ms success=true preparedId=7dab5017-d1e8-4989-add4-0fbbe03e8fcf
INFO:     127.0.0.1:61050 - "POST /api/id-photo/prepare HTTP/1.1" 200 OK
[id-photo-be] compose start preparedId=7dab5017-d1e8-4989-add4-0fbbe03e8fcf requestId=2c97dc385f
[id-photo] requestId=2c97dc385f step=save_output cost=48ms
[id-photo-be] bgColor=None
[id-photo-be] outputSize=None
[id-photo-be] backgroundPureColor=None
[id-photo-be] originalBackgroundRemoved=None
[id-photo-be] usedForegroundPng=None
[id-photo-be] usedOriginalImageDirectly=None
[id-photo-be] engine=hivision engineVersion=multi-engine-reset-20260613-local model=rmbg-1.4
[id-photo-be] finalImageUrl=/outputs/242dd2f9e65d4a12b1847e158e48c324.jpg?v=2c97dc385f-1781804112121-81e94917f4cd
[id-photo-be] compose success
[id-photo] requestId=2c97dc385f total=51ms success=true finalImageUrl=/outputs/242dd2f9e65d4a12b1847e158e48c324.jpg?v=2c97dc385f-1781804112121-81e94917f4cd
INFO:     127.0.0.1:53796 - "POST /api/id-photo/compose HTTP/1.1" 200 OK
INFO:     127.0.0.1:61050 - "GET /outputs/242dd2f9e65d4a12b1847e158e48c324.jpg?v=2c97dc385f-1781804112121-81e94917f4cd HTTP/1.1" 200 OK
INFO:     127.0.0.1:56686 - "GET /outputs/242dd2f9e65d4a12b1847e158e48c324.jpg?v=2c97dc385f-1781804112121-81e94917f4cd HTTP/1.1" 200 OK
[id-photo-be] prepare start requestId=07038fbf2b
[id-photo] requestId=07038fbf2b step=load_image cost=0ms
[id-photo] requestId=07038fbf2b step=matting cost=10ms
[id-photo-be] faceDetector=None
[id-photo-be] faceCount=None
[id-photo-be] faceBox=None
[id-photo-be] mattingEngine=None
[id-photo-be] rembgModel=None
[id-photo-be] engine=hivision engineVersion=multi-engine-reset-20260613-local model=rmbg-1.4
[id-photo-be] foregroundPath=None
[id-photo-be] maskPath=None
[id-photo-be] cropParams=None
[id-photo-be] prepare success preparedId=92803515-52fe-4b94-b2bb-4c90da5686f6
[id-photo] requestId=07038fbf2b total=4486ms success=true preparedId=92803515-52fe-4b94-b2bb-4c90da5686f6
INFO:     127.0.0.1:54789 - "POST /api/id-photo/prepare HTTP/1.1" 200 OK
[id-photo-be] compose start preparedId=92803515-52fe-4b94-b2bb-4c90da5686f6 requestId=176e25915a
[id-photo] requestId=176e25915a step=save_output cost=56ms
[id-photo-be] bgColor=None
[id-photo-be] outputSize=None
[id-photo-be] backgroundPureColor=None
[id-photo-be] originalBackgroundRemoved=None
[id-photo-be] usedForegroundPng=None
[id-photo-be] usedOriginalImageDirectly=None
[id-photo-be] engine=hivision engineVersion=multi-engine-reset-20260613-local model=rmbg-1.4
[id-photo-be] finalImageUrl=/outputs/8cd1d51de69f46dba7318e90273ad8f1.jpg?v=176e25915a-1781804145158-73944f7a14f5
[id-photo-be] compose success
[id-photo] requestId=176e25915a total=59ms success=true finalImageUrl=/outputs/8cd1d51de69f46dba7318e90273ad8f1.jpg?v=176e25915a-1781804145158-73944f7a14f5
INFO:     127.0.0.1:58413 - "POST /api/id-photo/compose HTTP/1.1" 200 OK
INFO:     127.0.0.1:54789 - "GET /outputs/8cd1d51de69f46dba7318e90273ad8f1.jpg?v=176e25915a-1781804145158-73944f7a14f5 HTTP/1.1" 200 OK
INFO:     127.0.0.1:64567 - "GET /outputs/8cd1d51de69f46dba7318e90273ad8f1.jpg?v=176e25915a-1781804145158-73944f7a14f5 HTTP/1.1" 200 OK
[id-photo-be] prepare start requestId=d459844823
[id-photo] requestId=d459844823 step=load_image cost=0ms
[id-photo] requestId=d459844823 step=matting cost=10ms
[id-photo-be] faceDetector=None
[id-photo-be] faceCount=None
[id-photo-be] faceBox=None
[id-photo-be] mattingEngine=None
[id-photo-be] rembgModel=None
[id-photo-be] engine=hivision engineVersion=multi-engine-reset-20260613-local model=rmbg-1.4
[id-photo-be] foregroundPath=None
[id-photo-be] maskPath=None
[id-photo-be] cropParams=None
[id-photo-be] prepare success preparedId=8368af9e-9968-41f3-b4e5-5325b69e80bc
[id-photo] requestId=d459844823 total=4902ms success=true preparedId=8368af9e-9968-41f3-b4e5-5325b69e80bc
INFO:     127.0.0.1:60369 - "POST /api/id-photo/prepare HTTP/1.1" 200 OK
[id-photo-be] compose start preparedId=8368af9e-9968-41f3-b4e5-5325b69e80bc requestId=3d049d27d3
[id-photo] requestId=3d049d27d3 step=save_output cost=50ms
[id-photo-be] bgColor=None
[id-photo-be] outputSize=None
[id-photo-be] backgroundPureColor=None
[id-photo-be] originalBackgroundRemoved=None
[id-photo-be] usedForegroundPng=None
[id-photo-be] usedOriginalImageDirectly=None
[id-photo-be] engine=hivision engineVersion=multi-engine-reset-20260613-local model=rmbg-1.4
[id-photo-be] finalImageUrl=/outputs/ba4eec1f27b24bc4b8eeeeb2afd4bbe1.jpg?v=3d049d27d3-1781804169459-81cf8e3edb61
[id-photo-be] compose success
[id-photo] requestId=3d049d27d3 total=55ms success=true finalImageUrl=/outputs/ba4eec1f27b24bc4b8eeeeb2afd4bbe1.jpg?v=3d049d27d3-1781804169459-81cf8e3edb61
INFO:     127.0.0.1:55157 - "POST /api/id-photo/compose HTTP/1.1" 200 OK
INFO:     127.0.0.1:60369 - "GET /outputs/ba4eec1f27b24bc4b8eeeeb2afd4bbe1.jpg?v=3d049d27d3-1781804169459-81cf8e3edb61 HTTP/1.1" 200 OK
INFO:     127.0.0.1:58134 - "GET /outputs/ba4eec1f27b24bc4b8eeeeb2afd4bbe1.jpg?v=3d049d27d3-1781804169459-81cf8e3edb61 HTTP/1.1" 200 OK
[id-photo-be] prepare start requestId=958773a875
[id-photo] requestId=958773a875 step=load_image cost=0ms
[id-photo] requestId=958773a875 step=matting cost=10ms
[id-photo-be] faceDetector=None
[id-photo-be] faceCount=None
[id-photo-be] faceBox=None
[id-photo-be] mattingEngine=None
[id-photo-be] rembgModel=None
[id-photo-be] engine=hivision engineVersion=multi-engine-reset-20260613-local model=rmbg-1.4
[id-photo-be] foregroundPath=None
[id-photo-be] maskPath=None
[id-photo-be] cropParams=None
[id-photo-be] prepare success preparedId=a1f1736b-de08-4143-b5a3-8e66ff7d9af3
[id-photo] requestId=958773a875 total=4363ms success=true preparedId=a1f1736b-de08-4143-b5a3-8e66ff7d9af3
INFO:     127.0.0.1:54969 - "POST /api/id-photo/prepare HTTP/1.1" 200 OK
[id-photo-be] compose start preparedId=a1f1736b-de08-4143-b5a3-8e66ff7d9af3 requestId=ce8c3e3dea
[id-photo] requestId=ce8c3e3dea step=save_output cost=50ms
[id-photo-be] bgColor=None
[id-photo-be] outputSize=None
[id-photo-be] backgroundPureColor=None
[id-photo-be] originalBackgroundRemoved=None
[id-photo-be] usedForegroundPng=None
[id-photo-be] usedOriginalImageDirectly=None
[id-photo-be] engine=hivision engineVersion=multi-engine-reset-20260613-local model=rmbg-1.4
[id-photo-be] finalImageUrl=/outputs/98062f520a144970971032421d4e45db.jpg?v=ce8c3e3dea-1781804189440-f8163b06552c
[id-photo-be] compose success
[id-photo] requestId=ce8c3e3dea total=53ms success=true finalImageUrl=/outputs/98062f520a144970971032421d4e45db.jpg?v=ce8c3e3dea-1781804189440-f8163b06552c
INFO:     127.0.0.1:58404 - "POST /api/id-photo/compose HTTP/1.1" 200 OK
INFO:     127.0.0.1:54969 - "GET /outputs/98062f520a144970971032421d4e45db.jpg?v=ce8c3e3dea-1781804189440-f8163b06552c HTTP/1.1" 200 OK
INFO:     127.0.0.1:64370 - "GET /outputs/98062f520a144970971032421d4e45db.jpg?v=ce8c3e3dea-1781804189440-f8163b06552c HTTP/1.1" 200 OK
[id-photo-be] compose start preparedId=a1f1736b-de08-4143-b5a3-8e66ff7d9af3 requestId=10fbeedbe2
[id-photo] requestId=10fbeedbe2 step=save_output cost=53ms
[id-photo-be] bgColor=None
[id-photo-be] outputSize=None
[id-photo-be] backgroundPureColor=None
[id-photo-be] originalBackgroundRemoved=None
[id-photo-be] usedForegroundPng=None
[id-photo-be] usedOriginalImageDirectly=None
[id-photo-be] engine=hivision engineVersion=multi-engine-reset-20260613-local model=rmbg-1.4
[id-photo-be] finalImageUrl=/outputs/7c99a30725794f02afb3e0b032530f1f.jpg?v=10fbeedbe2-1781804193018-c43a8b383309
[id-photo-be] compose success
[id-photo] requestId=10fbeedbe2 total=61ms success=true finalImageUrl=/outputs/7c99a30725794f02afb3e0b032530f1f.jpg?v=10fbeedbe2-1781804193018-c43a8b383309
INFO:     127.0.0.1:58404 - "POST /api/id-photo/compose HTTP/1.1" 200 OK
INFO:     127.0.0.1:54969 - "GET /outputs/7c99a30725794f02afb3e0b032530f1f.jpg?v=10fbeedbe2-1781804193018-c43a8b383309 HTTP/1.1" 200 OK
INFO:     127.0.0.1:64370 - "GET /outputs/7c99a30725794f02afb3e0b032530f1f.jpg?v=10fbeedbe2-1781804193018-c43a8b383309 HTTP/1.1" 200 OK
[id-photo-be] compose start preparedId=a1f1736b-de08-4143-b5a3-8e66ff7d9af3 requestId=a0fa13630f
[id-photo] requestId=a0fa13630f step=save_output cost=55ms
[id-photo-be] bgColor=None
[id-photo-be] outputSize=None
[id-photo-be] backgroundPureColor=None
[id-photo-be] originalBackgroundRemoved=None
[id-photo-be] usedForegroundPng=None
[id-photo-be] usedOriginalImageDirectly=None
[id-photo-be] engine=hivision engineVersion=multi-engine-reset-20260613-local model=rmbg-1.4
[id-photo-be] finalImageUrl=/outputs/ddde054a2dcb4e9a8ff9c0d3e9d6b50c.jpg?v=a0fa13630f-1781804195159-22347aa11dc7
[id-photo-be] compose success
[id-photo] requestId=a0fa13630f total=59ms success=true finalImageUrl=/outputs/ddde054a2dcb4e9a8ff9c0d3e9d6b50c.jpg?v=a0fa13630f-1781804195159-22347aa11dc7
INFO:     127.0.0.1:58404 - "POST /api/id-photo/compose HTTP/1.1" 200 OK
INFO:     127.0.0.1:54969 - "GET /outputs/ddde054a2dcb4e9a8ff9c0d3e9d6b50c.jpg?v=a0fa13630f-1781804195159-22347aa11dc7 HTTP/1.1" 200 OK
INFO:     127.0.0.1:64370 - "GET /outputs/ddde054a2dcb4e9a8ff9c0d3e9d6b50c.jpg?v=a0fa13630f-1781804195159-22347aa11dc7 HTTP/1.1" 200 OK
[id-photo-be] compose start preparedId=a1f1736b-de08-4143-b5a3-8e66ff7d9af3 requestId=e5b4e54666
[id-photo] requestId=e5b4e54666 step=save_output cost=55ms
[id-photo-be] bgColor=None
[id-photo-be] outputSize=None
[id-photo-be] backgroundPureColor=None
[id-photo-be] originalBackgroundRemoved=None
[id-photo-be] usedForegroundPng=None
[id-photo-be] usedOriginalImageDirectly=None
[id-photo-be] engine=hivision engineVersion=multi-engine-reset-20260613-local model=rmbg-1.4
[id-photo-be] finalImageUrl=/outputs/a708c14c22994ad984c1f5e99db0a714.jpg?v=e5b4e54666-1781804195636-1bac3cd3846e
[id-photo-be] compose success
[id-photo] requestId=e5b4e54666 total=58ms success=true finalImageUrl=/outputs/a708c14c22994ad984c1f5e99db0a714.jpg?v=e5b4e54666-1781804195636-1bac3cd3846e
INFO:     127.0.0.1:58404 - "POST /api/id-photo/compose HTTP/1.1" 200 OK
INFO:     127.0.0.1:54969 - "GET /outputs/a708c14c22994ad984c1f5e99db0a714.jpg?v=e5b4e54666-1781804195636-1bac3cd3846e HTTP/1.1" 200 OK
INFO:     127.0.0.1:64370 - "GET /outputs/a708c14c22994ad984c1f5e99db0a714.jpg?v=e5b4e54666-1781804195636-1bac3cd3846e HTTP/1.1" 200 OK
[id-photo-be] compose start preparedId=a1f1736b-de08-4143-b5a3-8e66ff7d9af3 requestId=e9d9ed9eb7
[id-photo] requestId=e9d9ed9eb7 step=save_output cost=48ms
[id-photo-be] bgColor=None
[id-photo-be] outputSize=None
[id-photo-be] backgroundPureColor=None
[id-photo-be] originalBackgroundRemoved=None
[id-photo-be] usedForegroundPng=None
[id-photo-be] usedOriginalImageDirectly=None
[id-photo-be] engine=hivision engineVersion=multi-engine-reset-20260613-local model=rmbg-1.4
[id-photo-be] finalImageUrl=/outputs/ee62127273434ee881848de08d13f880.jpg?v=e9d9ed9eb7-1781804196410-5258cdf76e7d
[id-photo-be] compose success
[id-photo] requestId=e9d9ed9eb7 total=56ms success=true finalImageUrl=/outputs/ee62127273434ee881848de08d13f880.jpg?v=e9d9ed9eb7-1781804196410-5258cdf76e7d
INFO:     127.0.0.1:58404 - "POST /api/id-photo/compose HTTP/1.1" 200 OK
INFO:     127.0.0.1:54969 - "GET /outputs/ee62127273434ee881848de08d13f880.jpg?v=e9d9ed9eb7-1781804196410-5258cdf76e7d HTTP/1.1" 200 OK
INFO:     127.0.0.1:64370 - "GET /outputs/ee62127273434ee881848de08d13f880.jpg?v=e9d9ed9eb7-1781804196410-5258cdf76e7d HTTP/1.1" 200 OK
[id-photo-be] compose start preparedId=a1f1736b-de08-4143-b5a3-8e66ff7d9af3 requestId=45a6b644a2
[id-photo] requestId=45a6b644a2 step=save_output cost=54ms
[id-photo-be] bgColor=None
[id-photo-be] outputSize=None
[id-photo-be] backgroundPureColor=None
[id-photo-be] originalBackgroundRemoved=None
[id-photo-be] usedForegroundPng=None
[id-photo-be] usedOriginalImageDirectly=None
[id-photo-be] engine=hivision engineVersion=multi-engine-reset-20260613-local model=rmbg-1.4
[id-photo-be] finalImageUrl=/outputs/5c5337b75a6e4e3d87733109b6bb7a24.jpg?v=45a6b644a2-1781804197110-f8163b06552c
[id-photo-be] compose success
[id-photo] requestId=45a6b644a2 total=58ms success=true finalImageUrl=/outputs/5c5337b75a6e4e3d87733109b6bb7a24.jpg?v=45a6b644a2-1781804197110-f8163b06552c
INFO:     127.0.0.1:58404 - "POST /api/id-photo/compose HTTP/1.1" 200 OK
INFO:     127.0.0.1:54969 - "GET /outputs/5c5337b75a6e4e3d87733109b6bb7a24.jpg?v=45a6b644a2-1781804197110-f8163b06552c HTTP/1.1" 200 OK
INFO:     127.0.0.1:64370 - "GET /outputs/5c5337b75a6e4e3d87733109b6bb7a24.jpg?v=45a6b644a2-1781804197110-f8163b06552c HTTP/1.1" 200 OK
INFO:     127.0.0.1:64138 - "GET /api/watermark/health HTTP/1.1" 200 OK
INFO:     127.0.0.1:52878 - "GET /api/watermark/health HTTP/1.1" 200 OK
INFO:     127.0.0.1:52878 - "GET /api/watermark/health HTTP/1.1" 200 OK
INFO:     127.0.0.1:52878 - "GET /api/watermark/health HTTP/1.1" 200 OK
INFO:     127.0.0.1:52878 - "GET /api/watermark/health HTTP/1.1" 200 OK
INFO:     127.0.0.1:60367 - "GET /api/watermark/health HTTP/1.1" 200 OK
INFO:     127.0.0.1:52878 - "GET /api/watermark/health HTTP/1.1" 200 OK
INFO:     127.0.0.1:54052 - "GET /api/watermark/health HTTP/1.1" 200 OK
INFO:     127.0.0.1:55567 - "GET /api/watermark/health HTTP/1.1" 200 OK
INFO:     127.0.0.1:50127 - "GET /api/watermark/health HTTP/1.1" 200 OK
INFO:     127.0.0.1:65297 - "GET /api/watermark/health HTTP/1.1" 200 OK
INFO:     127.0.0.1:63110 - "GET /api/watermark/health HTTP/1.1" 200 OK
INFO:     127.0.0.1:64883 - "GET /api/watermark/health HTTP/1.1" 200 OK
INFO:     127.0.0.1:50895 - "GET /api/watermark/health HTTP/1.1" 200 OK
INFO:     127.0.0.1:60574 - "GET /api/watermark/health HTTP/1.1" 200 OK
INFO:     127.0.0.1:57969 - "GET /api/watermark/health HTTP/1.1" 200 OK
INFO:     127.0.0.1:57270 - "GET /api/watermark/health HTTP/1.1" 200 OK
INFO:     127.0.0.1:55573 - "GET /api/watermark/health HTTP/1.1" 200 OK
INFO:     127.0.0.1:55575 - "POST /api/watermark/hd-remove HTTP/1.1" 200 OK
INFO:     127.0.0.1:55575 - "GET /uploads/watermark/hd/result_1781804711784_cd1005baf52b.jpg?t=1781804711850 HTTP/1.1" 200 OK
[id-photo-be] prepare start requestId=0fe917505f
[id-photo] requestId=0fe917505f step=load_image cost=0ms
[id-photo] requestId=0fe917505f step=matting cost=10ms
[id-photo-be] faceDetector=None
[id-photo-be] faceCount=None
[id-photo-be] faceBox=None
[id-photo-be] mattingEngine=None
[id-photo-be] rembgModel=None
[id-photo-be] engine=hivision engineVersion=multi-engine-reset-20260613-local model=rmbg-1.4
[id-photo-be] foregroundPath=None
[id-photo-be] maskPath=None
[id-photo-be] cropParams=None
[id-photo-be] prepare success preparedId=38af1649-463a-4b3e-90a9-25555eeb0710
[id-photo] requestId=0fe917505f total=5881ms success=true preparedId=38af1649-463a-4b3e-90a9-25555eeb0710
INFO:     127.0.0.1:59584 - "POST /api/id-photo/prepare HTTP/1.1" 200 OK
[id-photo-be] compose start preparedId=38af1649-463a-4b3e-90a9-25555eeb0710 requestId=073709f146
[id-photo] requestId=073709f146 step=save_output cost=76ms
[id-photo-be] bgColor=None
[id-photo-be] outputSize=None
[id-photo-be] backgroundPureColor=None
[id-photo-be] originalBackgroundRemoved=None
[id-photo-be] usedForegroundPng=None
[id-photo-be] usedOriginalImageDirectly=None
[id-photo-be] engine=hivision engineVersion=multi-engine-reset-20260613-local model=rmbg-1.4
[id-photo-be] finalImageUrl=/outputs/ade5bced8c7d465993965bf858d389ac.jpg?v=073709f146-1781804785336-a1cd8262e612
[id-photo-be] compose success
[id-photo] requestId=073709f146 total=83ms success=true finalImageUrl=/outputs/ade5bced8c7d465993965bf858d389ac.jpg?v=073709f146-1781804785336-a1cd8262e612
INFO:     127.0.0.1:59483 - "POST /api/id-photo/compose HTTP/1.1" 200 OK
INFO:     127.0.0.1:59584 - "GET /outputs/ade5bced8c7d465993965bf858d389ac.jpg?v=073709f146-1781804785336-a1cd8262e612 HTTP/1.1" 200 OK
INFO:     127.0.0.1:51871 - "GET /outputs/ade5bced8c7d465993965bf858d389ac.jpg?v=073709f146-1781804785336-a1cd8262e612 HTTP/1.1" 200 OK
[id-photo-be] compose start preparedId=38af1649-463a-4b3e-90a9-25555eeb0710 requestId=735ac92525
[id-photo] requestId=735ac92525 step=save_output cost=80ms
[id-photo-be] bgColor=None
[id-photo-be] outputSize=None
[id-photo-be] backgroundPureColor=None
[id-photo-be] originalBackgroundRemoved=None
[id-photo-be] usedForegroundPng=None
[id-photo-be] usedOriginalImageDirectly=None
[id-photo-be] engine=hivision engineVersion=multi-engine-reset-20260613-local model=rmbg-1.4
[id-photo-be] finalImageUrl=/outputs/ed459b7edaa64726b964fb78ba4bc68f.jpg?v=735ac92525-1781804789460-ca993a8c076e
[id-photo-be] compose success
[id-photo] requestId=735ac92525 total=94ms success=true finalImageUrl=/outputs/ed459b7edaa64726b964fb78ba4bc68f.jpg?v=735ac92525-1781804789460-ca993a8c076e
INFO:     127.0.0.1:59483 - "POST /api/id-photo/compose HTTP/1.1" 200 OK
INFO:     127.0.0.1:59584 - "GET /outputs/ed459b7edaa64726b964fb78ba4bc68f.jpg?v=735ac92525-1781804789460-ca993a8c076e HTTP/1.1" 200 OK
INFO:     127.0.0.1:51871 - "GET /outputs/ed459b7edaa64726b964fb78ba4bc68f.jpg?v=735ac92525-1781804789460-ca993a8c076e HTTP/1.1" 200 OK
[id-photo-be] prepare start requestId=27e43decfc
[id-photo] requestId=27e43decfc step=load_image cost=0ms
[id-photo] requestId=27e43decfc step=matting cost=10ms
[id-photo-be] faceDetector=None
[id-photo-be] faceCount=None
[id-photo-be] faceBox=None
[id-photo-be] mattingEngine=None
[id-photo-be] rembgModel=None
[id-photo-be] engine=hivision engineVersion=multi-engine-reset-20260613-local model=rmbg-1.4
[id-photo-be] foregroundPath=None
[id-photo-be] maskPath=None
[id-photo-be] cropParams=None
[id-photo-be] prepare success preparedId=d73f0c7d-ba73-4a23-a9c9-16af666a251e
[id-photo] requestId=27e43decfc total=4756ms success=true preparedId=d73f0c7d-ba73-4a23-a9c9-16af666a251e
INFO:     127.0.0.1:63580 - "POST /api/id-photo/prepare HTTP/1.1" 200 OK
[id-photo-be] prepare start requestId=4065cfe545
[id-photo] requestId=4065cfe545 step=load_image cost=0ms
[id-photo] requestId=4065cfe545 step=matting cost=10ms
[id-photo-be] faceDetector=None
[id-photo-be] faceCount=None
[id-photo-be] faceBox=None
[id-photo-be] mattingEngine=None
[id-photo-be] rembgModel=None
[id-photo-be] engine=hivision engineVersion=multi-engine-reset-20260613-local model=rmbg-1.4
[id-photo-be] foregroundPath=None
[id-photo-be] maskPath=None
[id-photo-be] cropParams=None
[id-photo-be] prepare success preparedId=b7c53441-c343-4214-802a-6a9cdce6acb5
[id-photo] requestId=4065cfe545 total=4522ms success=true preparedId=b7c53441-c343-4214-802a-6a9cdce6acb5
INFO:     127.0.0.1:63580 - "POST /api/id-photo/prepare HTTP/1.1" 200 OK
[id-photo-be] compose start preparedId=b7c53441-c343-4214-802a-6a9cdce6acb5 requestId=d6c4f199c3
[id-photo] requestId=d6c4f199c3 step=save_output cost=73ms
[id-photo-be] bgColor=None
[id-photo-be] outputSize=None
[id-photo-be] backgroundPureColor=None
[id-photo-be] originalBackgroundRemoved=None
[id-photo-be] usedForegroundPng=None
[id-photo-be] usedOriginalImageDirectly=None
[id-photo-be] engine=hivision engineVersion=multi-engine-reset-20260613-local model=rmbg-1.4
[id-photo-be] finalImageUrl=/outputs/872b79055eb9475ba5d9b26459ccddb3.jpg?v=d6c4f199c3-1781804810817-ca993a8c076e
[id-photo-be] compose success
[id-photo] requestId=d6c4f199c3 total=78ms success=true finalImageUrl=/outputs/872b79055eb9475ba5d9b26459ccddb3.jpg?v=d6c4f199c3-1781804810817-ca993a8c076e
INFO:     127.0.0.1:60095 - "POST /api/id-photo/compose HTTP/1.1" 200 OK
INFO:     127.0.0.1:63580 - "GET /outputs/872b79055eb9475ba5d9b26459ccddb3.jpg?v=d6c4f199c3-1781804810817-ca993a8c076e HTTP/1.1" 200 OK
INFO:     127.0.0.1:54517 - "GET /outputs/872b79055eb9475ba5d9b26459ccddb3.jpg?v=d6c4f199c3-1781804810817-ca993a8c076e HTTP/1.1" 200 OK
[id-photo-be] prepare start requestId=c6523f7741
[id-photo] requestId=c6523f7741 step=load_image cost=0ms
[id-photo] requestId=c6523f7741 step=matting cost=10ms
[id-photo-be] faceDetector=None
[id-photo-be] faceCount=None
[id-photo-be] faceBox=None
[id-photo-be] mattingEngine=None
[id-photo-be] rembgModel=None
[id-photo-be] engine=hivision engineVersion=multi-engine-reset-20260613-local model=rmbg-1.4
[id-photo-be] foregroundPath=None
[id-photo-be] maskPath=None
[id-photo-be] cropParams=None
[id-photo-be] prepare success preparedId=0f0c4294-7497-41aa-aae3-4260da8472e6
[id-photo] requestId=c6523f7741 total=9316ms success=true preparedId=0f0c4294-7497-41aa-aae3-4260da8472e6
INFO:     127.0.0.1:63551 - "POST /api/id-photo/prepare HTTP/1.1" 200 OK
[id-photo-be] compose start preparedId=0f0c4294-7497-41aa-aae3-4260da8472e6 requestId=27990e9258
[id-photo] requestId=27990e9258 step=save_output cost=66ms
[id-photo-be] bgColor=None
[id-photo-be] outputSize=None
[id-photo-be] backgroundPureColor=None
[id-photo-be] originalBackgroundRemoved=None
[id-photo-be] usedForegroundPng=None
[id-photo-be] usedOriginalImageDirectly=None
[id-photo-be] engine=hivision engineVersion=multi-engine-reset-20260613-local model=rmbg-1.4
[id-photo-be] finalImageUrl=/outputs/8200ee6af70c4dfc91100b2a5aa2300b.jpg?v=27990e9258-1781804839538-104346a13151
[id-photo-be] compose success
[id-photo] requestId=27990e9258 total=70ms success=true finalImageUrl=/outputs/8200ee6af70c4dfc91100b2a5aa2300b.jpg?v=27990e9258-1781804839538-104346a13151
INFO:     127.0.0.1:59136 - "POST /api/id-photo/compose HTTP/1.1" 200 OK
INFO:     127.0.0.1:63551 - "GET /outputs/8200ee6af70c4dfc91100b2a5aa2300b.jpg?v=27990e9258-1781804839538-104346a13151 HTTP/1.1" 200 OK
INFO:     127.0.0.1:59182 - "GET /outputs/8200ee6af70c4dfc91100b2a5aa2300b.jpg?v=27990e9258-1781804839538-104346a13151 HTTP/1.1" 200 OK
[id-photo-be] compose start preparedId=0f0c4294-7497-41aa-aae3-4260da8472e6 requestId=8ed83e7cbe
[id-photo] requestId=8ed83e7cbe step=save_output cost=87ms
[id-photo-be] bgColor=None
[id-photo-be] outputSize=None
[id-photo-be] backgroundPureColor=None
[id-photo-be] originalBackgroundRemoved=None
[id-photo-be] usedForegroundPng=None
[id-photo-be] usedOriginalImageDirectly=None
[id-photo-be] engine=hivision engineVersion=multi-engine-reset-20260613-local model=rmbg-1.4
[id-photo-be] finalImageUrl=/outputs/78c74f6fccf9465ab826e2207db0180a.jpg?v=8ed83e7cbe-1781804844049-5d8221e085ff
[id-photo-be] compose success
[id-photo] requestId=8ed83e7cbe total=94ms success=true finalImageUrl=/outputs/78c74f6fccf9465ab826e2207db0180a.jpg?v=8ed83e7cbe-1781804844049-5d8221e085ff
INFO:     127.0.0.1:59136 - "POST /api/id-photo/compose HTTP/1.1" 200 OK
INFO:     127.0.0.1:63551 - "GET /outputs/78c74f6fccf9465ab826e2207db0180a.jpg?v=8ed83e7cbe-1781804844049-5d8221e085ff HTTP/1.1" 200 OK
INFO:     127.0.0.1:59182 - "GET /outputs/78c74f6fccf9465ab826e2207db0180a.jpg?v=8ed83e7cbe-1781804844049-5d8221e085ff HTTP/1.1" 200 OK
[id-photo-be] compose start preparedId=0f0c4294-7497-41aa-aae3-4260da8472e6 requestId=f49796a1b6
[id-photo] requestId=f49796a1b6 step=save_output cost=80ms
[id-photo-be] bgColor=None
[id-photo-be] outputSize=None
[id-photo-be] backgroundPureColor=None
[id-photo-be] originalBackgroundRemoved=None
[id-photo-be] usedForegroundPng=None
[id-photo-be] usedOriginalImageDirectly=None
[id-photo-be] engine=hivision engineVersion=multi-engine-reset-20260613-local model=rmbg-1.4
[id-photo-be] finalImageUrl=/outputs/f5ee52a2b72440a19d042940578d6661.jpg?v=f49796a1b6-1781804844440-104346a13151
[id-photo-be] compose success
[id-photo] requestId=f49796a1b6 total=88ms success=true finalImageUrl=/outputs/f5ee52a2b72440a19d042940578d6661.jpg?v=f49796a1b6-1781804844440-104346a13151
INFO:     127.0.0.1:59136 - "POST /api/id-photo/compose HTTP/1.1" 200 OK
INFO:     127.0.0.1:63551 - "GET /outputs/f5ee52a2b72440a19d042940578d6661.jpg?v=f49796a1b6-1781804844440-104346a13151 HTTP/1.1" 200 OK
INFO:     127.0.0.1:59182 - "GET /outputs/f5ee52a2b72440a19d042940578d6661.jpg?v=f49796a1b6-1781804844440-104346a13151 HTTP/1.1" 200 OK
[id-photo-be] prepare start requestId=5b34b80cbe
[id-photo] requestId=5b34b80cbe step=load_image cost=0ms
[id-photo] requestId=5b34b80cbe step=matting cost=10ms
[id-photo-be] faceDetector=None
[id-photo-be] faceCount=None
[id-photo-be] faceBox=None
[id-photo-be] mattingEngine=None
[id-photo-be] rembgModel=None
[id-photo-be] engine=hivision engineVersion=multi-engine-reset-20260613-local model=rmbg-1.4
[id-photo-be] foregroundPath=None
[id-photo-be] maskPath=None
[id-photo-be] cropParams=None
[id-photo-be] prepare success preparedId=3b207756-3cfd-46d1-9ace-e37e59afc26b
[id-photo] requestId=5b34b80cbe total=4819ms success=true preparedId=3b207756-3cfd-46d1-9ace-e37e59afc26b
INFO:     127.0.0.1:59105 - "POST /api/id-photo/prepare HTTP/1.1" 200 OK
[id-photo-be] compose start preparedId=3b207756-3cfd-46d1-9ace-e37e59afc26b requestId=5cc177c381
[id-photo] requestId=5cc177c381 step=save_output cost=80ms
[id-photo-be] bgColor=None
[id-photo-be] outputSize=None
[id-photo-be] backgroundPureColor=None
[id-photo-be] originalBackgroundRemoved=None
[id-photo-be] usedForegroundPng=None
[id-photo-be] usedOriginalImageDirectly=None
[id-photo-be] engine=hivision engineVersion=multi-engine-reset-20260613-local model=rmbg-1.4
[id-photo-be] finalImageUrl=/outputs/f20fdd9a445a48b4a1abf82b9211eb4c.jpg?v=5cc177c381-1781804865218-67a93ad9621c
[id-photo-be] compose success
[id-photo] requestId=5cc177c381 total=86ms success=true finalImageUrl=/outputs/f20fdd9a445a48b4a1abf82b9211eb4c.jpg?v=5cc177c381-1781804865218-67a93ad9621c
INFO:     127.0.0.1:60431 - "POST /api/id-photo/compose HTTP/1.1" 200 OK
INFO:     127.0.0.1:59105 - "GET /outputs/f20fdd9a445a48b4a1abf82b9211eb4c.jpg?v=5cc177c381-1781804865218-67a93ad9621c HTTP/1.1" 200 OK
INFO:     127.0.0.1:58654 - "GET /outputs/f20fdd9a445a48b4a1abf82b9211eb4c.jpg?v=5cc177c381-1781804865218-67a93ad9621c HTTP/1.1" 200 OK
[id-photo-be] prepare start requestId=5dba22e7e6
[id-photo] requestId=5dba22e7e6 step=load_image cost=0ms
[id-photo] requestId=5dba22e7e6 step=matting cost=10ms
[id-photo-be] faceDetector=None
[id-photo-be] faceCount=None
[id-photo-be] faceBox=None
[id-photo-be] mattingEngine=None
[id-photo-be] rembgModel=None
[id-photo-be] engine=hivision engineVersion=multi-engine-reset-20260613-local model=rmbg-1.4
[id-photo-be] foregroundPath=None
[id-photo-be] maskPath=None
[id-photo-be] cropParams=None
[id-photo-be] prepare success preparedId=8c1ca354-2cdc-41e4-ac14-ccc951bd8fd1
[id-photo] requestId=5dba22e7e6 total=4683ms success=true preparedId=8c1ca354-2cdc-41e4-ac14-ccc951bd8fd1
INFO:     127.0.0.1:53455 - "POST /api/id-photo/prepare HTTP/1.1" 200 OK
[id-photo-be] compose start preparedId=8c1ca354-2cdc-41e4-ac14-ccc951bd8fd1 requestId=89d67dc439
[id-photo] requestId=89d67dc439 step=save_output cost=72ms
[id-photo-be] bgColor=None
[id-photo-be] outputSize=None
[id-photo-be] backgroundPureColor=None
[id-photo-be] originalBackgroundRemoved=None
[id-photo-be] usedForegroundPng=None
[id-photo-be] usedOriginalImageDirectly=None
[id-photo-be] engine=hivision engineVersion=multi-engine-reset-20260613-local model=rmbg-1.4
[id-photo-be] finalImageUrl=/outputs/6bb4ce5ca87941d4ba64cfce4cfbadd0.jpg?v=89d67dc439-1781804879435-67a93ad9621c
[id-photo-be] compose success
[id-photo] requestId=89d67dc439 total=76ms success=true finalImageUrl=/outputs/6bb4ce5ca87941d4ba64cfce4cfbadd0.jpg?v=89d67dc439-1781804879435-67a93ad9621c
INFO:     127.0.0.1:49381 - "POST /api/id-photo/compose HTTP/1.1" 200 OK
INFO:     127.0.0.1:53455 - "GET /outputs/6bb4ce5ca87941d4ba64cfce4cfbadd0.jpg?v=89d67dc439-1781804879435-67a93ad9621c HTTP/1.1" 200 OK
INFO:     127.0.0.1:55620 - "GET /outputs/6bb4ce5ca87941d4ba64cfce4cfbadd0.jpg?v=89d67dc439-1781804879435-67a93ad9621c HTTP/1.1" 200 OK
[id-photo-be] prepare start requestId=cd37c3028d
[id-photo] requestId=cd37c3028d step=load_image cost=0ms
[id-photo] requestId=cd37c3028d step=matting cost=10ms
[id-photo-be] faceDetector=None
[id-photo-be] faceCount=None
[id-photo-be] faceBox=None
[id-photo-be] mattingEngine=None
[id-photo-be] rembgModel=None
[id-photo-be] engine=hivision engineVersion=multi-engine-reset-20260613-local model=rmbg-1.4
[id-photo-be] foregroundPath=None
[id-photo-be] maskPath=None
[id-photo-be] cropParams=None
[id-photo-be] prepare success preparedId=955623ae-bd84-4917-a06c-987777e87e4f
[id-photo] requestId=cd37c3028d total=4525ms success=true preparedId=955623ae-bd84-4917-a06c-987777e87e4f
INFO:     127.0.0.1:57500 - "POST /api/id-photo/prepare HTTP/1.1" 200 OK
[id-photo-be] compose start preparedId=955623ae-bd84-4917-a06c-987777e87e4f requestId=09956e1271
[id-photo] requestId=09956e1271 step=save_output cost=64ms
[id-photo-be] bgColor=None
[id-photo-be] outputSize=None
[id-photo-be] backgroundPureColor=None
[id-photo-be] originalBackgroundRemoved=None
[id-photo-be] usedForegroundPng=None
[id-photo-be] usedOriginalImageDirectly=None
[id-photo-be] engine=hivision engineVersion=multi-engine-reset-20260613-local model=rmbg-1.4
[id-photo-be] finalImageUrl=/outputs/cad03302b74e4b58a166d60cdd2dd73d.jpg?v=09956e1271-1781804894406-aac867f4b185
[id-photo-be] compose success
[id-photo] requestId=09956e1271 total=68ms success=true finalImageUrl=/outputs/cad03302b74e4b58a166d60cdd2dd73d.jpg?v=09956e1271-1781804894406-aac867f4b185
INFO:     127.0.0.1:63561 - "POST /api/id-photo/compose HTTP/1.1" 200 OK
INFO:     127.0.0.1:57500 - "GET /outputs/cad03302b74e4b58a166d60cdd2dd73d.jpg?v=09956e1271-1781804894406-aac867f4b185 HTTP/1.1" 200 OK
INFO:     127.0.0.1:55365 - "GET /outputs/cad03302b74e4b58a166d60cdd2dd73d.jpg?v=09956e1271-1781804894406-aac867f4b185 HTTP/1.1" 200 OK
[id-photo-be] prepare start requestId=e9d0b71353
[id-photo] requestId=e9d0b71353 step=load_image cost=0ms
[id-photo] requestId=e9d0b71353 step=matting cost=10ms
[id-photo-be] faceDetector=None
[id-photo-be] faceCount=None
[id-photo-be] faceBox=None
[id-photo-be] mattingEngine=None
[id-photo-be] rembgModel=None
[id-photo-be] engine=hivision engineVersion=multi-engine-reset-20260613-local model=rmbg-1.4
[id-photo-be] foregroundPath=None
[id-photo-be] maskPath=None
[id-photo-be] cropParams=None
[id-photo-be] prepare success preparedId=05e5638e-b04d-419e-98fa-5ff89973bc04
[id-photo] requestId=e9d0b71353 total=4806ms success=true preparedId=05e5638e-b04d-419e-98fa-5ff89973bc04
INFO:     127.0.0.1:50731 - "POST /api/id-photo/prepare HTTP/1.1" 200 OK
[id-photo-be] compose start preparedId=05e5638e-b04d-419e-98fa-5ff89973bc04 requestId=934c6bb5e7
[id-photo] requestId=934c6bb5e7 step=save_output cost=71ms
[id-photo-be] bgColor=None
[id-photo-be] outputSize=None
[id-photo-be] backgroundPureColor=None
[id-photo-be] originalBackgroundRemoved=None
[id-photo-be] usedForegroundPng=None
[id-photo-be] usedOriginalImageDirectly=None
[id-photo-be] engine=hivision engineVersion=multi-engine-reset-20260613-local model=rmbg-1.4
[id-photo-be] finalImageUrl=/outputs/e8ff55afcc5141bca36819b07f33f4ae.jpg?v=934c6bb5e7-1781804934512-81cf8e3edb61
[id-photo-be] compose success
[id-photo] requestId=934c6bb5e7 total=73ms success=true finalImageUrl=/outputs/e8ff55afcc5141bca36819b07f33f4ae.jpg?v=934c6bb5e7-1781804934512-81cf8e3edb61
INFO:     127.0.0.1:55135 - "POST /api/id-photo/compose HTTP/1.1" 200 OK
INFO:     127.0.0.1:50731 - "GET /outputs/e8ff55afcc5141bca36819b07f33f4ae.jpg?v=934c6bb5e7-1781804934512-81cf8e3edb61 HTTP/1.1" 200 OK
INFO:     127.0.0.1:52912 - "GET /outputs/e8ff55afcc5141bca36819b07f33f4ae.jpg?v=934c6bb5e7-1781804934512-81cf8e3edb61 HTTP/1.1" 200 OK
[id-photo-be] prepare start requestId=41b7f61797
[id-photo] requestId=41b7f61797 step=load_image cost=0ms
[id-photo] requestId=41b7f61797 step=matting cost=10ms
[id-photo-be] faceDetector=None
[id-photo-be] faceCount=None
[id-photo-be] faceBox=None
[id-photo-be] mattingEngine=None
[id-photo-be] rembgModel=None
[id-photo-be] engine=hivision engineVersion=multi-engine-reset-20260613-local model=rmbg-1.4
[id-photo-be] foregroundPath=None
[id-photo-be] maskPath=None
[id-photo-be] cropParams=None
[id-photo-be] prepare success preparedId=222ac2cf-c73a-476a-8583-e5c1108a3750
[id-photo] requestId=41b7f61797 total=4774ms success=true preparedId=222ac2cf-c73a-476a-8583-e5c1108a3750
INFO:     127.0.0.1:60720 - "POST /api/id-photo/prepare HTTP/1.1" 200 OK
[id-photo-be] compose start preparedId=222ac2cf-c73a-476a-8583-e5c1108a3750 requestId=a370c3b142
[id-photo] requestId=a370c3b142 step=save_output cost=80ms
[id-photo-be] bgColor=None
[id-photo-be] outputSize=None
[id-photo-be] backgroundPureColor=None
[id-photo-be] originalBackgroundRemoved=None
[id-photo-be] usedForegroundPng=None
[id-photo-be] usedOriginalImageDirectly=None
[id-photo-be] engine=hivision engineVersion=multi-engine-reset-20260613-local model=rmbg-1.4
[id-photo-be] finalImageUrl=/outputs/99c9d68685b844028e585fafda893c99.jpg?v=a370c3b142-1781805122647-73944f7a14f5
[id-photo-be] compose success
[id-photo] requestId=a370c3b142 total=83ms success=true finalImageUrl=/outputs/99c9d68685b844028e585fafda893c99.jpg?v=a370c3b142-1781805122647-73944f7a14f5
INFO:     127.0.0.1:57009 - "POST /api/id-photo/compose HTTP/1.1" 200 OK
INFO:     127.0.0.1:60720 - "GET /outputs/99c9d68685b844028e585fafda893c99.jpg?v=a370c3b142-1781805122647-73944f7a14f5 HTTP/1.1" 200 OK
INFO:     127.0.0.1:55067 - "GET /outputs/99c9d68685b844028e585fafda893c99.jpg?v=a370c3b142-1781805122647-73944f7a14f5 HTTP/1.1" 200 OK
INFO:     127.0.0.1:59786 - "GET /api/watermark/health HTTP/1.1" 200 OK
INFO:     127.0.0.1:54892 - "GET /api/watermark/health HTTP/1.1" 200 OK
[id-photo-be] prepare start requestId=6a8ffe37d3
[id-photo] requestId=6a8ffe37d3 step=load_image cost=0ms
[id-photo] requestId=6a8ffe37d3 step=matting cost=10ms
[id-photo-be] faceDetector=None
[id-photo-be] faceCount=None
[id-photo-be] faceBox=None
[id-photo-be] mattingEngine=None
[id-photo-be] rembgModel=None
[id-photo-be] engine=hivision engineVersion=multi-engine-reset-20260613-local model=rmbg-1.4
[id-photo-be] foregroundPath=None
[id-photo-be] maskPath=None
[id-photo-be] cropParams=None
[id-photo-be] prepare success preparedId=17f256f6-1b0c-46cb-aa05-769a392ed25d
[id-photo] requestId=6a8ffe37d3 total=5784ms success=true preparedId=17f256f6-1b0c-46cb-aa05-769a392ed25d
INFO:     127.0.0.1:55175 - "POST /api/id-photo/prepare HTTP/1.1" 200 OK
[id-photo-be] compose start preparedId=17f256f6-1b0c-46cb-aa05-769a392ed25d requestId=b16e7cc2bf
[id-photo] requestId=b16e7cc2bf step=save_output cost=82ms
[id-photo-be] bgColor=None
[id-photo-be] outputSize=None
[id-photo-be] backgroundPureColor=None
[id-photo-be] originalBackgroundRemoved=None
[id-photo-be] usedForegroundPng=None
[id-photo-be] usedOriginalImageDirectly=None
[id-photo-be] engine=hivision engineVersion=multi-engine-reset-20260613-local model=rmbg-1.4
[id-photo-be] finalImageUrl=/outputs/4556dd1bdf4d4cf4bf4a3ede93a59784.jpg?v=b16e7cc2bf-1781805654446-73944f7a14f5
[id-photo-be] compose success
[id-photo] requestId=b16e7cc2bf total=86ms success=true finalImageUrl=/outputs/4556dd1bdf4d4cf4bf4a3ede93a59784.jpg?v=b16e7cc2bf-1781805654446-73944f7a14f5
INFO:     127.0.0.1:63530 - "POST /api/id-photo/compose HTTP/1.1" 200 OK
INFO:     127.0.0.1:55175 - "GET /outputs/4556dd1bdf4d4cf4bf4a3ede93a59784.jpg?v=b16e7cc2bf-1781805654446-73944f7a14f5 HTTP/1.1" 200 OK
INFO:     127.0.0.1:58986 - "GET /outputs/4556dd1bdf4d4cf4bf4a3ede93a59784.jpg?v=b16e7cc2bf-1781805654446-73944f7a14f5 HTTP/1.1" 200 OK
[id-photo-be] prepare start requestId=a2aa1821e9
[id-photo] requestId=a2aa1821e9 step=load_image cost=0ms
[id-photo] requestId=a2aa1821e9 step=matting cost=10ms
[id-photo-be] faceDetector=None
[id-photo-be] faceCount=None
[id-photo-be] faceBox=None
[id-photo-be] mattingEngine=None
[id-photo-be] rembgModel=None
[id-photo-be] engine=hivision engineVersion=multi-engine-reset-20260613-local model=rmbg-1.4
[id-photo-be] foregroundPath=None
[id-photo-be] maskPath=None
[id-photo-be] cropParams=None
[id-photo-be] prepare success preparedId=6c1fb75d-301f-4f60-aaaa-9f78d5446352
[id-photo] requestId=a2aa1821e9 total=5062ms success=true preparedId=6c1fb75d-301f-4f60-aaaa-9f78d5446352
INFO:     127.0.0.1:62972 - "POST /api/id-photo/prepare HTTP/1.1" 200 OK
[id-photo-be] compose start preparedId=6c1fb75d-301f-4f60-aaaa-9f78d5446352 requestId=b125c48ced
[id-photo] requestId=b125c48ced step=save_output cost=83ms
[id-photo-be] bgColor=None
[id-photo-be] outputSize=None
[id-photo-be] backgroundPureColor=None
[id-photo-be] originalBackgroundRemoved=None
[id-photo-be] usedForegroundPng=None
[id-photo-be] usedOriginalImageDirectly=None
[id-photo-be] engine=hivision engineVersion=multi-engine-reset-20260613-local model=rmbg-1.4
[id-photo-be] finalImageUrl=/outputs/644b905fb9dc4ecda0632aeb805a4bb9.jpg?v=b125c48ced-1781805671171-c003e2d002e4
[id-photo-be] compose success
[id-photo] requestId=b125c48ced total=86ms success=true finalImageUrl=/outputs/644b905fb9dc4ecda0632aeb805a4bb9.jpg?v=b125c48ced-1781805671171-c003e2d002e4
INFO:     127.0.0.1:65102 - "POST /api/id-photo/compose HTTP/1.1" 200 OK
INFO:     127.0.0.1:62972 - "GET /outputs/644b905fb9dc4ecda0632aeb805a4bb9.jpg?v=b125c48ced-1781805671171-c003e2d002e4 HTTP/1.1" 200 OK
INFO:     127.0.0.1:61045 - "GET /outputs/644b905fb9dc4ecda0632aeb805a4bb9.jpg?v=b125c48ced-1781805671171-c003e2d002e4 HTTP/1.1" 200 OK
INFO:     127.0.0.1:64344 - "GET /api/health HTTP/1.1" 200 OK
[id-photo-be] prepare start requestId=7e996d3887
[id-photo] requestId=7e996d3887 step=load_image cost=0ms
[id-photo] requestId=7e996d3887 step=matting cost=10ms
[id-photo-be] faceDetector=None
[id-photo-be] faceCount=None
[id-photo-be] faceBox=None
[id-photo-be] mattingEngine=None
[id-photo-be] rembgModel=None
[id-photo-be] engine=hivision engineVersion=multi-engine-reset-20260613-local model=rmbg-1.4
[id-photo-be] foregroundPath=None
[id-photo-be] maskPath=None
[id-photo-be] cropParams=None
[id-photo-be] prepare success preparedId=64c93e9a-5f23-4afe-9cd7-943062beb543
[id-photo] requestId=7e996d3887 total=6741ms success=true preparedId=64c93e9a-5f23-4afe-9cd7-943062beb543
INFO:     127.0.0.1:64345 - "POST /api/id-photo/prepare HTTP/1.1" 200 OK
[id-photo-be] compose start preparedId=64c93e9a-5f23-4afe-9cd7-943062beb543 requestId=b70d39e525
[id-photo] requestId=b70d39e525 step=save_output cost=90ms
[id-photo-be] bgColor=None
[id-photo-be] outputSize=None
[id-photo-be] backgroundPureColor=None
[id-photo-be] originalBackgroundRemoved=None
[id-photo-be] usedForegroundPng=None
[id-photo-be] usedOriginalImageDirectly=None
[id-photo-be] engine=hivision engineVersion=multi-engine-reset-20260613-local model=rmbg-1.4
[id-photo-be] finalImageUrl=/outputs/c154582095f04a24aeb372f6a675007b.jpg?v=b70d39e525-1781848490383-82d78c3a8df5
[id-photo-be] compose success
[id-photo] requestId=b70d39e525 total=94ms success=true finalImageUrl=/outputs/c154582095f04a24aeb372f6a675007b.jpg?v=b70d39e525-1781848490383-82d78c3a8df5
INFO:     127.0.0.1:59833 - "POST /api/id-photo/compose HTTP/1.1" 200 OK
INFO:     127.0.0.1:59834 - "GET /outputs/c154582095f04a24aeb372f6a675007b.jpg?v=b70d39e525-1781848490383-82d78c3a8df5 HTTP/1.1" 200 OK
[id-photo-be] prepare start requestId=20322ab696
[id-photo] requestId=20322ab696 step=load_image cost=0ms
[id-photo] requestId=20322ab696 step=matting cost=10ms
[id-photo-be] faceDetector=None
[id-photo-be] faceCount=None
[id-photo-be] faceBox=None
[id-photo-be] mattingEngine=None
[id-photo-be] rembgModel=None
[id-photo-be] engine=hivision engineVersion=multi-engine-reset-20260613-local model=rmbg-1.4
[id-photo-be] foregroundPath=None
[id-photo-be] maskPath=None
[id-photo-be] cropParams=None
[id-photo-be] prepare success preparedId=912ca40a-9c9e-4bca-88e3-5843bfa0aeeb
[id-photo] requestId=20322ab696 total=6689ms success=true preparedId=912ca40a-9c9e-4bca-88e3-5843bfa0aeeb
INFO:     127.0.0.1:59835 - "POST /api/id-photo/prepare HTTP/1.1" 200 OK
[id-photo-be] compose start preparedId=912ca40a-9c9e-4bca-88e3-5843bfa0aeeb requestId=43c0a9fe9c
[id-photo] requestId=43c0a9fe9c step=save_output cost=59ms
[id-photo-be] bgColor=None
[id-photo-be] outputSize=None
[id-photo-be] backgroundPureColor=None
[id-photo-be] originalBackgroundRemoved=None
[id-photo-be] usedForegroundPng=None
[id-photo-be] usedOriginalImageDirectly=None
[id-photo-be] engine=hivision engineVersion=multi-engine-reset-20260613-local model=rmbg-1.4
[id-photo-be] finalImageUrl=/outputs/86faa32d5c014810bb6d82afbd6c97c3.jpg?v=43c0a9fe9c-1781848497204-3eb282db406c
[id-photo-be] compose success
[id-photo] requestId=43c0a9fe9c total=63ms success=true finalImageUrl=/outputs/86faa32d5c014810bb6d82afbd6c97c3.jpg?v=43c0a9fe9c-1781848497204-3eb282db406c
INFO:     127.0.0.1:63733 - "POST /api/id-photo/compose HTTP/1.1" 200 OK
INFO:     127.0.0.1:63734 - "GET /outputs/86faa32d5c014810bb6d82afbd6c97c3.jpg?v=43c0a9fe9c-1781848497204-3eb282db406c HTTP/1.1" 200 OK
[id-photo-be] compose start preparedId=912ca40a-9c9e-4bca-88e3-5843bfa0aeeb requestId=40a97d1d7f
[id-photo] requestId=40a97d1d7f step=save_output cost=78ms
[id-photo-be] bgColor=None
[id-photo-be] outputSize=None
[id-photo-be] backgroundPureColor=None
[id-photo-be] originalBackgroundRemoved=None
[id-photo-be] usedForegroundPng=None
[id-photo-be] usedOriginalImageDirectly=None
[id-photo-be] engine=hivision engineVersion=multi-engine-reset-20260613-local model=rmbg-1.4
[id-photo-be] finalImageUrl=/outputs/c059916c2e7c49daa6d4919df6fb46e1.jpg?v=40a97d1d7f-1781848497282-35b5ac7c2ceb
[id-photo-be] compose success
[id-photo] requestId=40a97d1d7f total=80ms success=true finalImageUrl=/outputs/c059916c2e7c49daa6d4919df6fb46e1.jpg?v=40a97d1d7f-1781848497282-35b5ac7c2ceb
INFO:     127.0.0.1:63735 - "POST /api/id-photo/compose HTTP/1.1" 200 OK
INFO:     127.0.0.1:63736 - "GET /outputs/c059916c2e7c49daa6d4919df6fb46e1.jpg?v=40a97d1d7f-1781848497282-35b5ac7c2ceb HTTP/1.1" 200 OK
[id-photo-be] prepare start requestId=bb1736e697
[id-photo] requestId=bb1736e697 step=load_image cost=0ms
[id-photo] requestId=bb1736e697 step=matting cost=10ms
[id-photo-be] faceDetector=None
[id-photo-be] faceCount=None
[id-photo-be] faceBox=None
[id-photo-be] mattingEngine=None
[id-photo-be] rembgModel=None
[id-photo-be] engine=hivision engineVersion=multi-engine-reset-20260613-local model=rmbg-1.4
[id-photo-be] foregroundPath=None
[id-photo-be] maskPath=None
[id-photo-be] cropParams=None
[id-photo-be] prepare success preparedId=eb1c177e-de67-4349-88fc-c2ed3099e0d1
[id-photo] requestId=bb1736e697 total=5204ms success=true preparedId=eb1c177e-de67-4349-88fc-c2ed3099e0d1
INFO:     127.0.0.1:63737 - "POST /api/id-photo/prepare HTTP/1.1" 200 OK
[id-photo-be] compose start preparedId=eb1c177e-de67-4349-88fc-c2ed3099e0d1 requestId=822336c225
[id-photo] requestId=822336c225 step=save_output cost=82ms
[id-photo-be] bgColor=None
[id-photo-be] outputSize=None
[id-photo-be] backgroundPureColor=None
[id-photo-be] originalBackgroundRemoved=None
[id-photo-be] usedForegroundPng=None
[id-photo-be] usedOriginalImageDirectly=None
[id-photo-be] engine=hivision engineVersion=multi-engine-reset-20260613-local model=rmbg-1.4
[id-photo-be] finalImageUrl=/outputs/e8b4559f3e99435e9bbb092b6b8bf147.jpg?v=822336c225-1781848502638-265d8732b5ba
[id-photo-be] compose success
[id-photo] requestId=822336c225 total=85ms success=true finalImageUrl=/outputs/e8b4559f3e99435e9bbb092b6b8bf147.jpg?v=822336c225-1781848502638-265d8732b5ba
INFO:     127.0.0.1:56648 - "POST /api/id-photo/compose HTTP/1.1" 200 OK
INFO:     127.0.0.1:56649 - "GET /outputs/e8b4559f3e99435e9bbb092b6b8bf147.jpg?v=822336c225-1781848502638-265d8732b5ba HTTP/1.1" 200 OK
[id-photo-be] prepare start requestId=bb8da21264
[id-photo] requestId=bb8da21264 step=load_image cost=0ms
[id-photo] requestId=bb8da21264 step=matting cost=10ms
[id-photo-be] faceDetector=None
[id-photo-be] faceCount=None
[id-photo-be] faceBox=None
[id-photo-be] mattingEngine=None
[id-photo-be] rembgModel=None
[id-photo-be] engine=hivision engineVersion=multi-engine-reset-20260613-local model=rmbg-1.4
[id-photo-be] foregroundPath=None
[id-photo-be] maskPath=None
[id-photo-be] cropParams=None
[id-photo-be] prepare success preparedId=87bd7780-5160-4f12-ac0e-a7cc722a152a
[id-photo] requestId=bb8da21264 total=5569ms success=true preparedId=87bd7780-5160-4f12-ac0e-a7cc722a152a
INFO:     127.0.0.1:56650 - "POST /api/id-photo/prepare HTTP/1.1" 200 OK
[id-photo-be] compose start preparedId=87bd7780-5160-4f12-ac0e-a7cc722a152a requestId=de667f6534
[id-photo] requestId=de667f6534 step=save_output cost=50ms
[id-photo-be] bgColor=None
[id-photo-be] outputSize=None
[id-photo-be] backgroundPureColor=None
[id-photo-be] originalBackgroundRemoved=None
[id-photo-be] usedForegroundPng=None
[id-photo-be] usedOriginalImageDirectly=None
[id-photo-be] engine=hivision engineVersion=multi-engine-reset-20260613-local model=rmbg-1.4
[id-photo-be] finalImageUrl=/outputs/cfb57badc72e4dd5ba92ade1dfb5053e.jpg?v=de667f6534-1781848508378-862fb20dd30f
[id-photo-be] compose success
[id-photo] requestId=de667f6534 total=54ms success=true finalImageUrl=/outputs/cfb57badc72e4dd5ba92ade1dfb5053e.jpg?v=de667f6534-1781848508378-862fb20dd30f
INFO:     127.0.0.1:62162 - "POST /api/id-photo/compose HTTP/1.1" 200 OK
INFO:     127.0.0.1:62163 - "GET /outputs/cfb57badc72e4dd5ba92ade1dfb5053e.jpg?v=de667f6534-1781848508378-862fb20dd30f HTTP/1.1" 200 OK
[id-photo-be] compose start preparedId=87bd7780-5160-4f12-ac0e-a7cc722a152a requestId=5e0df80a2a
[id-photo] requestId=5e0df80a2a step=save_output cost=51ms
[id-photo-be] bgColor=None
[id-photo-be] outputSize=None
[id-photo-be] backgroundPureColor=None
[id-photo-be] originalBackgroundRemoved=None
[id-photo-be] usedForegroundPng=None
[id-photo-be] usedOriginalImageDirectly=None
[id-photo-be] engine=hivision engineVersion=multi-engine-reset-20260613-local model=rmbg-1.4
[id-photo-be] finalImageUrl=/outputs/1bdd9dc3943e44578521431b92943f98.jpg?v=5e0df80a2a-1781848508457-5d46c2e47964
[id-photo-be] compose success
[id-photo] requestId=5e0df80a2a total=53ms success=true finalImageUrl=/outputs/1bdd9dc3943e44578521431b92943f98.jpg?v=5e0df80a2a-1781848508457-5d46c2e47964
INFO:     127.0.0.1:62164 - "POST /api/id-photo/compose HTTP/1.1" 200 OK
INFO:     127.0.0.1:62169 - "GET /outputs/1bdd9dc3943e44578521431b92943f98.jpg?v=5e0df80a2a-1781848508457-5d46c2e47964 HTTP/1.1" 200 OK
[id-photo-be] prepare start requestId=3664f96df5
[id-photo] requestId=3664f96df5 step=load_image cost=0ms
[id-photo] requestId=3664f96df5 step=matting cost=10ms
[id-photo-be] faceDetector=None
[id-photo-be] faceCount=None
[id-photo-be] faceBox=None
[id-photo-be] mattingEngine=None
[id-photo-be] rembgModel=None
[id-photo-be] engine=hivision engineVersion=multi-engine-reset-20260613-local model=rmbg-1.4
[id-photo-be] foregroundPath=None
[id-photo-be] maskPath=None
[id-photo-be] cropParams=None
[id-photo-be] prepare success preparedId=0fcc8121-619f-465b-97a9-4a83b0e1fb20
[id-photo] requestId=3664f96df5 total=6831ms success=true preparedId=0fcc8121-619f-465b-97a9-4a83b0e1fb20
INFO:     127.0.0.1:62172 - "POST /api/id-photo/prepare HTTP/1.1" 200 OK
[id-photo-be] compose start preparedId=0fcc8121-619f-465b-97a9-4a83b0e1fb20 requestId=ad8b61c298
[id-photo] requestId=ad8b61c298 step=save_output cost=49ms
[id-photo-be] bgColor=None
[id-photo-be] outputSize=None
[id-photo-be] backgroundPureColor=None
[id-photo-be] originalBackgroundRemoved=None
[id-photo-be] usedForegroundPng=None
[id-photo-be] usedOriginalImageDirectly=None
[id-photo-be] engine=hivision engineVersion=multi-engine-reset-20260613-local model=rmbg-1.4
[id-photo-be] finalImageUrl=/outputs/ffb1a34d35c44e5081a62bf84a23073f.jpg?v=ad8b61c298-1781848515412-fdec0a5904af
[id-photo-be] compose success
[id-photo] requestId=ad8b61c298 total=53ms success=true finalImageUrl=/outputs/ffb1a34d35c44e5081a62bf84a23073f.jpg?v=ad8b61c298-1781848515412-fdec0a5904af
INFO:     127.0.0.1:54062 - "POST /api/id-photo/compose HTTP/1.1" 200 OK
INFO:     127.0.0.1:54063 - "GET /outputs/ffb1a34d35c44e5081a62bf84a23073f.jpg?v=ad8b61c298-1781848515412-fdec0a5904af HTTP/1.1" 200 OK
[id-photo-be] compose start preparedId=0fcc8121-619f-465b-97a9-4a83b0e1fb20 requestId=a3ac9fc10b
[id-photo] requestId=a3ac9fc10b step=save_output cost=51ms
[id-photo-be] bgColor=None
[id-photo-be] outputSize=None
[id-photo-be] backgroundPureColor=None
[id-photo-be] originalBackgroundRemoved=None
[id-photo-be] usedForegroundPng=None
[id-photo-be] usedOriginalImageDirectly=None
[id-photo-be] engine=hivision engineVersion=multi-engine-reset-20260613-local model=rmbg-1.4
[id-photo-be] finalImageUrl=/outputs/c7f6fb0b09834689852e2931cf9abf9b.jpg?v=a3ac9fc10b-1781848515518-a1cd8262e612
[id-photo-be] compose success
[id-photo] requestId=a3ac9fc10b total=54ms success=true finalImageUrl=/outputs/c7f6fb0b09834689852e2931cf9abf9b.jpg?v=a3ac9fc10b-1781848515518-a1cd8262e612
INFO:     127.0.0.1:54064 - "POST /api/id-photo/compose HTTP/1.1" 200 OK
INFO:     127.0.0.1:54065 - "GET /outputs/c7f6fb0b09834689852e2931cf9abf9b.jpg?v=a3ac9fc10b-1781848515518-a1cd8262e612 HTTP/1.1" 200 OK
[id-photo-be] compose start preparedId=0fcc8121-619f-465b-97a9-4a83b0e1fb20 requestId=9799a1ef95
[id-photo] requestId=9799a1ef95 step=save_output cost=52ms
[id-photo-be] bgColor=None
[id-photo-be] outputSize=None
[id-photo-be] backgroundPureColor=None
[id-photo-be] originalBackgroundRemoved=None
[id-photo-be] usedForegroundPng=None
[id-photo-be] usedOriginalImageDirectly=None
[id-photo-be] engine=hivision engineVersion=multi-engine-reset-20260613-local model=rmbg-1.4
[id-photo-be] finalImageUrl=/outputs/5d9405eb7f904bdc844b71952d6dc511.jpg?v=9799a1ef95-1781848515612-12a0439dd397
[id-photo-be] compose success
[id-photo] requestId=9799a1ef95 total=54ms success=true finalImageUrl=/outputs/5d9405eb7f904bdc844b71952d6dc511.jpg?v=9799a1ef95-1781848515612-12a0439dd397
INFO:     127.0.0.1:54066 - "POST /api/id-photo/compose HTTP/1.1" 200 OK
INFO:     127.0.0.1:54067 - "GET /outputs/5d9405eb7f904bdc844b71952d6dc511.jpg?v=9799a1ef95-1781848515612-12a0439dd397 HTTP/1.1" 200 OK
[id-photo-be] compose start preparedId=0fcc8121-619f-465b-97a9-4a83b0e1fb20 requestId=83d06bcf89
[id-photo] requestId=83d06bcf89 step=save_output cost=50ms
[id-photo-be] bgColor=None
[id-photo-be] outputSize=None
[id-photo-be] backgroundPureColor=None
[id-photo-be] originalBackgroundRemoved=None
[id-photo-be] usedForegroundPng=None
[id-photo-be] usedOriginalImageDirectly=None
[id-photo-be] engine=hivision engineVersion=multi-engine-reset-20260613-local model=rmbg-1.4
[id-photo-be] finalImageUrl=/outputs/f5c7963226b04f16a68d35b26305b28c.jpg?v=83d06bcf89-1781848515680-60848b443c6e
[id-photo-be] compose success
[id-photo] requestId=83d06bcf89 total=52ms success=true finalImageUrl=/outputs/f5c7963226b04f16a68d35b26305b28c.jpg?v=83d06bcf89-1781848515680-60848b443c6e
INFO:     127.0.0.1:54068 - "POST /api/id-photo/compose HTTP/1.1" 200 OK
INFO:     127.0.0.1:54069 - "GET /outputs/f5c7963226b04f16a68d35b26305b28c.jpg?v=83d06bcf89-1781848515680-60848b443c6e HTTP/1.1" 200 OK
[id-photo-be] compose start preparedId=0fcc8121-619f-465b-97a9-4a83b0e1fb20 requestId=1f3314e848
[id-photo] requestId=1f3314e848 step=save_output cost=52ms
[id-photo-be] bgColor=None
[id-photo-be] outputSize=None
[id-photo-be] backgroundPureColor=None
[id-photo-be] originalBackgroundRemoved=None
[id-photo-be] usedForegroundPng=None
[id-photo-be] usedOriginalImageDirectly=None
[id-photo-be] engine=hivision engineVersion=multi-engine-reset-20260613-local model=rmbg-1.4
[id-photo-be] finalImageUrl=/outputs/7693f373bf364c9e9557030286d84345.jpg?v=1f3314e848-1781848515767-e793079161d0
[id-photo-be] compose success
[id-photo] requestId=1f3314e848 total=55ms success=true finalImageUrl=/outputs/7693f373bf364c9e9557030286d84345.jpg?v=1f3314e848-1781848515767-e793079161d0
INFO:     127.0.0.1:54070 - "POST /api/id-photo/compose HTTP/1.1" 200 OK
INFO:     127.0.0.1:54071 - "GET /outputs/7693f373bf364c9e9557030286d84345.jpg?v=1f3314e848-1781848515767-e793079161d0 HTTP/1.1" 200 OK
[id-photo-be] prepare start requestId=878a541117
[id-photo] requestId=878a541117 step=load_image cost=0ms
[id-photo] requestId=878a541117 step=matting cost=10ms
[id-photo-be] faceDetector=None
[id-photo-be] faceCount=None
[id-photo-be] faceBox=None
[id-photo-be] mattingEngine=None
[id-photo-be] rembgModel=None
[id-photo-be] engine=hivision engineVersion=multi-engine-reset-20260613-local model=rmbg-1.4
[id-photo-be] foregroundPath=None
[id-photo-be] maskPath=None
[id-photo-be] cropParams=None
[id-photo-be] prepare success preparedId=1c4486fe-ac46-4f71-b073-3c2a8b90b10f
[id-photo] requestId=878a541117 total=6643ms success=true preparedId=1c4486fe-ac46-4f71-b073-3c2a8b90b10f
INFO:     127.0.0.1:54072 - "POST /api/id-photo/prepare HTTP/1.1" 200 OK
[id-photo-be] compose start preparedId=1c4486fe-ac46-4f71-b073-3c2a8b90b10f requestId=a787374144
[id-photo] requestId=a787374144 step=save_output cost=47ms
[id-photo-be] bgColor=None
[id-photo-be] outputSize=None
[id-photo-be] backgroundPureColor=None
[id-photo-be] originalBackgroundRemoved=None
[id-photo-be] usedForegroundPng=None
[id-photo-be] usedOriginalImageDirectly=None
[id-photo-be] engine=hivision engineVersion=multi-engine-reset-20260613-local model=rmbg-1.4
[id-photo-be] finalImageUrl=/outputs/e3c87276c3f3460084df02a779bb7917.jpg?v=a787374144-1781848522495-5f49d177ca3e
[id-photo-be] compose success
[id-photo] requestId=a787374144 total=50ms success=true finalImageUrl=/outputs/e3c87276c3f3460084df02a779bb7917.jpg?v=a787374144-1781848522495-5f49d177ca3e
INFO:     127.0.0.1:51123 - "POST /api/id-photo/compose HTTP/1.1" 200 OK
INFO:     127.0.0.1:51124 - "GET /outputs/e3c87276c3f3460084df02a779bb7917.jpg?v=a787374144-1781848522495-5f49d177ca3e HTTP/1.1" 200 OK
[id-photo-be] compose start preparedId=1c4486fe-ac46-4f71-b073-3c2a8b90b10f requestId=c4b6278641
[id-photo] requestId=c4b6278641 step=save_output cost=48ms
[id-photo-be] bgColor=None
[id-photo-be] outputSize=None
[id-photo-be] backgroundPureColor=None
[id-photo-be] originalBackgroundRemoved=None
[id-photo-be] usedForegroundPng=None
[id-photo-be] usedOriginalImageDirectly=None
[id-photo-be] engine=hivision engineVersion=multi-engine-reset-20260613-local model=rmbg-1.4
[id-photo-be] finalImageUrl=/outputs/e09421e65efc4b59babb1c35ef3717be.jpg?v=c4b6278641-1781848522596-a16a75ca72c9
[id-photo-be] compose success
[id-photo] requestId=c4b6278641 total=51ms success=true finalImageUrl=/outputs/e09421e65efc4b59babb1c35ef3717be.jpg?v=c4b6278641-1781848522596-a16a75ca72c9
INFO:     127.0.0.1:51125 - "POST /api/id-photo/compose HTTP/1.1" 200 OK
INFO:     127.0.0.1:51126 - "GET /outputs/e09421e65efc4b59babb1c35ef3717be.jpg?v=c4b6278641-1781848522596-a16a75ca72c9 HTTP/1.1" 200 OK
[id-photo-be] prepare start requestId=8df2b72e60
[id-photo] requestId=8df2b72e60 step=load_image cost=0ms
[id-photo] requestId=8df2b72e60 step=matting cost=10ms
[id-photo-be] faceDetector=None
[id-photo-be] faceCount=None
[id-photo-be] faceBox=None
[id-photo-be] mattingEngine=None
[id-photo-be] rembgModel=None
[id-photo-be] engine=hivision engineVersion=multi-engine-reset-20260613-local model=rmbg-1.4
[id-photo-be] foregroundPath=None
[id-photo-be] maskPath=None
[id-photo-be] cropParams=None
[id-photo-be] prepare success preparedId=a038c48b-e2a7-4fe2-8908-82828f6ea29d
[id-photo] requestId=8df2b72e60 total=5411ms success=true preparedId=a038c48b-e2a7-4fe2-8908-82828f6ea29d
INFO:     127.0.0.1:51128 - "POST /api/id-photo/prepare HTTP/1.1" 200 OK
[id-photo-be] compose start preparedId=a038c48b-e2a7-4fe2-8908-82828f6ea29d requestId=b18f4e00c6
[id-photo] requestId=b18f4e00c6 step=save_output cost=50ms
[id-photo-be] bgColor=None
[id-photo-be] outputSize=None
[id-photo-be] backgroundPureColor=None
[id-photo-be] originalBackgroundRemoved=None
[id-photo-be] usedForegroundPng=None
[id-photo-be] usedOriginalImageDirectly=None
[id-photo-be] engine=hivision engineVersion=multi-engine-reset-20260613-local model=rmbg-1.4
[id-photo-be] finalImageUrl=/outputs/817c807b6e53422a852eb43857024f95.jpg?v=b18f4e00c6-1781848528143-48719b910856
[id-photo-be] compose success
[id-photo] requestId=b18f4e00c6 total=52ms success=true finalImageUrl=/outputs/817c807b6e53422a852eb43857024f95.jpg?v=b18f4e00c6-1781848528143-48719b910856
INFO:     127.0.0.1:62011 - "POST /api/id-photo/compose HTTP/1.1" 200 OK
INFO:     127.0.0.1:62012 - "GET /outputs/817c807b6e53422a852eb43857024f95.jpg?v=b18f4e00c6-1781848528143-48719b910856 HTTP/1.1" 200 OK
[id-photo-be] compose start preparedId=a038c48b-e2a7-4fe2-8908-82828f6ea29d requestId=fbfb5110ec
[id-photo] requestId=fbfb5110ec step=save_output cost=51ms
[id-photo-be] bgColor=None
[id-photo-be] outputSize=None
[id-photo-be] backgroundPureColor=None
[id-photo-be] originalBackgroundRemoved=None
[id-photo-be] usedForegroundPng=None
[id-photo-be] usedOriginalImageDirectly=None
[id-photo-be] engine=hivision engineVersion=multi-engine-reset-20260613-local model=rmbg-1.4
[id-photo-be] finalImageUrl=/outputs/13c1c9124614440c80e3c63e422a76ca.jpg?v=fbfb5110ec-1781848528242-75209a894588
[id-photo-be] compose success
[id-photo] requestId=fbfb5110ec total=53ms success=true finalImageUrl=/outputs/13c1c9124614440c80e3c63e422a76ca.jpg?v=fbfb5110ec-1781848528242-75209a894588
INFO:     127.0.0.1:62013 - "POST /api/id-photo/compose HTTP/1.1" 200 OK
INFO:     127.0.0.1:62014 - "GET /outputs/13c1c9124614440c80e3c63e422a76ca.jpg?v=fbfb5110ec-1781848528242-75209a894588 HTTP/1.1" 200 OK
[id-photo-be] prepare start requestId=884d051cca
[id-photo] requestId=884d051cca step=load_image cost=0ms
[id-photo] requestId=884d051cca step=matting cost=10ms
[id-photo-be] faceDetector=None
[id-photo-be] faceCount=None
[id-photo-be] faceBox=None
[id-photo-be] mattingEngine=None
[id-photo-be] rembgModel=None
[id-photo-be] engine=hivision engineVersion=multi-engine-reset-20260613-local model=rmbg-1.4
[id-photo-be] foregroundPath=None
[id-photo-be] maskPath=None
[id-photo-be] cropParams=None
[id-photo-be] prepare success preparedId=3d2d35cc-4192-4e61-b13b-a347fc8329eb
[id-photo] requestId=884d051cca total=4594ms success=true preparedId=3d2d35cc-4192-4e61-b13b-a347fc8329eb
INFO:     127.0.0.1:62015 - "POST /api/id-photo/prepare HTTP/1.1" 200 OK
[id-photo-be] compose start preparedId=3d2d35cc-4192-4e61-b13b-a347fc8329eb requestId=f79529d510
[id-photo] requestId=f79529d510 step=save_output cost=49ms
[id-photo-be] bgColor=None
[id-photo-be] outputSize=None
[id-photo-be] backgroundPureColor=None
[id-photo-be] originalBackgroundRemoved=None
[id-photo-be] usedForegroundPng=None
[id-photo-be] usedOriginalImageDirectly=None
[id-photo-be] engine=hivision engineVersion=multi-engine-reset-20260613-local model=rmbg-1.4
[id-photo-be] finalImageUrl=/outputs/8cce60365e93459ab67450e391b65abf.jpg?v=f79529d510-1781848532938-266c9cf333c9
[id-photo-be] compose success
[id-photo] requestId=f79529d510 total=52ms success=true finalImageUrl=/outputs/8cce60365e93459ab67450e391b65abf.jpg?v=f79529d510-1781848532938-266c9cf333c9
INFO:     127.0.0.1:61843 - "POST /api/id-photo/compose HTTP/1.1" 200 OK
INFO:     127.0.0.1:61844 - "GET /outputs/8cce60365e93459ab67450e391b65abf.jpg?v=f79529d510-1781848532938-266c9cf333c9 HTTP/1.1" 200 OK
[id-photo-be] compose start preparedId=3d2d35cc-4192-4e61-b13b-a347fc8329eb requestId=e29093dc3d
[id-photo] requestId=e29093dc3d step=save_output cost=49ms
[id-photo-be] bgColor=None
[id-photo-be] outputSize=None
[id-photo-be] backgroundPureColor=None
[id-photo-be] originalBackgroundRemoved=None
[id-photo-be] usedForegroundPng=None
[id-photo-be] usedOriginalImageDirectly=None
[id-photo-be] engine=hivision engineVersion=multi-engine-reset-20260613-local model=rmbg-1.4
[id-photo-be] finalImageUrl=/outputs/b18f7784b37649e1a9014ac1b2a2b9b2.jpg?v=e29093dc3d-1781848533046-039a55d4e3fd
[id-photo-be] compose success
[id-photo] requestId=e29093dc3d total=53ms success=true finalImageUrl=/outputs/b18f7784b37649e1a9014ac1b2a2b9b2.jpg?v=e29093dc3d-1781848533046-039a55d4e3fd
INFO:     127.0.0.1:61845 - "POST /api/id-photo/compose HTTP/1.1" 200 OK
INFO:     127.0.0.1:61846 - "GET /outputs/b18f7784b37649e1a9014ac1b2a2b9b2.jpg?v=e29093dc3d-1781848533046-039a55d4e3fd HTTP/1.1" 200 OK
[id-photo-be] prepare start requestId=58bf039306
[id-photo] requestId=58bf039306 step=load_image cost=0ms
[id-photo] requestId=58bf039306 step=matting cost=10ms
[id-photo-be] faceDetector=None
[id-photo-be] faceCount=None
[id-photo-be] faceBox=None
[id-photo-be] mattingEngine=None
[id-photo-be] rembgModel=None
[id-photo-be] engine=hivision engineVersion=multi-engine-reset-20260613-local model=rmbg-1.4
[id-photo-be] foregroundPath=None
[id-photo-be] maskPath=None
[id-photo-be] cropParams=None
[id-photo-be] prepare success preparedId=1f5373fb-40ea-45f7-835a-ab2b42435e02
[id-photo] requestId=58bf039306 total=4606ms success=true preparedId=1f5373fb-40ea-45f7-835a-ab2b42435e02
INFO:     127.0.0.1:61847 - "POST /api/id-photo/prepare HTTP/1.1" 200 OK
[id-photo-be] compose start preparedId=1f5373fb-40ea-45f7-835a-ab2b42435e02 requestId=0dbbfea4be
[id-photo] requestId=0dbbfea4be step=save_output cost=49ms
[id-photo-be] bgColor=None
[id-photo-be] outputSize=None
[id-photo-be] backgroundPureColor=None
[id-photo-be] originalBackgroundRemoved=None
[id-photo-be] usedForegroundPng=None
[id-photo-be] usedOriginalImageDirectly=None
[id-photo-be] engine=hivision engineVersion=multi-engine-reset-20260613-local model=rmbg-1.4
[id-photo-be] finalImageUrl=/outputs/ad5ab121110b45b1a492fecffc22cb2b.jpg?v=0dbbfea4be-1781848537760-14aa9ac48c83
[id-photo-be] compose success
[id-photo] requestId=0dbbfea4be total=52ms success=true finalImageUrl=/outputs/ad5ab121110b45b1a492fecffc22cb2b.jpg?v=0dbbfea4be-1781848537760-14aa9ac48c83
INFO:     127.0.0.1:63502 - "POST /api/id-photo/compose HTTP/1.1" 200 OK
INFO:     127.0.0.1:63503 - "GET /outputs/ad5ab121110b45b1a492fecffc22cb2b.jpg?v=0dbbfea4be-1781848537760-14aa9ac48c83 HTTP/1.1" 200 OK
[id-photo-be] compose start preparedId=1f5373fb-40ea-45f7-835a-ab2b42435e02 requestId=c6aea4bed7
[id-photo] requestId=c6aea4bed7 step=save_output cost=50ms
[id-photo-be] bgColor=None
[id-photo-be] outputSize=None
[id-photo-be] backgroundPureColor=None
[id-photo-be] originalBackgroundRemoved=None
[id-photo-be] usedForegroundPng=None
[id-photo-be] usedOriginalImageDirectly=None
[id-photo-be] engine=hivision engineVersion=multi-engine-reset-20260613-local model=rmbg-1.4
[id-photo-be] finalImageUrl=/outputs/da36cf171d024531b9c6b5c965fc5d1b.jpg?v=c6aea4bed7-1781848537875-fde6f252eb62
[id-photo-be] compose success
[id-photo] requestId=c6aea4bed7 total=53ms success=true finalImageUrl=/outputs/da36cf171d024531b9c6b5c965fc5d1b.jpg?v=c6aea4bed7-1781848537875-fde6f252eb62
INFO:     127.0.0.1:63504 - "POST /api/id-photo/compose HTTP/1.1" 200 OK
INFO:     127.0.0.1:63509 - "GET /outputs/da36cf171d024531b9c6b5c965fc5d1b.jpg?v=c6aea4bed7-1781848537875-fde6f252eb62 HTTP/1.1" 200 OK
[id-photo-be] prepare start requestId=23e7cd99dc
[id-photo] requestId=23e7cd99dc step=load_image cost=0ms
[id-photo] requestId=23e7cd99dc step=matting cost=10ms
[id-photo-be] faceDetector=None
[id-photo-be] faceCount=None
[id-photo-be] faceBox=None
[id-photo-be] mattingEngine=None
[id-photo-be] rembgModel=None
[id-photo-be] engine=hivision engineVersion=multi-engine-reset-20260613-local model=rmbg-1.4
[id-photo-be] foregroundPath=None
[id-photo-be] maskPath=None
[id-photo-be] cropParams=None
[id-photo-be] prepare success preparedId=25068fcd-318d-4db7-9722-d37fff81893d
[id-photo] requestId=23e7cd99dc total=4841ms success=true preparedId=25068fcd-318d-4db7-9722-d37fff81893d
INFO:     127.0.0.1:63510 - "POST /api/id-photo/prepare HTTP/1.1" 200 OK
[id-photo-be] compose start preparedId=25068fcd-318d-4db7-9722-d37fff81893d requestId=9b1eb6cf20
[id-photo] requestId=9b1eb6cf20 step=save_output cost=49ms
[id-photo-be] bgColor=None
[id-photo-be] outputSize=None
[id-photo-be] backgroundPureColor=None
[id-photo-be] originalBackgroundRemoved=None
[id-photo-be] usedForegroundPng=None
[id-photo-be] usedOriginalImageDirectly=None
[id-photo-be] engine=hivision engineVersion=multi-engine-reset-20260613-local model=rmbg-1.4
[id-photo-be] finalImageUrl=/outputs/79c1f5241b33402698056d9da991938b.jpg?v=9b1eb6cf20-1781848542828-519a5d250e06
[id-photo-be] compose success
[id-photo] requestId=9b1eb6cf20 total=50ms success=true finalImageUrl=/outputs/79c1f5241b33402698056d9da991938b.jpg?v=9b1eb6cf20-1781848542828-519a5d250e06
INFO:     127.0.0.1:59971 - "POST /api/id-photo/compose HTTP/1.1" 200 OK
INFO:     127.0.0.1:59972 - "GET /outputs/79c1f5241b33402698056d9da991938b.jpg?v=9b1eb6cf20-1781848542828-519a5d250e06 HTTP/1.1" 200 OK
[id-photo-be] compose start preparedId=25068fcd-318d-4db7-9722-d37fff81893d requestId=6f94be56a6
[id-photo] requestId=6f94be56a6 step=save_output cost=48ms
[id-photo-be] bgColor=None
[id-photo-be] outputSize=None
[id-photo-be] backgroundPureColor=None
[id-photo-be] originalBackgroundRemoved=None
[id-photo-be] usedForegroundPng=None
[id-photo-be] usedOriginalImageDirectly=None
[id-photo-be] engine=hivision engineVersion=multi-engine-reset-20260613-local model=rmbg-1.4
[id-photo-be] finalImageUrl=/outputs/4be86fdd872241928f717a7b96c1e48f.jpg?v=6f94be56a6-1781848542911-3a2620c59471
[id-photo-be] compose success
[id-photo] requestId=6f94be56a6 total=50ms success=true finalImageUrl=/outputs/4be86fdd872241928f717a7b96c1e48f.jpg?v=6f94be56a6-1781848542911-3a2620c59471
INFO:     127.0.0.1:59973 - "POST /api/id-photo/compose HTTP/1.1" 200 OK
INFO:     127.0.0.1:59974 - "GET /outputs/4be86fdd872241928f717a7b96c1e48f.jpg?v=6f94be56a6-1781848542911-3a2620c59471 HTTP/1.1" 200 OK
[id-photo-be] prepare start requestId=a9876d0aa0
[id-photo] requestId=a9876d0aa0 step=load_image cost=0ms
[id-photo] requestId=a9876d0aa0 step=matting cost=10ms
[id-photo-be] faceDetector=None
[id-photo-be] faceCount=None
[id-photo-be] faceBox=None
[id-photo-be] mattingEngine=None
[id-photo-be] rembgModel=None
[id-photo-be] engine=hivision engineVersion=multi-engine-reset-20260613-local model=rmbg-1.4
[id-photo-be] foregroundPath=None
[id-photo-be] maskPath=None
[id-photo-be] cropParams=None
[id-photo-be] prepare success preparedId=374dcbcd-e5e1-463f-ae34-73706493204c
[id-photo] requestId=a9876d0aa0 total=4419ms success=true preparedId=374dcbcd-e5e1-463f-ae34-73706493204c
INFO:     127.0.0.1:59975 - "POST /api/id-photo/prepare HTTP/1.1" 200 OK
[id-photo-be] compose start preparedId=374dcbcd-e5e1-463f-ae34-73706493204c requestId=a5c621ed19
[id-photo] requestId=a5c621ed19 step=save_output cost=51ms
[id-photo-be] bgColor=None
[id-photo-be] outputSize=None
[id-photo-be] backgroundPureColor=None
[id-photo-be] originalBackgroundRemoved=None
[id-photo-be] usedForegroundPng=None
[id-photo-be] usedOriginalImageDirectly=None
[id-photo-be] engine=hivision engineVersion=multi-engine-reset-20260613-local model=rmbg-1.4
[id-photo-be] finalImageUrl=/outputs/101df8edcfd945bd891264007c4b475e.jpg?v=a5c621ed19-1781848547428-bcb64a6d4f94
[id-photo-be] compose success
[id-photo] requestId=a5c621ed19 total=53ms success=true finalImageUrl=/outputs/101df8edcfd945bd891264007c4b475e.jpg?v=a5c621ed19-1781848547428-bcb64a6d4f94
INFO:     127.0.0.1:58388 - "POST /api/id-photo/compose HTTP/1.1" 200 OK
INFO:     127.0.0.1:58389 - "GET /outputs/101df8edcfd945bd891264007c4b475e.jpg?v=a5c621ed19-1781848547428-bcb64a6d4f94 HTTP/1.1" 200 OK
[id-photo-be] prepare start requestId=6c41ee4fc6
[id-photo] requestId=6c41ee4fc6 step=load_image cost=0ms
[id-photo] requestId=6c41ee4fc6 step=matting cost=10ms
[id-photo-be] faceDetector=None
[id-photo-be] faceCount=None
[id-photo-be] faceBox=None
[id-photo-be] mattingEngine=None
[id-photo-be] rembgModel=None
[id-photo-be] engine=hivision engineVersion=multi-engine-reset-20260613-local model=rmbg-1.4
[id-photo-be] foregroundPath=None
[id-photo-be] maskPath=None
[id-photo-be] cropParams=None
[id-photo-be] prepare success preparedId=b5b28448-2d72-4e6a-86ad-3fa3f4a5e52c
[id-photo] requestId=6c41ee4fc6 total=5233ms success=true preparedId=b5b28448-2d72-4e6a-86ad-3fa3f4a5e52c
INFO:     127.0.0.1:58390 - "POST /api/id-photo/prepare HTTP/1.1" 200 OK
[id-photo-be] compose start preparedId=b5b28448-2d72-4e6a-86ad-3fa3f4a5e52c requestId=7e4ea697f6
[id-photo] requestId=7e4ea697f6 step=save_output cost=51ms
[id-photo-be] bgColor=None
[id-photo-be] outputSize=None
[id-photo-be] backgroundPureColor=None
[id-photo-be] originalBackgroundRemoved=None
[id-photo-be] usedForegroundPng=None
[id-photo-be] usedOriginalImageDirectly=None
[id-photo-be] engine=hivision engineVersion=multi-engine-reset-20260613-local model=rmbg-1.4
[id-photo-be] finalImageUrl=/outputs/5ef18073b079459b91efb7cae81f3e2c.jpg?v=7e4ea697f6-1781848552797-a2797a677395
[id-photo-be] compose success
[id-photo] requestId=7e4ea697f6 total=54ms success=true finalImageUrl=/outputs/5ef18073b079459b91efb7cae81f3e2c.jpg?v=7e4ea697f6-1781848552797-a2797a677395
INFO:     127.0.0.1:53673 - "POST /api/id-photo/compose HTTP/1.1" 200 OK
INFO:     127.0.0.1:53674 - "GET /outputs/5ef18073b079459b91efb7cae81f3e2c.jpg?v=7e4ea697f6-1781848552797-a2797a677395 HTTP/1.1" 200 OK
[id-photo-be] prepare start requestId=cff506cb68
[id-photo] requestId=cff506cb68 step=load_image cost=0ms
[id-photo] requestId=cff506cb68 step=matting cost=10ms
[id-photo-be] faceDetector=None
[id-photo-be] faceCount=None
[id-photo-be] faceBox=None
[id-photo-be] mattingEngine=None
[id-photo-be] rembgModel=None
[id-photo-be] engine=hivision engineVersion=multi-engine-reset-20260613-local model=rmbg-1.4
[id-photo-be] foregroundPath=None
[id-photo-be] maskPath=None
[id-photo-be] cropParams=None
[id-photo-be] prepare success preparedId=3d58507a-96be-4990-8a6a-3fbfcf244423
[id-photo] requestId=cff506cb68 total=5157ms success=true preparedId=3d58507a-96be-4990-8a6a-3fbfcf244423
INFO:     127.0.0.1:53675 - "POST /api/id-photo/prepare HTTP/1.1" 200 OK
[id-photo-be] compose start preparedId=3d58507a-96be-4990-8a6a-3fbfcf244423 requestId=4e86e3ece5
[id-photo] requestId=4e86e3ece5 step=save_output cost=50ms
[id-photo-be] bgColor=None
[id-photo-be] outputSize=None
[id-photo-be] backgroundPureColor=None
[id-photo-be] originalBackgroundRemoved=None
[id-photo-be] usedForegroundPng=None
[id-photo-be] usedOriginalImageDirectly=None
[id-photo-be] engine=hivision engineVersion=multi-engine-reset-20260613-local model=rmbg-1.4
[id-photo-be] finalImageUrl=/outputs/8a8aa74f8fe84b7d892c7c9b9e4517e1.jpg?v=4e86e3ece5-1781848558040-0b52c87705cf
[id-photo-be] compose success
[id-photo] requestId=4e86e3ece5 total=54ms success=true finalImageUrl=/outputs/8a8aa74f8fe84b7d892c7c9b9e4517e1.jpg?v=4e86e3ece5-1781848558040-0b52c87705cf
INFO:     127.0.0.1:60637 - "POST /api/id-photo/compose HTTP/1.1" 200 OK
INFO:     127.0.0.1:60638 - "GET /outputs/8a8aa74f8fe84b7d892c7c9b9e4517e1.jpg?v=4e86e3ece5-1781848558040-0b52c87705cf HTTP/1.1" 200 OK
[id-photo-be] compose start preparedId=3d58507a-96be-4990-8a6a-3fbfcf244423 requestId=12e50b475b
[id-photo] requestId=12e50b475b step=save_output cost=48ms
[id-photo-be] bgColor=None
[id-photo-be] outputSize=None
[id-photo-be] backgroundPureColor=None
[id-photo-be] originalBackgroundRemoved=None
[id-photo-be] usedForegroundPng=None
[id-photo-be] usedOriginalImageDirectly=None
[id-photo-be] engine=hivision engineVersion=multi-engine-reset-20260613-local model=rmbg-1.4
[id-photo-be] finalImageUrl=/outputs/eebd530e6c40473bb94a62fbfb8003bf.jpg?v=12e50b475b-1781848558114-60e6aa428a18
[id-photo-be] compose success
[id-photo] requestId=12e50b475b total=51ms success=true finalImageUrl=/outputs/eebd530e6c40473bb94a62fbfb8003bf.jpg?v=12e50b475b-1781848558114-60e6aa428a18
INFO:     127.0.0.1:60639 - "POST /api/id-photo/compose HTTP/1.1" 200 OK
INFO:     127.0.0.1:60640 - "GET /outputs/eebd530e6c40473bb94a62fbfb8003bf.jpg?v=12e50b475b-1781848558114-60e6aa428a18 HTTP/1.1" 200 OK
[id-photo-be] prepare start requestId=8ae10a06d5
[id-photo] requestId=8ae10a06d5 step=load_image cost=0ms
[id-photo] requestId=8ae10a06d5 step=matting cost=10ms
[id-photo-be] faceDetector=None
[id-photo-be] faceCount=None
[id-photo-be] faceBox=None
[id-photo-be] mattingEngine=None
[id-photo-be] rembgModel=None
[id-photo-be] engine=hivision engineVersion=multi-engine-reset-20260613-local model=rmbg-1.4
[id-photo-be] foregroundPath=None
[id-photo-be] maskPath=None
[id-photo-be] cropParams=None
[id-photo-be] prepare success preparedId=0a119931-fde6-4591-85aa-7c634fda12dc
[id-photo] requestId=8ae10a06d5 total=5007ms success=true preparedId=0a119931-fde6-4591-85aa-7c634fda12dc
INFO:     127.0.0.1:60641 - "POST /api/id-photo/prepare HTTP/1.1" 200 OK
[id-photo-be] compose start preparedId=0a119931-fde6-4591-85aa-7c634fda12dc requestId=175a0d7cfc
[id-photo] requestId=175a0d7cfc step=save_output cost=54ms
[id-photo-be] bgColor=None
[id-photo-be] outputSize=None
[id-photo-be] backgroundPureColor=None
[id-photo-be] originalBackgroundRemoved=None
[id-photo-be] usedForegroundPng=None
[id-photo-be] usedOriginalImageDirectly=None
[id-photo-be] engine=hivision engineVersion=multi-engine-reset-20260613-local model=rmbg-1.4
[id-photo-be] finalImageUrl=/outputs/a60459b16a994550a30740f059ad5474.jpg?v=175a0d7cfc-1781848563264-3724320763c4
[id-photo-be] compose success
[id-photo] requestId=175a0d7cfc total=57ms success=true finalImageUrl=/outputs/a60459b16a994550a30740f059ad5474.jpg?v=175a0d7cfc-1781848563264-3724320763c4
INFO:     127.0.0.1:63202 - "POST /api/id-photo/compose HTTP/1.1" 200 OK
INFO:     127.0.0.1:63203 - "GET /outputs/a60459b16a994550a30740f059ad5474.jpg?v=175a0d7cfc-1781848563264-3724320763c4 HTTP/1.1" 200 OK
[id-photo-be] compose start preparedId=0a119931-fde6-4591-85aa-7c634fda12dc requestId=bbabb83d52
[id-photo] requestId=bbabb83d52 step=save_output cost=51ms
[id-photo-be] bgColor=None
[id-photo-be] outputSize=None
[id-photo-be] backgroundPureColor=None
[id-photo-be] originalBackgroundRemoved=None
[id-photo-be] usedForegroundPng=None
[id-photo-be] usedOriginalImageDirectly=None
[id-photo-be] engine=hivision engineVersion=multi-engine-reset-20260613-local model=rmbg-1.4
[id-photo-be] finalImageUrl=/outputs/5f41d8561dbe41b2bcd89088f7ada6ce.jpg?v=bbabb83d52-1781848563356-aac867f4b185
[id-photo-be] compose success
[id-photo] requestId=bbabb83d52 total=53ms success=true finalImageUrl=/outputs/5f41d8561dbe41b2bcd89088f7ada6ce.jpg?v=bbabb83d52-1781848563356-aac867f4b185
INFO:     127.0.0.1:63204 - "POST /api/id-photo/compose HTTP/1.1" 200 OK
INFO:     127.0.0.1:63205 - "GET /outputs/5f41d8561dbe41b2bcd89088f7ada6ce.jpg?v=bbabb83d52-1781848563356-aac867f4b185 HTTP/1.1" 200 OK
[id-photo-be] compose start preparedId=0a119931-fde6-4591-85aa-7c634fda12dc requestId=9d269d5e38
[id-photo] requestId=9d269d5e38 step=save_output cost=52ms
[id-photo-be] bgColor=None
[id-photo-be] outputSize=None
[id-photo-be] backgroundPureColor=None
[id-photo-be] originalBackgroundRemoved=None
[id-photo-be] usedForegroundPng=None
[id-photo-be] usedOriginalImageDirectly=None
[id-photo-be] engine=hivision engineVersion=multi-engine-reset-20260613-local model=rmbg-1.4
[id-photo-be] finalImageUrl=/outputs/2e9e85cf91a54559ba2a40709fe83303.jpg?v=9d269d5e38-1781848563449-48f83eaae4de
[id-photo-be] compose success
[id-photo] requestId=9d269d5e38 total=54ms success=true finalImageUrl=/outputs/2e9e85cf91a54559ba2a40709fe83303.jpg?v=9d269d5e38-1781848563449-48f83eaae4de
INFO:     127.0.0.1:63206 - "POST /api/id-photo/compose HTTP/1.1" 200 OK
INFO:     127.0.0.1:63207 - "GET /outputs/2e9e85cf91a54559ba2a40709fe83303.jpg?v=9d269d5e38-1781848563449-48f83eaae4de HTTP/1.1" 200 OK
[id-photo-be] compose start preparedId=0a119931-fde6-4591-85aa-7c634fda12dc requestId=58b1db42db
[id-photo] requestId=58b1db42db step=save_output cost=53ms
[id-photo-be] bgColor=None
[id-photo-be] outputSize=None
[id-photo-be] backgroundPureColor=None
[id-photo-be] originalBackgroundRemoved=None
[id-photo-be] usedForegroundPng=None
[id-photo-be] usedOriginalImageDirectly=None
[id-photo-be] engine=hivision engineVersion=multi-engine-reset-20260613-local model=rmbg-1.4
[id-photo-be] finalImageUrl=/outputs/5ccb7ff937c64517983e46c207044d6a.jpg?v=58b1db42db-1781848563514-b69bf2abdc81
[id-photo-be] compose success
[id-photo] requestId=58b1db42db total=55ms success=true finalImageUrl=/outputs/5ccb7ff937c64517983e46c207044d6a.jpg?v=58b1db42db-1781848563514-b69bf2abdc81
INFO:     127.0.0.1:63208 - "POST /api/id-photo/compose HTTP/1.1" 200 OK
INFO:     127.0.0.1:63209 - "GET /outputs/5ccb7ff937c64517983e46c207044d6a.jpg?v=58b1db42db-1781848563514-b69bf2abdc81 HTTP/1.1" 200 OK
[id-photo-be] compose start preparedId=0a119931-fde6-4591-85aa-7c634fda12dc requestId=cd2db539bb
[id-photo] requestId=cd2db539bb step=save_output cost=50ms
[id-photo-be] bgColor=None
[id-photo-be] outputSize=None
[id-photo-be] backgroundPureColor=None
[id-photo-be] originalBackgroundRemoved=None
[id-photo-be] usedForegroundPng=None
[id-photo-be] usedOriginalImageDirectly=None
[id-photo-be] engine=hivision engineVersion=multi-engine-reset-20260613-local model=rmbg-1.4
[id-photo-be] finalImageUrl=/outputs/4656a392e0a64241a8e997470446fda5.jpg?v=cd2db539bb-1781848563602-a2c30e15db7b
[id-photo-be] compose success
[id-photo] requestId=cd2db539bb total=52ms success=true finalImageUrl=/outputs/4656a392e0a64241a8e997470446fda5.jpg?v=cd2db539bb-1781848563602-a2c30e15db7b
INFO:     127.0.0.1:63210 - "POST /api/id-photo/compose HTTP/1.1" 200 OK
INFO:     127.0.0.1:63211 - "GET /outputs/4656a392e0a64241a8e997470446fda5.jpg?v=cd2db539bb-1781848563602-a2c30e15db7b HTTP/1.1" 200 OK
[id-photo-be] prepare start requestId=1e126d587d
[id-photo] requestId=1e126d587d step=load_image cost=0ms
[id-photo] requestId=1e126d587d step=matting cost=10ms
[id-photo-be] faceDetector=None
[id-photo-be] faceCount=None
[id-photo-be] faceBox=None
[id-photo-be] mattingEngine=None
[id-photo-be] rembgModel=None
[id-photo-be] engine=hivision engineVersion=multi-engine-reset-20260613-local model=rmbg-1.4
[id-photo-be] foregroundPath=None
[id-photo-be] maskPath=None
[id-photo-be] cropParams=None
[id-photo-be] prepare success preparedId=f703be84-92a6-47bd-a627-105fbc83cff7
[id-photo] requestId=1e126d587d total=5509ms success=true preparedId=f703be84-92a6-47bd-a627-105fbc83cff7
INFO:     127.0.0.1:63212 - "POST /api/id-photo/prepare HTTP/1.1" 200 OK
[id-photo-be] compose start preparedId=f703be84-92a6-47bd-a627-105fbc83cff7 requestId=3b67916050
[id-photo] requestId=3b67916050 step=save_output cost=51ms
[id-photo-be] bgColor=None
[id-photo-be] outputSize=None
[id-photo-be] backgroundPureColor=None
[id-photo-be] originalBackgroundRemoved=None
[id-photo-be] usedForegroundPng=None
[id-photo-be] usedOriginalImageDirectly=None
[id-photo-be] engine=hivision engineVersion=multi-engine-reset-20260613-local model=rmbg-1.4
[id-photo-be] finalImageUrl=/outputs/58bbf3e19ad94aebacc8783a65d039b5.jpg?v=3b67916050-1781848569213-32d7af93d32b
[id-photo-be] compose success
[id-photo] requestId=3b67916050 total=53ms success=true finalImageUrl=/outputs/58bbf3e19ad94aebacc8783a65d039b5.jpg?v=3b67916050-1781848569213-32d7af93d32b
INFO:     127.0.0.1:56378 - "POST /api/id-photo/compose HTTP/1.1" 200 OK
INFO:     127.0.0.1:56379 - "GET /outputs/58bbf3e19ad94aebacc8783a65d039b5.jpg?v=3b67916050-1781848569213-32d7af93d32b HTTP/1.1" 200 OK
[id-photo-be] prepare start requestId=6cbda6dd0a
[id-photo] requestId=6cbda6dd0a step=load_image cost=0ms
[id-photo] requestId=6cbda6dd0a step=matting cost=10ms
[id-photo-be] faceDetector=None
[id-photo-be] faceCount=None
[id-photo-be] faceBox=None
[id-photo-be] mattingEngine=None
[id-photo-be] rembgModel=None
[id-photo-be] engine=hivision engineVersion=multi-engine-reset-20260613-local model=rmbg-1.4
[id-photo-be] foregroundPath=None
[id-photo-be] maskPath=None
[id-photo-be] cropParams=None
[id-photo-be] prepare success preparedId=27efc2b5-9805-479a-ac0f-17485713cc0e
[id-photo] requestId=6cbda6dd0a total=5056ms success=true preparedId=27efc2b5-9805-479a-ac0f-17485713cc0e
INFO:     127.0.0.1:56380 - "POST /api/id-photo/prepare HTTP/1.1" 200 OK
[id-photo-be] compose start preparedId=27efc2b5-9805-479a-ac0f-17485713cc0e requestId=1c5ab73f61
[id-photo] requestId=1c5ab73f61 step=save_output cost=49ms
[id-photo-be] bgColor=None
[id-photo-be] outputSize=None
[id-photo-be] backgroundPureColor=None
[id-photo-be] originalBackgroundRemoved=None
[id-photo-be] usedForegroundPng=None
[id-photo-be] usedOriginalImageDirectly=None
[id-photo-be] engine=hivision engineVersion=multi-engine-reset-20260613-local model=rmbg-1.4
[id-photo-be] finalImageUrl=/outputs/2e40dd26b598412da1fac39a03531253.jpg?v=1c5ab73f61-1781848574355-7e333e1ee244
[id-photo-be] compose success
[id-photo] requestId=1c5ab73f61 total=51ms success=true finalImageUrl=/outputs/2e40dd26b598412da1fac39a03531253.jpg?v=1c5ab73f61-1781848574355-7e333e1ee244
INFO:     127.0.0.1:57510 - "POST /api/id-photo/compose HTTP/1.1" 200 OK
INFO:     127.0.0.1:57511 - "GET /outputs/2e40dd26b598412da1fac39a03531253.jpg?v=1c5ab73f61-1781848574355-7e333e1ee244 HTTP/1.1" 200 OK
[id-photo-be] compose start preparedId=27efc2b5-9805-479a-ac0f-17485713cc0e requestId=721fdfb835
[id-photo] requestId=721fdfb835 step=save_output cost=49ms
[id-photo-be] bgColor=None
[id-photo-be] outputSize=None
[id-photo-be] backgroundPureColor=None
[id-photo-be] originalBackgroundRemoved=None
[id-photo-be] usedForegroundPng=None
[id-photo-be] usedOriginalImageDirectly=None
[id-photo-be] engine=hivision engineVersion=multi-engine-reset-20260613-local model=rmbg-1.4
[id-photo-be] finalImageUrl=/outputs/e580496e869b468d9626d8c7ba7bcca5.jpg?v=721fdfb835-1781848574447-7a1f226124b0
[id-photo-be] compose success
[id-photo] requestId=721fdfb835 total=51ms success=true finalImageUrl=/outputs/e580496e869b468d9626d8c7ba7bcca5.jpg?v=721fdfb835-1781848574447-7a1f226124b0
INFO:     127.0.0.1:57512 - "POST /api/id-photo/compose HTTP/1.1" 200 OK
INFO:     127.0.0.1:57513 - "GET /outputs/e580496e869b468d9626d8c7ba7bcca5.jpg?v=721fdfb835-1781848574447-7a1f226124b0 HTTP/1.1" 200 OK
[id-photo-be] prepare start requestId=7690b5b582
[id-photo] requestId=7690b5b582 step=load_image cost=0ms
[id-photo] requestId=7690b5b582 step=matting cost=10ms
[id-photo-be] faceDetector=None
[id-photo-be] faceCount=None
[id-photo-be] faceBox=None
[id-photo-be] mattingEngine=None
[id-photo-be] rembgModel=None
[id-photo-be] engine=hivision engineVersion=multi-engine-reset-20260613-local model=rmbg-1.4
[id-photo-be] foregroundPath=None
[id-photo-be] maskPath=None
[id-photo-be] cropParams=None
[id-photo-be] prepare success preparedId=3eb71766-6c17-4d56-ba05-3d374d459d92
[id-photo] requestId=7690b5b582 total=5106ms success=true preparedId=3eb71766-6c17-4d56-ba05-3d374d459d92
INFO:     127.0.0.1:57514 - "POST /api/id-photo/prepare HTTP/1.1" 200 OK
[id-photo-be] compose start preparedId=3eb71766-6c17-4d56-ba05-3d374d459d92 requestId=09f4f97de3
[id-photo] requestId=09f4f97de3 step=save_output cost=51ms
[id-photo-be] bgColor=None
[id-photo-be] outputSize=None
[id-photo-be] backgroundPureColor=None
[id-photo-be] originalBackgroundRemoved=None
[id-photo-be] usedForegroundPng=None
[id-photo-be] usedOriginalImageDirectly=None
[id-photo-be] engine=hivision engineVersion=multi-engine-reset-20260613-local model=rmbg-1.4
[id-photo-be] finalImageUrl=/outputs/559babc77f1f454491bef7dde29ff5ea.jpg?v=09f4f97de3-1781848579629-a15b710d79fb
[id-photo-be] compose success
[id-photo] requestId=09f4f97de3 total=54ms success=true finalImageUrl=/outputs/559babc77f1f454491bef7dde29ff5ea.jpg?v=09f4f97de3-1781848579629-a15b710d79fb
INFO:     127.0.0.1:56233 - "POST /api/id-photo/compose HTTP/1.1" 200 OK
INFO:     127.0.0.1:56234 - "GET /outputs/559babc77f1f454491bef7dde29ff5ea.jpg?v=09f4f97de3-1781848579629-a15b710d79fb HTTP/1.1" 200 OK
[id-photo-be] prepare start requestId=76573cc5d8
[id-photo] requestId=76573cc5d8 step=load_image cost=0ms
[id-photo] requestId=76573cc5d8 step=matting cost=10ms
[id-photo-be] faceDetector=None
[id-photo-be] faceCount=None
[id-photo-be] faceBox=None
[id-photo-be] mattingEngine=None
[id-photo-be] rembgModel=None
[id-photo-be] engine=hivision engineVersion=multi-engine-reset-20260613-local model=rmbg-1.4
[id-photo-be] foregroundPath=None
[id-photo-be] maskPath=None
[id-photo-be] cropParams=None
[id-photo-be] prepare success preparedId=83bcc343-2c71-48c6-a93e-dce49b33ed10
[id-photo] requestId=76573cc5d8 total=5732ms success=true preparedId=83bcc343-2c71-48c6-a93e-dce49b33ed10
INFO:     127.0.0.1:56235 - "POST /api/id-photo/prepare HTTP/1.1" 200 OK
[id-photo-be] compose start preparedId=83bcc343-2c71-48c6-a93e-dce49b33ed10 requestId=f2a4559228
[id-photo] requestId=f2a4559228 step=save_output cost=50ms
[id-photo-be] bgColor=None
[id-photo-be] outputSize=None
[id-photo-be] backgroundPureColor=None
[id-photo-be] originalBackgroundRemoved=None
[id-photo-be] usedForegroundPng=None
[id-photo-be] usedOriginalImageDirectly=None
[id-photo-be] engine=hivision engineVersion=multi-engine-reset-20260613-local model=rmbg-1.4
[id-photo-be] finalImageUrl=/outputs/fefa63b8001f4cb8ac66905a348b1780.jpg?v=f2a4559228-1781848585479-97ebb88fc0d0
[id-photo-be] compose success
[id-photo] requestId=f2a4559228 total=55ms success=true finalImageUrl=/outputs/fefa63b8001f4cb8ac66905a348b1780.jpg?v=f2a4559228-1781848585479-97ebb88fc0d0
INFO:     127.0.0.1:65418 - "POST /api/id-photo/compose HTTP/1.1" 200 OK
INFO:     127.0.0.1:65419 - "GET /outputs/fefa63b8001f4cb8ac66905a348b1780.jpg?v=f2a4559228-1781848585479-97ebb88fc0d0 HTTP/1.1" 200 OK
[id-photo-be] compose start preparedId=83bcc343-2c71-48c6-a93e-dce49b33ed10 requestId=2e5ff96882
[id-photo] requestId=2e5ff96882 step=save_output cost=69ms
[id-photo-be] bgColor=None
[id-photo-be] outputSize=None
[id-photo-be] backgroundPureColor=None
[id-photo-be] originalBackgroundRemoved=None
[id-photo-be] usedForegroundPng=None
[id-photo-be] usedOriginalImageDirectly=None
[id-photo-be] engine=hivision engineVersion=multi-engine-reset-20260613-local model=rmbg-1.4
[id-photo-be] finalImageUrl=/outputs/86486deb72b04eaa90715fd28daae6c2.jpg?v=2e5ff96882-1781848585551-64d6f0862804
[id-photo-be] compose success
[id-photo] requestId=2e5ff96882 total=74ms success=true finalImageUrl=/outputs/86486deb72b04eaa90715fd28daae6c2.jpg?v=2e5ff96882-1781848585551-64d6f0862804
INFO:     127.0.0.1:65420 - "POST /api/id-photo/compose HTTP/1.1" 200 OK
INFO:     127.0.0.1:65421 - "GET /outputs/86486deb72b04eaa90715fd28daae6c2.jpg?v=2e5ff96882-1781848585551-64d6f0862804 HTTP/1.1" 200 OK
[id-photo-be] prepare start requestId=046300f781
[id-photo] requestId=046300f781 step=load_image cost=0ms
[id-photo] requestId=046300f781 step=matting cost=10ms
[id-photo-be] faceDetector=None
[id-photo-be] faceCount=None
[id-photo-be] faceBox=None
[id-photo-be] mattingEngine=None
[id-photo-be] rembgModel=None
[id-photo-be] engine=hivision engineVersion=multi-engine-reset-20260613-local model=rmbg-1.4
[id-photo-be] foregroundPath=None
[id-photo-be] maskPath=None
[id-photo-be] cropParams=None
[id-photo-be] prepare success preparedId=4d5a8c1b-8e60-48df-92a2-3346f8d39813
[id-photo] requestId=046300f781 total=5258ms success=true preparedId=4d5a8c1b-8e60-48df-92a2-3346f8d39813
INFO:     127.0.0.1:65422 - "POST /api/id-photo/prepare HTTP/1.1" 200 OK
[id-photo-be] compose start preparedId=4d5a8c1b-8e60-48df-92a2-3346f8d39813 requestId=41cc849585
[id-photo] requestId=41cc849585 step=save_output cost=61ms
[id-photo-be] bgColor=None
[id-photo-be] outputSize=None
[id-photo-be] backgroundPureColor=None
[id-photo-be] originalBackgroundRemoved=None
[id-photo-be] usedForegroundPng=None
[id-photo-be] usedOriginalImageDirectly=None
[id-photo-be] engine=hivision engineVersion=multi-engine-reset-20260613-local model=rmbg-1.4
[id-photo-be] finalImageUrl=/outputs/1e319cabed8242d3821d3feaa5b7e3c4.jpg?v=41cc849585-1781848590985-c23bf095c822
[id-photo-be] compose success
[id-photo] requestId=41cc849585 total=65ms success=true finalImageUrl=/outputs/1e319cabed8242d3821d3feaa5b7e3c4.jpg?v=41cc849585-1781848590985-c23bf095c822
INFO:     127.0.0.1:53886 - "POST /api/id-photo/compose HTTP/1.1" 200 OK
INFO:     127.0.0.1:53887 - "GET /outputs/1e319cabed8242d3821d3feaa5b7e3c4.jpg?v=41cc849585-1781848590985-c23bf095c822 HTTP/1.1" 200 OK
[id-photo-be] compose start preparedId=4d5a8c1b-8e60-48df-92a2-3346f8d39813 requestId=cfd1a31d76
[id-photo] requestId=cfd1a31d76 step=save_output cost=57ms
[id-photo-be] bgColor=None
[id-photo-be] outputSize=None
[id-photo-be] backgroundPureColor=None
[id-photo-be] originalBackgroundRemoved=None
[id-photo-be] usedForegroundPng=None
[id-photo-be] usedOriginalImageDirectly=None
[id-photo-be] engine=hivision engineVersion=multi-engine-reset-20260613-local model=rmbg-1.4
[id-photo-be] finalImageUrl=/outputs/345911a35b554fe8a5d95577c8f94ce2.jpg?v=cfd1a31d76-1781848591107-be82c8823e4d
[id-photo-be] compose success
[id-photo] requestId=cfd1a31d76 total=60ms success=true finalImageUrl=/outputs/345911a35b554fe8a5d95577c8f94ce2.jpg?v=cfd1a31d76-1781848591107-be82c8823e4d
INFO:     127.0.0.1:53888 - "POST /api/id-photo/compose HTTP/1.1" 200 OK
INFO:     127.0.0.1:53890 - "GET /outputs/345911a35b554fe8a5d95577c8f94ce2.jpg?v=cfd1a31d76-1781848591107-be82c8823e4d HTTP/1.1" 200 OK
[id-photo-be] compose start preparedId=4d5a8c1b-8e60-48df-92a2-3346f8d39813 requestId=869aa2a43d
[id-photo] requestId=869aa2a43d step=save_output cost=63ms
[id-photo-be] bgColor=None
[id-photo-be] outputSize=None
[id-photo-be] backgroundPureColor=None
[id-photo-be] originalBackgroundRemoved=None
[id-photo-be] usedForegroundPng=None
[id-photo-be] usedOriginalImageDirectly=None
[id-photo-be] engine=hivision engineVersion=multi-engine-reset-20260613-local model=rmbg-1.4
[id-photo-be] finalImageUrl=/outputs/ff9b320c778e438eb705d6f0a9fb2662.jpg?v=869aa2a43d-1781848591179-21bd216cec94
[id-photo-be] compose success
[id-photo] requestId=869aa2a43d total=66ms success=true finalImageUrl=/outputs/ff9b320c778e438eb705d6f0a9fb2662.jpg?v=869aa2a43d-1781848591179-21bd216cec94
INFO:     127.0.0.1:53891 - "POST /api/id-photo/compose HTTP/1.1" 200 OK
INFO:     127.0.0.1:53892 - "GET /outputs/ff9b320c778e438eb705d6f0a9fb2662.jpg?v=869aa2a43d-1781848591179-21bd216cec94 HTTP/1.1" 200 OK
[id-photo-be] compose start preparedId=4d5a8c1b-8e60-48df-92a2-3346f8d39813 requestId=321a15e143
[id-photo] requestId=321a15e143 step=save_output cost=406ms
[id-photo-be] bgColor=None
[id-photo-be] outputSize=None
[id-photo-be] backgroundPureColor=None
[id-photo-be] originalBackgroundRemoved=None
[id-photo-be] usedForegroundPng=None
[id-photo-be] usedOriginalImageDirectly=None
[id-photo-be] engine=hivision engineVersion=multi-engine-reset-20260613-local model=rmbg-1.4
[id-photo-be] finalImageUrl=/outputs/51fbd9ff08304391a0f88ff499594acf.jpg?v=321a15e143-1781848591270-68af2c619d4d
[id-photo-be] compose success
[id-photo] requestId=321a15e143 total=410ms success=true finalImageUrl=/outputs/51fbd9ff08304391a0f88ff499594acf.jpg?v=321a15e143-1781848591270-68af2c619d4d
INFO:     127.0.0.1:53894 - "POST /api/id-photo/compose HTTP/1.1" 200 OK
INFO:     127.0.0.1:64277 - "GET /outputs/51fbd9ff08304391a0f88ff499594acf.jpg?v=321a15e143-1781848591270-68af2c619d4d HTTP/1.1" 200 OK
[id-photo-be] compose start preparedId=4d5a8c1b-8e60-48df-92a2-3346f8d39813 requestId=3af7e12e44
[id-photo] requestId=3af7e12e44 step=save_output cost=61ms
[id-photo-be] bgColor=None
[id-photo-be] outputSize=None
[id-photo-be] backgroundPureColor=None
[id-photo-be] originalBackgroundRemoved=None
[id-photo-be] usedForegroundPng=None
[id-photo-be] usedOriginalImageDirectly=None
[id-photo-be] engine=hivision engineVersion=multi-engine-reset-20260613-local model=rmbg-1.4
[id-photo-be] finalImageUrl=/outputs/2b25822dec46479cb12d1a5ef96e76d8.jpg?v=3af7e12e44-1781848591710-10b6df203c21
[id-photo-be] compose success
[id-photo] requestId=3af7e12e44 total=65ms success=true finalImageUrl=/outputs/2b25822dec46479cb12d1a5ef96e76d8.jpg?v=3af7e12e44-1781848591710-10b6df203c21
INFO:     127.0.0.1:64278 - "POST /api/id-photo/compose HTTP/1.1" 200 OK
INFO:     127.0.0.1:64279 - "GET /outputs/2b25822dec46479cb12d1a5ef96e76d8.jpg?v=3af7e12e44-1781848591710-10b6df203c21 HTTP/1.1" 200 OK
[id-photo-be] prepare start requestId=d5ab584a45
[id-photo] requestId=d5ab584a45 step=load_image cost=0ms
[id-photo] requestId=d5ab584a45 step=matting cost=10ms
[id-photo-be] faceDetector=None
[id-photo-be] faceCount=None
[id-photo-be] faceBox=None
[id-photo-be] mattingEngine=None
[id-photo-be] rembgModel=None
[id-photo-be] engine=hivision engineVersion=multi-engine-reset-20260613-local model=rmbg-1.4
[id-photo-be] foregroundPath=None
[id-photo-be] maskPath=None
[id-photo-be] cropParams=None
[id-photo-be] prepare success preparedId=f63162fe-93f5-4a22-a4d0-2b5970a01636
[id-photo] requestId=d5ab584a45 total=5933ms success=true preparedId=f63162fe-93f5-4a22-a4d0-2b5970a01636
INFO:     127.0.0.1:64280 - "POST /api/id-photo/prepare HTTP/1.1" 200 OK
[id-photo-be] compose start preparedId=f63162fe-93f5-4a22-a4d0-2b5970a01636 requestId=1a279a257e
[id-photo] requestId=1a279a257e step=save_output cost=51ms
[id-photo-be] bgColor=None
[id-photo-be] outputSize=None
[id-photo-be] backgroundPureColor=None
[id-photo-be] originalBackgroundRemoved=None
[id-photo-be] usedForegroundPng=None
[id-photo-be] usedOriginalImageDirectly=None
[id-photo-be] engine=hivision engineVersion=multi-engine-reset-20260613-local model=rmbg-1.4
[id-photo-be] finalImageUrl=/outputs/bf0755bf1b0d4eb3be2f954354c6d2c8.jpg?v=1a279a257e-1781848597781-f950c5d39378
[id-photo-be] compose success
[id-photo] requestId=1a279a257e total=54ms success=true finalImageUrl=/outputs/bf0755bf1b0d4eb3be2f954354c6d2c8.jpg?v=1a279a257e-1781848597781-f950c5d39378
INFO:     127.0.0.1:54255 - "POST /api/id-photo/compose HTTP/1.1" 200 OK
INFO:     127.0.0.1:54256 - "GET /outputs/bf0755bf1b0d4eb3be2f954354c6d2c8.jpg?v=1a279a257e-1781848597781-f950c5d39378 HTTP/1.1" 200 OK
[id-photo-be] compose start preparedId=f63162fe-93f5-4a22-a4d0-2b5970a01636 requestId=29311c9b81
[id-photo] requestId=29311c9b81 step=save_output cost=50ms
[id-photo-be] bgColor=None
[id-photo-be] outputSize=None
[id-photo-be] backgroundPureColor=None
[id-photo-be] originalBackgroundRemoved=None
[id-photo-be] usedForegroundPng=None
[id-photo-be] usedOriginalImageDirectly=None
[id-photo-be] engine=hivision engineVersion=multi-engine-reset-20260613-local model=rmbg-1.4
[id-photo-be] finalImageUrl=/outputs/205780e3b7a449269d1bc70dcc1f16c8.jpg?v=29311c9b81-1781848597889-df3fe2ecdcf6
[id-photo-be] compose success
[id-photo] requestId=29311c9b81 total=53ms success=true finalImageUrl=/outputs/205780e3b7a449269d1bc70dcc1f16c8.jpg?v=29311c9b81-1781848597889-df3fe2ecdcf6
INFO:     127.0.0.1:54257 - "POST /api/id-photo/compose HTTP/1.1" 200 OK
INFO:     127.0.0.1:54260 - "GET /outputs/205780e3b7a449269d1bc70dcc1f16c8.jpg?v=29311c9b81-1781848597889-df3fe2ecdcf6 HTTP/1.1" 200 OK
[id-photo-be] prepare start requestId=c29d652cf5
[id-photo] requestId=c29d652cf5 step=load_image cost=0ms
[id-photo] requestId=c29d652cf5 step=matting cost=10ms
[id-photo-be] faceDetector=None
[id-photo-be] faceCount=None
[id-photo-be] faceBox=None
[id-photo-be] mattingEngine=None
[id-photo-be] rembgModel=None
[id-photo-be] engine=hivision engineVersion=multi-engine-reset-20260613-local model=rmbg-1.4
[id-photo-be] foregroundPath=None
[id-photo-be] maskPath=None
[id-photo-be] cropParams=None
[id-photo-be] prepare success preparedId=c1bd66fb-003c-4751-9b9a-63afcc438398
[id-photo] requestId=c29d652cf5 total=5319ms success=true preparedId=c1bd66fb-003c-4751-9b9a-63afcc438398
INFO:     127.0.0.1:54261 - "POST /api/id-photo/prepare HTTP/1.1" 200 OK
[id-photo-be] compose start preparedId=c1bd66fb-003c-4751-9b9a-63afcc438398 requestId=55393cf441
[id-photo] requestId=55393cf441 step=save_output cost=56ms
[id-photo-be] bgColor=None
[id-photo-be] outputSize=None
[id-photo-be] backgroundPureColor=None
[id-photo-be] originalBackgroundRemoved=None
[id-photo-be] usedForegroundPng=None
[id-photo-be] usedOriginalImageDirectly=None
[id-photo-be] engine=hivision engineVersion=multi-engine-reset-20260613-local model=rmbg-1.4
[id-photo-be] finalImageUrl=/outputs/27748de8c7e24980a9a4d36413144c4b.jpg?v=55393cf441-1781848603340-5d9961130ab9
[id-photo-be] compose success
[id-photo] requestId=55393cf441 total=59ms success=true finalImageUrl=/outputs/27748de8c7e24980a9a4d36413144c4b.jpg?v=55393cf441-1781848603340-5d9961130ab9
INFO:     127.0.0.1:57296 - "POST /api/id-photo/compose HTTP/1.1" 200 OK
INFO:     127.0.0.1:57297 - "GET /outputs/27748de8c7e24980a9a4d36413144c4b.jpg?v=55393cf441-1781848603340-5d9961130ab9 HTTP/1.1" 200 OK
[id-photo-be] compose start preparedId=c1bd66fb-003c-4751-9b9a-63afcc438398 requestId=400d86e4b6
[id-photo] requestId=400d86e4b6 step=save_output cost=53ms
[id-photo-be] bgColor=None
[id-photo-be] outputSize=None
[id-photo-be] backgroundPureColor=None
[id-photo-be] originalBackgroundRemoved=None
[id-photo-be] usedForegroundPng=None
[id-photo-be] usedOriginalImageDirectly=None
[id-photo-be] engine=hivision engineVersion=multi-engine-reset-20260613-local model=rmbg-1.4
[id-photo-be] finalImageUrl=/outputs/1dbdc59698b04f8a9f2d792f3f60a5bb.jpg?v=400d86e4b6-1781848603463-a2651cb3c22e
[id-photo-be] compose success
[id-photo] requestId=400d86e4b6 total=56ms success=true finalImageUrl=/outputs/1dbdc59698b04f8a9f2d792f3f60a5bb.jpg?v=400d86e4b6-1781848603463-a2651cb3c22e
INFO:     127.0.0.1:57298 - "POST /api/id-photo/compose HTTP/1.1" 200 OK
INFO:     127.0.0.1:60627 - "GET /outputs/1dbdc59698b04f8a9f2d792f3f60a5bb.jpg?v=400d86e4b6-1781848603463-a2651cb3c22e HTTP/1.1" 200 OK
[id-photo-be] prepare start requestId=96195a0785
[id-photo] requestId=96195a0785 step=load_image cost=0ms
[id-photo] requestId=96195a0785 step=matting cost=10ms
[id-photo-be] faceDetector=None
[id-photo-be] faceCount=None
[id-photo-be] faceBox=None
[id-photo-be] mattingEngine=None
[id-photo-be] rembgModel=None
[id-photo-be] engine=hivision engineVersion=multi-engine-reset-20260613-local model=rmbg-1.4
[id-photo-be] foregroundPath=None
[id-photo-be] maskPath=None
[id-photo-be] cropParams=None
[id-photo-be] prepare success preparedId=29e93c93-d05f-4451-beee-50f8054000aa
[id-photo] requestId=96195a0785 total=5507ms success=true preparedId=29e93c93-d05f-4451-beee-50f8054000aa
INFO:     127.0.0.1:60628 - "POST /api/id-photo/prepare HTTP/1.1" 200 OK
[id-photo-be] compose start preparedId=29e93c93-d05f-4451-beee-50f8054000aa requestId=2558578527
[id-photo] requestId=2558578527 step=save_output cost=50ms
[id-photo-be] bgColor=None
[id-photo-be] outputSize=None
[id-photo-be] backgroundPureColor=None
[id-photo-be] originalBackgroundRemoved=None
[id-photo-be] usedForegroundPng=None
[id-photo-be] usedOriginalImageDirectly=None
[id-photo-be] engine=hivision engineVersion=multi-engine-reset-20260613-local model=rmbg-1.4
[id-photo-be] finalImageUrl=/outputs/268b7594eafb4699aaa1c1c008fdd566.jpg?v=2558578527-1781848609097-e1a3e3bb1c4a
[id-photo-be] compose success
[id-photo] requestId=2558578527 total=56ms success=true finalImageUrl=/outputs/268b7594eafb4699aaa1c1c008fdd566.jpg?v=2558578527-1781848609097-e1a3e3bb1c4a
INFO:     127.0.0.1:55296 - "POST /api/id-photo/compose HTTP/1.1" 200 OK
INFO:     127.0.0.1:55297 - "GET /outputs/268b7594eafb4699aaa1c1c008fdd566.jpg?v=2558578527-1781848609097-e1a3e3bb1c4a HTTP/1.1" 200 OK
[id-photo-be] compose start preparedId=29e93c93-d05f-4451-beee-50f8054000aa requestId=2a1cc7f4b9
[id-photo] requestId=2a1cc7f4b9 step=save_output cost=48ms
[id-photo-be] bgColor=None
[id-photo-be] outputSize=None
[id-photo-be] backgroundPureColor=None
[id-photo-be] originalBackgroundRemoved=None
[id-photo-be] usedForegroundPng=None
[id-photo-be] usedOriginalImageDirectly=None
[id-photo-be] engine=hivision engineVersion=multi-engine-reset-20260613-local model=rmbg-1.4
[id-photo-be] finalImageUrl=/outputs/1ad8c53b0ead452f9613dbc7d5db2507.jpg?v=2a1cc7f4b9-1781848609200-4cd1ec22d44e
[id-photo-be] compose success
[id-photo] requestId=2a1cc7f4b9 total=50ms success=true finalImageUrl=/outputs/1ad8c53b0ead452f9613dbc7d5db2507.jpg?v=2a1cc7f4b9-1781848609200-4cd1ec22d44e
INFO:     127.0.0.1:55298 - "POST /api/id-photo/compose HTTP/1.1" 200 OK
INFO:     127.0.0.1:55299 - "GET /outputs/1ad8c53b0ead452f9613dbc7d5db2507.jpg?v=2a1cc7f4b9-1781848609200-4cd1ec22d44e HTTP/1.1" 200 OK
[id-photo-be] prepare start requestId=f315189e1e
[id-photo] requestId=f315189e1e step=load_image cost=0ms
[id-photo] requestId=f315189e1e step=matting cost=10ms
[id-photo-be] faceDetector=None
[id-photo-be] faceCount=None
[id-photo-be] faceBox=None
[id-photo-be] mattingEngine=None
[id-photo-be] rembgModel=None
[id-photo-be] engine=hivision engineVersion=multi-engine-reset-20260613-local model=rmbg-1.4
[id-photo-be] foregroundPath=None
[id-photo-be] maskPath=None
[id-photo-be] cropParams=None
[id-photo-be] prepare success preparedId=e94c3846-eb11-499e-ab10-05727a1f705c
[id-photo] requestId=f315189e1e total=5182ms success=true preparedId=e94c3846-eb11-499e-ab10-05727a1f705c
INFO:     127.0.0.1:55300 - "POST /api/id-photo/prepare HTTP/1.1" 200 OK
[id-photo-be] compose start preparedId=e94c3846-eb11-499e-ab10-05727a1f705c requestId=2fe21b2df1
[id-photo] requestId=2fe21b2df1 step=save_output cost=52ms
[id-photo-be] bgColor=None
[id-photo-be] outputSize=None
[id-photo-be] backgroundPureColor=None
[id-photo-be] originalBackgroundRemoved=None
[id-photo-be] usedForegroundPng=None
[id-photo-be] usedOriginalImageDirectly=None
[id-photo-be] engine=hivision engineVersion=multi-engine-reset-20260613-local model=rmbg-1.4
[id-photo-be] finalImageUrl=/outputs/d4e14443476b46eb80381306a1a267ff.jpg?v=2fe21b2df1-1781848614500-67ab9dfc35a8
[id-photo-be] compose success
[id-photo] requestId=2fe21b2df1 total=55ms success=true finalImageUrl=/outputs/d4e14443476b46eb80381306a1a267ff.jpg?v=2fe21b2df1-1781848614500-67ab9dfc35a8
INFO:     127.0.0.1:55502 - "POST /api/id-photo/compose HTTP/1.1" 200 OK
INFO:     127.0.0.1:55503 - "GET /outputs/d4e14443476b46eb80381306a1a267ff.jpg?v=2fe21b2df1-1781848614500-67ab9dfc35a8 HTTP/1.1" 200 OK
[id-photo-be] compose start preparedId=e94c3846-eb11-499e-ab10-05727a1f705c requestId=750cb1e600
[id-photo] requestId=750cb1e600 step=save_output cost=55ms
[id-photo-be] bgColor=None
[id-photo-be] outputSize=None
[id-photo-be] backgroundPureColor=None
[id-photo-be] originalBackgroundRemoved=None
[id-photo-be] usedForegroundPng=None
[id-photo-be] usedOriginalImageDirectly=None
[id-photo-be] engine=hivision engineVersion=multi-engine-reset-20260613-local model=rmbg-1.4
[id-photo-be] finalImageUrl=/outputs/88f5e092bf3941e5912cfb3080de1ec2.jpg?v=750cb1e600-1781848614586-2ab9d84648ed
[id-photo-be] compose success
[id-photo] requestId=750cb1e600 total=58ms success=true finalImageUrl=/outputs/88f5e092bf3941e5912cfb3080de1ec2.jpg?v=750cb1e600-1781848614586-2ab9d84648ed
INFO:     127.0.0.1:55504 - "POST /api/id-photo/compose HTTP/1.1" 200 OK
INFO:     127.0.0.1:59412 - "GET /outputs/88f5e092bf3941e5912cfb3080de1ec2.jpg?v=750cb1e600-1781848614586-2ab9d84648ed HTTP/1.1" 200 OK
[id-photo-be] prepare start requestId=376817a2a0
[id-photo] requestId=376817a2a0 step=load_image cost=0ms
[id-photo] requestId=376817a2a0 step=matting cost=10ms
[id-photo-be] faceDetector=None
[id-photo-be] faceCount=None
[id-photo-be] faceBox=None
[id-photo-be] mattingEngine=None
[id-photo-be] rembgModel=None
[id-photo-be] engine=hivision engineVersion=multi-engine-reset-20260613-local model=rmbg-1.4
[id-photo-be] foregroundPath=None
[id-photo-be] maskPath=None
[id-photo-be] cropParams=None
[id-photo-be] prepare success preparedId=1f25db96-3067-416f-b8af-063f9d89db48
[id-photo] requestId=376817a2a0 total=5497ms success=true preparedId=1f25db96-3067-416f-b8af-063f9d89db48
INFO:     127.0.0.1:59413 - "POST /api/id-photo/prepare HTTP/1.1" 200 OK
[id-photo-be] compose start preparedId=1f25db96-3067-416f-b8af-063f9d89db48 requestId=651f93936e
[id-photo] requestId=651f93936e step=save_output cost=49ms
[id-photo-be] bgColor=None
[id-photo-be] outputSize=None
[id-photo-be] backgroundPureColor=None
[id-photo-be] originalBackgroundRemoved=None
[id-photo-be] usedForegroundPng=None
[id-photo-be] usedOriginalImageDirectly=None
[id-photo-be] engine=hivision engineVersion=multi-engine-reset-20260613-local model=rmbg-1.4
[id-photo-be] finalImageUrl=/outputs/58b1871fa0a84e89a0995438432a73b6.jpg?v=651f93936e-1781848620175-31bc754b825b
[id-photo-be] compose success
[id-photo] requestId=651f93936e total=50ms success=true finalImageUrl=/outputs/58b1871fa0a84e89a0995438432a73b6.jpg?v=651f93936e-1781848620175-31bc754b825b
INFO:     127.0.0.1:50466 - "POST /api/id-photo/compose HTTP/1.1" 200 OK
INFO:     127.0.0.1:50467 - "GET /outputs/58b1871fa0a84e89a0995438432a73b6.jpg?v=651f93936e-1781848620175-31bc754b825b HTTP/1.1" 200 OK
[id-photo-be] compose start preparedId=1f25db96-3067-416f-b8af-063f9d89db48 requestId=23d847a90f
[id-photo] requestId=23d847a90f step=save_output cost=50ms
[id-photo-be] bgColor=None
[id-photo-be] outputSize=None
[id-photo-be] backgroundPureColor=None
[id-photo-be] originalBackgroundRemoved=None
[id-photo-be] usedForegroundPng=None
[id-photo-be] usedOriginalImageDirectly=None
[id-photo-be] engine=hivision engineVersion=multi-engine-reset-20260613-local model=rmbg-1.4
[id-photo-be] finalImageUrl=/outputs/b5c37c45bd8d4d19b38a3acb48df6872.jpg?v=23d847a90f-1781848620270-6ae6b0572ed0
[id-photo-be] compose success
[id-photo] requestId=23d847a90f total=51ms success=true finalImageUrl=/outputs/b5c37c45bd8d4d19b38a3acb48df6872.jpg?v=23d847a90f-1781848620270-6ae6b0572ed0
INFO:     127.0.0.1:50468 - "POST /api/id-photo/compose HTTP/1.1" 200 OK
INFO:     127.0.0.1:50469 - "GET /outputs/b5c37c45bd8d4d19b38a3acb48df6872.jpg?v=23d847a90f-1781848620270-6ae6b0572ed0 HTTP/1.1" 200 OK
[id-photo-be] prepare start requestId=8fa5deb18c
[id-photo] requestId=8fa5deb18c step=load_image cost=0ms
[id-photo] requestId=8fa5deb18c step=matting cost=10ms
[id-photo-be] faceDetector=None
[id-photo-be] faceCount=None
[id-photo-be] faceBox=None
[id-photo-be] mattingEngine=None
[id-photo-be] rembgModel=None
[id-photo-be] engine=hivision engineVersion=multi-engine-reset-20260613-local model=rmbg-1.4
[id-photo-be] foregroundPath=None
[id-photo-be] maskPath=None
[id-photo-be] cropParams=None
[id-photo-be] prepare success preparedId=d0122a46-51c2-477e-97ff-810cd0e675a0
[id-photo] requestId=8fa5deb18c total=4929ms success=true preparedId=d0122a46-51c2-477e-97ff-810cd0e675a0
INFO:     127.0.0.1:50470 - "POST /api/id-photo/prepare HTTP/1.1" 200 OK
[id-photo-be] compose start preparedId=d0122a46-51c2-477e-97ff-810cd0e675a0 requestId=d0a9797e51
[id-photo] requestId=d0a9797e51 step=save_output cost=52ms
[id-photo-be] bgColor=None
[id-photo-be] outputSize=None
[id-photo-be] backgroundPureColor=None
[id-photo-be] originalBackgroundRemoved=None
[id-photo-be] usedForegroundPng=None
[id-photo-be] usedOriginalImageDirectly=None
[id-photo-be] engine=hivision engineVersion=multi-engine-reset-20260613-local model=rmbg-1.4
[id-photo-be] finalImageUrl=/outputs/dbb3c3b4bee44e09a3cfe4e89bbee2a5.jpg?v=d0a9797e51-1781848625349-0518af7828e3
[id-photo-be] compose success
[id-photo] requestId=d0a9797e51 total=54ms success=true finalImageUrl=/outputs/dbb3c3b4bee44e09a3cfe4e89bbee2a5.jpg?v=d0a9797e51-1781848625349-0518af7828e3
INFO:     127.0.0.1:60018 - "POST /api/id-photo/compose HTTP/1.1" 200 OK
INFO:     127.0.0.1:60019 - "GET /outputs/dbb3c3b4bee44e09a3cfe4e89bbee2a5.jpg?v=d0a9797e51-1781848625349-0518af7828e3 HTTP/1.1" 200 OK
[id-photo-be] prepare start requestId=d8538bb020
[id-photo] requestId=d8538bb020 step=load_image cost=0ms
[id-photo] requestId=d8538bb020 step=matting cost=10ms
[id-photo-be] faceDetector=None
[id-photo-be] faceCount=None
[id-photo-be] faceBox=None
[id-photo-be] mattingEngine=None
[id-photo-be] rembgModel=None
[id-photo-be] engine=hivision engineVersion=multi-engine-reset-20260613-local model=rmbg-1.4
[id-photo-be] foregroundPath=None
[id-photo-be] maskPath=None
[id-photo-be] cropParams=None
[id-photo-be] prepare success preparedId=a537ea5d-e3f8-4f1c-a842-ac0c668d3910
[id-photo] requestId=d8538bb020 total=5596ms success=true preparedId=a537ea5d-e3f8-4f1c-a842-ac0c668d3910
INFO:     127.0.0.1:60020 - "POST /api/id-photo/prepare HTTP/1.1" 200 OK
[id-photo-be] compose start preparedId=a537ea5d-e3f8-4f1c-a842-ac0c668d3910 requestId=0471c6079d
[id-photo] requestId=0471c6079d step=save_output cost=53ms
[id-photo-be] bgColor=None
[id-photo-be] outputSize=None
[id-photo-be] backgroundPureColor=None
[id-photo-be] originalBackgroundRemoved=None
[id-photo-be] usedForegroundPng=None
[id-photo-be] usedOriginalImageDirectly=None
[id-photo-be] engine=hivision engineVersion=multi-engine-reset-20260613-local model=rmbg-1.4
[id-photo-be] finalImageUrl=/outputs/e7abf4750101468bb043827766a62b45.jpg?v=0471c6079d-1781848631046-7891f02cfd6a
[id-photo-be] compose success
[id-photo] requestId=0471c6079d total=55ms success=true finalImageUrl=/outputs/e7abf4750101468bb043827766a62b45.jpg?v=0471c6079d-1781848631046-7891f02cfd6a
INFO:     127.0.0.1:52239 - "POST /api/id-photo/compose HTTP/1.1" 200 OK
INFO:     127.0.0.1:52240 - "GET /outputs/e7abf4750101468bb043827766a62b45.jpg?v=0471c6079d-1781848631046-7891f02cfd6a HTTP/1.1" 200 OK
[id-photo-be] prepare start requestId=f2a6f3c484
[id-photo] requestId=f2a6f3c484 step=load_image cost=0ms
[id-photo] requestId=f2a6f3c484 step=matting cost=10ms
[id-photo-be] faceDetector=None
[id-photo-be] faceCount=None
[id-photo-be] faceBox=None
[id-photo-be] mattingEngine=None
[id-photo-be] rembgModel=None
[id-photo-be] engine=hivision engineVersion=multi-engine-reset-20260613-local model=rmbg-1.4
[id-photo-be] foregroundPath=None
[id-photo-be] maskPath=None
[id-photo-be] cropParams=None
[id-photo-be] prepare success preparedId=dc80235d-1218-43e6-b865-93fb6c40cef8
[id-photo] requestId=f2a6f3c484 total=4973ms success=true preparedId=dc80235d-1218-43e6-b865-93fb6c40cef8
INFO:     127.0.0.1:52241 - "POST /api/id-photo/prepare HTTP/1.1" 200 OK
[id-photo-be] compose start preparedId=dc80235d-1218-43e6-b865-93fb6c40cef8 requestId=87c46f4af7
[id-photo] requestId=87c46f4af7 step=save_output cost=49ms
[id-photo-be] bgColor=None
[id-photo-be] outputSize=None
[id-photo-be] backgroundPureColor=None
[id-photo-be] originalBackgroundRemoved=None
[id-photo-be] usedForegroundPng=None
[id-photo-be] usedOriginalImageDirectly=None
[id-photo-be] engine=hivision engineVersion=multi-engine-reset-20260613-local model=rmbg-1.4
[id-photo-be] finalImageUrl=/outputs/e7ce9bc6516f43d78354b00f6ce7c86c.jpg?v=87c46f4af7-1781848636184-d2dde91e7579
[id-photo-be] compose success
[id-photo] requestId=87c46f4af7 total=53ms success=true finalImageUrl=/outputs/e7ce9bc6516f43d78354b00f6ce7c86c.jpg?v=87c46f4af7-1781848636184-d2dde91e7579
INFO:     127.0.0.1:51581 - "POST /api/id-photo/compose HTTP/1.1" 200 OK
INFO:     127.0.0.1:51582 - "GET /outputs/e7ce9bc6516f43d78354b00f6ce7c86c.jpg?v=87c46f4af7-1781848636184-d2dde91e7579 HTTP/1.1" 200 OK
[id-photo-be] compose start preparedId=dc80235d-1218-43e6-b865-93fb6c40cef8 requestId=44b7b04c59
[id-photo] requestId=44b7b04c59 step=save_output cost=51ms
[id-photo-be] bgColor=None
[id-photo-be] outputSize=None
[id-photo-be] backgroundPureColor=None
[id-photo-be] originalBackgroundRemoved=None
[id-photo-be] usedForegroundPng=None
[id-photo-be] usedOriginalImageDirectly=None
[id-photo-be] engine=hivision engineVersion=multi-engine-reset-20260613-local model=rmbg-1.4
[id-photo-be] finalImageUrl=/outputs/0c88064f9f7d44d39ac74b6467880528.jpg?v=44b7b04c59-1781848636266-7e1912c055e5
[id-photo-be] compose success
[id-photo] requestId=44b7b04c59 total=54ms success=true finalImageUrl=/outputs/0c88064f9f7d44d39ac74b6467880528.jpg?v=44b7b04c59-1781848636266-7e1912c055e5
INFO:     127.0.0.1:51583 - "POST /api/id-photo/compose HTTP/1.1" 200 OK
INFO:     127.0.0.1:51584 - "GET /outputs/0c88064f9f7d44d39ac74b6467880528.jpg?v=44b7b04c59-1781848636266-7e1912c055e5 HTTP/1.1" 200 OK
[id-photo-be] prepare start requestId=9f63442383
[id-photo] requestId=9f63442383 step=load_image cost=0ms
[id-photo] requestId=9f63442383 step=matting cost=10ms
[id-photo-be] faceDetector=None
[id-photo-be] faceCount=None
[id-photo-be] faceBox=None
[id-photo-be] mattingEngine=None
[id-photo-be] rembgModel=None
[id-photo-be] engine=hivision engineVersion=multi-engine-reset-20260613-local model=rmbg-1.4
[id-photo-be] foregroundPath=None
[id-photo-be] maskPath=None
[id-photo-be] cropParams=None
[id-photo-be] prepare success preparedId=ee8601e9-7c21-46ad-85ce-62cb214117df
[id-photo] requestId=9f63442383 total=5843ms success=true preparedId=ee8601e9-7c21-46ad-85ce-62cb214117df
INFO:     127.0.0.1:51585 - "POST /api/id-photo/prepare HTTP/1.1" 200 OK
[id-photo-be] compose start preparedId=ee8601e9-7c21-46ad-85ce-62cb214117df requestId=f90cefb036
[id-photo] requestId=f90cefb036 step=save_output cost=52ms
[id-photo-be] bgColor=None
[id-photo-be] outputSize=None
[id-photo-be] backgroundPureColor=None
[id-photo-be] originalBackgroundRemoved=None
[id-photo-be] usedForegroundPng=None
[id-photo-be] usedOriginalImageDirectly=None
[id-photo-be] engine=hivision engineVersion=multi-engine-reset-20260613-local model=rmbg-1.4
[id-photo-be] finalImageUrl=/outputs/9f15feb075a74a73a26cb8f5783b1c4a.jpg?v=f90cefb036-1781848642221-b0b0dded5574
[id-photo-be] compose success
[id-photo] requestId=f90cefb036 total=54ms success=true finalImageUrl=/outputs/9f15feb075a74a73a26cb8f5783b1c4a.jpg?v=f90cefb036-1781848642221-b0b0dded5574
INFO:     127.0.0.1:50855 - "POST /api/id-photo/compose HTTP/1.1" 200 OK
INFO:     127.0.0.1:50856 - "GET /outputs/9f15feb075a74a73a26cb8f5783b1c4a.jpg?v=f90cefb036-1781848642221-b0b0dded5574 HTTP/1.1" 200 OK
[id-photo-be] compose start preparedId=ee8601e9-7c21-46ad-85ce-62cb214117df requestId=7826f6cffd
[id-photo] requestId=7826f6cffd step=save_output cost=51ms
[id-photo-be] bgColor=None
[id-photo-be] outputSize=None
[id-photo-be] backgroundPureColor=None
[id-photo-be] originalBackgroundRemoved=None
[id-photo-be] usedForegroundPng=None
[id-photo-be] usedOriginalImageDirectly=None
[id-photo-be] engine=hivision engineVersion=multi-engine-reset-20260613-local model=rmbg-1.4
[id-photo-be] finalImageUrl=/outputs/85b74393fbb04693a0b81236824bd76a.jpg?v=7826f6cffd-1781848642298-8eb717fcc1f6
[id-photo-be] compose success
[id-photo] requestId=7826f6cffd total=53ms success=true finalImageUrl=/outputs/85b74393fbb04693a0b81236824bd76a.jpg?v=7826f6cffd-1781848642298-8eb717fcc1f6
INFO:     127.0.0.1:50857 - "POST /api/id-photo/compose HTTP/1.1" 200 OK
INFO:     127.0.0.1:50858 - "GET /outputs/85b74393fbb04693a0b81236824bd76a.jpg?v=7826f6cffd-1781848642298-8eb717fcc1f6 HTTP/1.1" 200 OK
[id-photo-be] compose start preparedId=ee8601e9-7c21-46ad-85ce-62cb214117df requestId=6bee612840
[id-photo] requestId=6bee612840 step=save_output cost=48ms
[id-photo-be] bgColor=None
[id-photo-be] outputSize=None
[id-photo-be] backgroundPureColor=None
[id-photo-be] originalBackgroundRemoved=None
[id-photo-be] usedForegroundPng=None
[id-photo-be] usedOriginalImageDirectly=None
[id-photo-be] engine=hivision engineVersion=multi-engine-reset-20260613-local model=rmbg-1.4
[id-photo-be] finalImageUrl=/outputs/0648373ec46848ad950c67a4d0b1eb1b.jpg?v=6bee612840-1781848642391-b42801b07338
[id-photo-be] compose success
[id-photo] requestId=6bee612840 total=50ms success=true finalImageUrl=/outputs/0648373ec46848ad950c67a4d0b1eb1b.jpg?v=6bee612840-1781848642391-b42801b07338
INFO:     127.0.0.1:50859 - "POST /api/id-photo/compose HTTP/1.1" 200 OK
INFO:     127.0.0.1:50860 - "GET /outputs/0648373ec46848ad950c67a4d0b1eb1b.jpg?v=6bee612840-1781848642391-b42801b07338 HTTP/1.1" 200 OK
[id-photo-be] compose start preparedId=ee8601e9-7c21-46ad-85ce-62cb214117df requestId=b7cea863ba
[id-photo] requestId=b7cea863ba step=save_output cost=47ms
[id-photo-be] bgColor=None
[id-photo-be] outputSize=None
[id-photo-be] backgroundPureColor=None
[id-photo-be] originalBackgroundRemoved=None
[id-photo-be] usedForegroundPng=None
[id-photo-be] usedOriginalImageDirectly=None
[id-photo-be] engine=hivision engineVersion=multi-engine-reset-20260613-local model=rmbg-1.4
[id-photo-be] finalImageUrl=/outputs/135e197d30dc46529158c27cdcb351bc.jpg?v=b7cea863ba-1781848642473-2af3393e29ef
[id-photo-be] compose success
[id-photo] requestId=b7cea863ba total=50ms success=true finalImageUrl=/outputs/135e197d30dc46529158c27cdcb351bc.jpg?v=b7cea863ba-1781848642473-2af3393e29ef
INFO:     127.0.0.1:50861 - "POST /api/id-photo/compose HTTP/1.1" 200 OK
INFO:     127.0.0.1:50862 - "GET /outputs/135e197d30dc46529158c27cdcb351bc.jpg?v=b7cea863ba-1781848642473-2af3393e29ef HTTP/1.1" 200 OK
[id-photo-be] compose start preparedId=ee8601e9-7c21-46ad-85ce-62cb214117df requestId=f89e6658ae
[id-photo] requestId=f89e6658ae step=save_output cost=50ms
[id-photo-be] bgColor=None
[id-photo-be] outputSize=None
[id-photo-be] backgroundPureColor=None
[id-photo-be] originalBackgroundRemoved=None
[id-photo-be] usedForegroundPng=None
[id-photo-be] usedOriginalImageDirectly=None
[id-photo-be] engine=hivision engineVersion=multi-engine-reset-20260613-local model=rmbg-1.4
[id-photo-be] finalImageUrl=/outputs/833a4a12b8a9437ba815315d64d261a5.jpg?v=f89e6658ae-1781848642561-5d006c190847
[id-photo-be] compose success
[id-photo] requestId=f89e6658ae total=53ms success=true finalImageUrl=/outputs/833a4a12b8a9437ba815315d64d261a5.jpg?v=f89e6658ae-1781848642561-5d006c190847
INFO:     127.0.0.1:50863 - "POST /api/id-photo/compose HTTP/1.1" 200 OK
INFO:     127.0.0.1:50864 - "GET /outputs/833a4a12b8a9437ba815315d64d261a5.jpg?v=f89e6658ae-1781848642561-5d006c190847 HTTP/1.1" 200 OK
[id-photo-be] prepare start requestId=bfda875e00
[id-photo] requestId=bfda875e00 step=load_image cost=0ms
[id-photo] requestId=bfda875e00 step=matting cost=10ms
[id-photo-be] faceDetector=None
[id-photo-be] faceCount=None
[id-photo-be] faceBox=None
[id-photo-be] mattingEngine=None
[id-photo-be] rembgModel=None
[id-photo-be] engine=hivision engineVersion=multi-engine-reset-20260613-local model=rmbg-1.4
[id-photo-be] foregroundPath=None
[id-photo-be] maskPath=None
[id-photo-be] cropParams=None
[id-photo-be] prepare success preparedId=e8fb4948-592c-4ea8-a93c-28fb55bcea9d
[id-photo] requestId=bfda875e00 total=24003ms success=true preparedId=e8fb4948-592c-4ea8-a93c-28fb55bcea9d
INFO:     127.0.0.1:50865 - "POST /api/id-photo/prepare HTTP/1.1" 200 OK
[id-photo-be] compose start preparedId=e8fb4948-592c-4ea8-a93c-28fb55bcea9d requestId=435921d445
[id-photo] requestId=435921d445 step=save_output cost=76ms
[id-photo-be] bgColor=None
[id-photo-be] outputSize=None
[id-photo-be] backgroundPureColor=None
[id-photo-be] originalBackgroundRemoved=None
[id-photo-be] usedForegroundPng=None
[id-photo-be] usedOriginalImageDirectly=None
[id-photo-be] engine=hivision engineVersion=multi-engine-reset-20260613-local model=rmbg-1.4
[id-photo-be] finalImageUrl=/outputs/e742fb7ce9b1407f9f5e17f0469c5e5c.jpg?v=435921d445-1781848666665-d849a62c4f04
[id-photo-be] compose success
[id-photo] requestId=435921d445 total=77ms success=true finalImageUrl=/outputs/e742fb7ce9b1407f9f5e17f0469c5e5c.jpg?v=435921d445-1781848666665-d849a62c4f04
INFO:     127.0.0.1:55033 - "POST /api/id-photo/compose HTTP/1.1" 200 OK
INFO:     127.0.0.1:55034 - "GET /outputs/e742fb7ce9b1407f9f5e17f0469c5e5c.jpg?v=435921d445-1781848666665-d849a62c4f04 HTTP/1.1" 200 OK
[id-photo-be] prepare start requestId=4f6e7b415c
[id-photo] requestId=4f6e7b415c step=load_image cost=0ms
[id-photo] requestId=4f6e7b415c step=matting cost=10ms
[id-photo-be] faceDetector=None
[id-photo-be] faceCount=None
[id-photo-be] faceBox=None
[id-photo-be] mattingEngine=None
[id-photo-be] rembgModel=None
[id-photo-be] engine=hivision engineVersion=multi-engine-reset-20260613-local model=rmbg-1.4
[id-photo-be] foregroundPath=None
[id-photo-be] maskPath=None
[id-photo-be] cropParams=None
[id-photo-be] prepare success preparedId=ff9bd1ae-2a21-495b-b278-fc3698f7da68
[id-photo] requestId=4f6e7b415c total=4671ms success=true preparedId=ff9bd1ae-2a21-495b-b278-fc3698f7da68
INFO:     127.0.0.1:55035 - "POST /api/id-photo/prepare HTTP/1.1" 200 OK
[id-photo-be] compose start preparedId=ff9bd1ae-2a21-495b-b278-fc3698f7da68 requestId=aa644daf67
[id-photo] requestId=aa644daf67 step=save_output cost=49ms
[id-photo-be] bgColor=None
[id-photo-be] outputSize=None
[id-photo-be] backgroundPureColor=None
[id-photo-be] originalBackgroundRemoved=None
[id-photo-be] usedForegroundPng=None
[id-photo-be] usedOriginalImageDirectly=None
[id-photo-be] engine=hivision engineVersion=multi-engine-reset-20260613-local model=rmbg-1.4
[id-photo-be] finalImageUrl=/outputs/1b65d3fdc95e4c3a9951745fb23e94be.jpg?v=aa644daf67-1781848671489-ca6185cde6bc
[id-photo-be] compose success
[id-photo] requestId=aa644daf67 total=51ms success=true finalImageUrl=/outputs/1b65d3fdc95e4c3a9951745fb23e94be.jpg?v=aa644daf67-1781848671489-ca6185cde6bc
INFO:     127.0.0.1:50880 - "POST /api/id-photo/compose HTTP/1.1" 200 OK
INFO:     127.0.0.1:50881 - "GET /outputs/1b65d3fdc95e4c3a9951745fb23e94be.jpg?v=aa644daf67-1781848671489-ca6185cde6bc HTTP/1.1" 200 OK
[id-photo-be] prepare start requestId=b1d2daf502
[id-photo] requestId=b1d2daf502 step=load_image cost=0ms
[id-photo] requestId=b1d2daf502 step=matting cost=10ms
[id-photo-be] faceDetector=None
[id-photo-be] faceCount=None
[id-photo-be] faceBox=None
[id-photo-be] mattingEngine=None
[id-photo-be] rembgModel=None
[id-photo-be] engine=hivision engineVersion=multi-engine-reset-20260613-local model=rmbg-1.4
[id-photo-be] foregroundPath=None
[id-photo-be] maskPath=None
[id-photo-be] cropParams=None
[id-photo-be] prepare success preparedId=98f9d522-fc3e-4bf5-8165-e6671c4291a3
[id-photo] requestId=b1d2daf502 total=4368ms success=true preparedId=98f9d522-fc3e-4bf5-8165-e6671c4291a3
INFO:     127.0.0.1:50882 - "POST /api/id-photo/prepare HTTP/1.1" 200 OK
[id-photo-be] compose start preparedId=98f9d522-fc3e-4bf5-8165-e6671c4291a3 requestId=b2aea54163
[id-photo] requestId=b2aea54163 step=save_output cost=49ms
[id-photo-be] bgColor=None
[id-photo-be] outputSize=None
[id-photo-be] backgroundPureColor=None
[id-photo-be] originalBackgroundRemoved=None
[id-photo-be] usedForegroundPng=None
[id-photo-be] usedOriginalImageDirectly=None
[id-photo-be] engine=hivision engineVersion=multi-engine-reset-20260613-local model=rmbg-1.4
[id-photo-be] finalImageUrl=/outputs/cdabd86c49304f418fde7df5fe76ce67.jpg?v=b2aea54163-1781848675971-1fa41f1218b2
[id-photo-be] compose success
[id-photo] requestId=b2aea54163 total=51ms success=true finalImageUrl=/outputs/cdabd86c49304f418fde7df5fe76ce67.jpg?v=b2aea54163-1781848675971-1fa41f1218b2
INFO:     127.0.0.1:53233 - "POST /api/id-photo/compose HTTP/1.1" 200 OK
INFO:     127.0.0.1:53234 - "GET /outputs/cdabd86c49304f418fde7df5fe76ce67.jpg?v=b2aea54163-1781848675971-1fa41f1218b2 HTTP/1.1" 200 OK
[id-photo-be] prepare start requestId=e72baa3b5a
[id-photo] requestId=e72baa3b5a step=load_image cost=0ms
[id-photo] requestId=e72baa3b5a step=matting cost=10ms
[id-photo-be] faceDetector=None
[id-photo-be] faceCount=None
[id-photo-be] faceBox=None
[id-photo-be] mattingEngine=None
[id-photo-be] rembgModel=None
[id-photo-be] engine=hivision engineVersion=multi-engine-reset-20260613-local model=rmbg-1.4
[id-photo-be] foregroundPath=None
[id-photo-be] maskPath=None
[id-photo-be] cropParams=None
[id-photo-be] prepare success preparedId=0126178d-1188-4fb6-b80c-8360f8a6658c
[id-photo] requestId=e72baa3b5a total=4211ms success=true preparedId=0126178d-1188-4fb6-b80c-8360f8a6658c
INFO:     127.0.0.1:53235 - "POST /api/id-photo/prepare HTTP/1.1" 200 OK
[id-photo-be] compose start preparedId=0126178d-1188-4fb6-b80c-8360f8a6658c requestId=323f72d6d3
[id-photo] requestId=323f72d6d3 step=save_output cost=52ms
[id-photo-be] bgColor=None
[id-photo-be] outputSize=None
[id-photo-be] backgroundPureColor=None
[id-photo-be] originalBackgroundRemoved=None
[id-photo-be] usedForegroundPng=None
[id-photo-be] usedOriginalImageDirectly=None
[id-photo-be] engine=hivision engineVersion=multi-engine-reset-20260613-local model=rmbg-1.4
[id-photo-be] finalImageUrl=/outputs/6cf7ed8b275941e48f09525ea3305254.jpg?v=323f72d6d3-1781848680269-5e1168a053da
[id-photo-be] compose success
[id-photo] requestId=323f72d6d3 total=55ms success=true finalImageUrl=/outputs/6cf7ed8b275941e48f09525ea3305254.jpg?v=323f72d6d3-1781848680269-5e1168a053da
INFO:     127.0.0.1:58151 - "POST /api/id-photo/compose HTTP/1.1" 200 OK
INFO:     127.0.0.1:58153 - "GET /outputs/6cf7ed8b275941e48f09525ea3305254.jpg?v=323f72d6d3-1781848680269-5e1168a053da HTTP/1.1" 200 OK
[id-photo-be] prepare start requestId=ba522e34a1
[id-photo] requestId=ba522e34a1 step=load_image cost=0ms
[id-photo] requestId=ba522e34a1 step=matting cost=10ms
[id-photo-be] faceDetector=None
[id-photo-be] faceCount=None
[id-photo-be] faceBox=None
[id-photo-be] mattingEngine=None
[id-photo-be] rembgModel=None
[id-photo-be] engine=hivision engineVersion=multi-engine-reset-20260613-local model=rmbg-1.4
[id-photo-be] foregroundPath=None
[id-photo-be] maskPath=None
[id-photo-be] cropParams=None
[id-photo-be] prepare success preparedId=55ce2089-a1e3-49a7-96c2-ef1ff3fca489
[id-photo] requestId=ba522e34a1 total=5002ms success=true preparedId=55ce2089-a1e3-49a7-96c2-ef1ff3fca489
INFO:     127.0.0.1:58155 - "POST /api/id-photo/prepare HTTP/1.1" 200 OK
[id-photo-be] compose start preparedId=55ce2089-a1e3-49a7-96c2-ef1ff3fca489 requestId=ffd77550a5
[id-photo] requestId=ffd77550a5 step=save_output cost=50ms
[id-photo-be] bgColor=None
[id-photo-be] outputSize=None
[id-photo-be] backgroundPureColor=None
[id-photo-be] originalBackgroundRemoved=None
[id-photo-be] usedForegroundPng=None
[id-photo-be] usedOriginalImageDirectly=None
[id-photo-be] engine=hivision engineVersion=multi-engine-reset-20260613-local model=rmbg-1.4
[id-photo-be] finalImageUrl=/outputs/1a353ec605d1499a9b22dda3d27ab124.jpg?v=ffd77550a5-1781848685419-8cb2bd44b673
[id-photo-be] compose success
[id-photo] requestId=ffd77550a5 total=52ms success=true finalImageUrl=/outputs/1a353ec605d1499a9b22dda3d27ab124.jpg?v=ffd77550a5-1781848685419-8cb2bd44b673
INFO:     127.0.0.1:61253 - "POST /api/id-photo/compose HTTP/1.1" 200 OK
INFO:     127.0.0.1:61254 - "GET /outputs/1a353ec605d1499a9b22dda3d27ab124.jpg?v=ffd77550a5-1781848685419-8cb2bd44b673 HTTP/1.1" 200 OK
[id-photo-be] prepare start requestId=b1a540eabf
[id-photo] requestId=b1a540eabf step=load_image cost=0ms
[id-photo] requestId=b1a540eabf step=matting cost=10ms
[id-photo-be] faceDetector=None
[id-photo-be] faceCount=None
[id-photo-be] faceBox=None
[id-photo-be] mattingEngine=None
[id-photo-be] rembgModel=None
[id-photo-be] engine=hivision engineVersion=multi-engine-reset-20260613-local model=rmbg-1.4
[id-photo-be] foregroundPath=None
[id-photo-be] maskPath=None
[id-photo-be] cropParams=None
[id-photo-be] prepare success preparedId=8337678f-43ca-49ac-bb3b-72bcc8f87801
[id-photo] requestId=b1a540eabf total=6414ms success=true preparedId=8337678f-43ca-49ac-bb3b-72bcc8f87801
INFO:     127.0.0.1:58860 - "POST /api/id-photo/prepare HTTP/1.1" 200 OK
[id-photo-be] compose start preparedId=8337678f-43ca-49ac-bb3b-72bcc8f87801 requestId=1907d5915c
[id-photo] requestId=1907d5915c step=save_output cost=49ms
[id-photo-be] bgColor=None
[id-photo-be] outputSize=None
[id-photo-be] backgroundPureColor=None
[id-photo-be] originalBackgroundRemoved=None
[id-photo-be] usedForegroundPng=None
[id-photo-be] usedOriginalImageDirectly=None
[id-photo-be] engine=hivision engineVersion=multi-engine-reset-20260613-local model=rmbg-1.4
[id-photo-be] finalImageUrl=/outputs/e6df936cb251497997f60a411dddb767.jpg?v=1907d5915c-1781848691960-b5bfa2765139
[id-photo-be] compose success
[id-photo] requestId=1907d5915c total=52ms success=true finalImageUrl=/outputs/e6df936cb251497997f60a411dddb767.jpg?v=1907d5915c-1781848691960-b5bfa2765139
INFO:     127.0.0.1:49878 - "POST /api/id-photo/compose HTTP/1.1" 200 OK
INFO:     127.0.0.1:49879 - "GET /outputs/e6df936cb251497997f60a411dddb767.jpg?v=1907d5915c-1781848691960-b5bfa2765139 HTTP/1.1" 200 OK
[id-photo-be] prepare start requestId=3ada720630
[id-photo] requestId=3ada720630 step=load_image cost=0ms
[id-photo] requestId=3ada720630 step=matting cost=10ms
[id-photo-be] faceDetector=None
[id-photo-be] faceCount=None
[id-photo-be] faceBox=None
[id-photo-be] mattingEngine=None
[id-photo-be] rembgModel=None
[id-photo-be] engine=hivision engineVersion=multi-engine-reset-20260613-local model=rmbg-1.4
[id-photo-be] foregroundPath=None
[id-photo-be] maskPath=None
[id-photo-be] cropParams=None
[id-photo-be] prepare success preparedId=9d857ddf-fa8b-44c3-9550-53b0659cc3c7
[id-photo] requestId=3ada720630 total=4098ms success=true preparedId=9d857ddf-fa8b-44c3-9550-53b0659cc3c7
INFO:     127.0.0.1:49880 - "POST /api/id-photo/prepare HTTP/1.1" 200 OK
[id-photo-be] compose start preparedId=9d857ddf-fa8b-44c3-9550-53b0659cc3c7 requestId=71d7c950f1
[id-photo] requestId=71d7c950f1 step=save_output cost=48ms
[id-photo-be] bgColor=None
[id-photo-be] outputSize=None
[id-photo-be] backgroundPureColor=None
[id-photo-be] originalBackgroundRemoved=None
[id-photo-be] usedForegroundPng=None
[id-photo-be] usedOriginalImageDirectly=None
[id-photo-be] engine=hivision engineVersion=multi-engine-reset-20260613-local model=rmbg-1.4
[id-photo-be] finalImageUrl=/outputs/b2e03f01adc84c10a30a52cc2bb94ea7.jpg?v=71d7c950f1-1781848696168-9a7128f788c7
[id-photo-be] compose success
[id-photo] requestId=71d7c950f1 total=51ms success=true finalImageUrl=/outputs/b2e03f01adc84c10a30a52cc2bb94ea7.jpg?v=71d7c950f1-1781848696168-9a7128f788c7
INFO:     127.0.0.1:64077 - "POST /api/id-photo/compose HTTP/1.1" 200 OK
INFO:     127.0.0.1:64078 - "GET /outputs/b2e03f01adc84c10a30a52cc2bb94ea7.jpg?v=71d7c950f1-1781848696168-9a7128f788c7 HTTP/1.1" 200 OK
[id-photo-be] prepare start requestId=e22b86666e
[id-photo] requestId=e22b86666e step=load_image cost=0ms
[id-photo] requestId=e22b86666e step=matting cost=10ms
[id-photo-be] faceDetector=None
[id-photo-be] faceCount=None
[id-photo-be] faceBox=None
[id-photo-be] mattingEngine=None
[id-photo-be] rembgModel=None
[id-photo-be] engine=hivision engineVersion=multi-engine-reset-20260613-local model=rmbg-1.4
[id-photo-be] foregroundPath=None
[id-photo-be] maskPath=None
[id-photo-be] cropParams=None
[id-photo-be] prepare success preparedId=e4cd5fc2-8caf-4d56-a49b-69c4b23364a8
[id-photo] requestId=e22b86666e total=4314ms success=true preparedId=e4cd5fc2-8caf-4d56-a49b-69c4b23364a8
INFO:     127.0.0.1:64079 - "POST /api/id-photo/prepare HTTP/1.1" 200 OK
[id-photo-be] compose start preparedId=e4cd5fc2-8caf-4d56-a49b-69c4b23364a8 requestId=b4e4698f70
[id-photo] requestId=b4e4698f70 step=save_output cost=47ms
[id-photo-be] bgColor=None
[id-photo-be] outputSize=None
[id-photo-be] backgroundPureColor=None
[id-photo-be] originalBackgroundRemoved=None
[id-photo-be] usedForegroundPng=None
[id-photo-be] usedOriginalImageDirectly=None
[id-photo-be] engine=hivision engineVersion=multi-engine-reset-20260613-local model=rmbg-1.4
[id-photo-be] finalImageUrl=/outputs/64e7511fdd4d4e3f94e54822ec85e3bb.jpg?v=b4e4698f70-1781848700604-f70a5298fa88
[id-photo-be] compose success
[id-photo] requestId=b4e4698f70 total=50ms success=true finalImageUrl=/outputs/64e7511fdd4d4e3f94e54822ec85e3bb.jpg?v=b4e4698f70-1781848700604-f70a5298fa88
INFO:     127.0.0.1:55101 - "POST /api/id-photo/compose HTTP/1.1" 200 OK
INFO:     127.0.0.1:55106 - "GET /outputs/64e7511fdd4d4e3f94e54822ec85e3bb.jpg?v=b4e4698f70-1781848700604-f70a5298fa88 HTTP/1.1" 200 OK
[id-photo-be] prepare start requestId=d326d16d4c
[id-photo] requestId=d326d16d4c step=load_image cost=0ms
[id-photo] requestId=d326d16d4c step=matting cost=10ms
[id-photo-be] faceDetector=None
[id-photo-be] faceCount=None
[id-photo-be] faceBox=None
[id-photo-be] mattingEngine=None
[id-photo-be] rembgModel=None
[id-photo-be] engine=hivision engineVersion=multi-engine-reset-20260613-local model=rmbg-1.4
[id-photo-be] foregroundPath=None
[id-photo-be] maskPath=None
[id-photo-be] cropParams=None
[id-photo-be] prepare success preparedId=485e01f3-a9f6-42cf-b448-f6b3bb70455e
[id-photo] requestId=d326d16d4c total=5108ms success=true preparedId=485e01f3-a9f6-42cf-b448-f6b3bb70455e
INFO:     127.0.0.1:55107 - "POST /api/id-photo/prepare HTTP/1.1" 200 OK
[id-photo-be] compose start preparedId=485e01f3-a9f6-42cf-b448-f6b3bb70455e requestId=715a8e642d
[id-photo] requestId=715a8e642d step=save_output cost=51ms
[id-photo-be] bgColor=None
[id-photo-be] outputSize=None
[id-photo-be] backgroundPureColor=None
[id-photo-be] originalBackgroundRemoved=None
[id-photo-be] usedForegroundPng=None
[id-photo-be] usedOriginalImageDirectly=None
[id-photo-be] engine=hivision engineVersion=multi-engine-reset-20260613-local model=rmbg-1.4
[id-photo-be] finalImageUrl=/outputs/c46250c1c5fa475caf94a0e2b73bbe7b.jpg?v=715a8e642d-1781848705834-56adf973a94c
[id-photo-be] compose success
[id-photo] requestId=715a8e642d total=55ms success=true finalImageUrl=/outputs/c46250c1c5fa475caf94a0e2b73bbe7b.jpg?v=715a8e642d-1781848705834-56adf973a94c
INFO:     127.0.0.1:62706 - "POST /api/id-photo/compose HTTP/1.1" 200 OK
INFO:     127.0.0.1:62711 - "GET /outputs/c46250c1c5fa475caf94a0e2b73bbe7b.jpg?v=715a8e642d-1781848705834-56adf973a94c HTTP/1.1" 200 OK
[id-photo-be] prepare start requestId=8bb766e281
[id-photo] requestId=8bb766e281 step=load_image cost=0ms
[id-photo] requestId=8bb766e281 step=matting cost=10ms
[id-photo-be] faceDetector=None
[id-photo-be] faceCount=None
[id-photo-be] faceBox=None
[id-photo-be] mattingEngine=None
[id-photo-be] rembgModel=None
[id-photo-be] engine=hivision engineVersion=multi-engine-reset-20260613-local model=rmbg-1.4
[id-photo-be] foregroundPath=None
[id-photo-be] maskPath=None
[id-photo-be] cropParams=None
[id-photo-be] prepare success preparedId=3b2273f0-8d27-4dca-8999-56abc774f224
[id-photo] requestId=8bb766e281 total=4680ms success=true preparedId=3b2273f0-8d27-4dca-8999-56abc774f224
INFO:     127.0.0.1:62712 - "POST /api/id-photo/prepare HTTP/1.1" 200 OK
[id-photo-be] compose start preparedId=3b2273f0-8d27-4dca-8999-56abc774f224 requestId=9c73f764eb
[id-photo] requestId=9c73f764eb step=save_output cost=48ms
[id-photo-be] bgColor=None
[id-photo-be] outputSize=None
[id-photo-be] backgroundPureColor=None
[id-photo-be] originalBackgroundRemoved=None
[id-photo-be] usedForegroundPng=None
[id-photo-be] usedOriginalImageDirectly=None
[id-photo-be] engine=hivision engineVersion=multi-engine-reset-20260613-local model=rmbg-1.4
[id-photo-be] finalImageUrl=/outputs/5f5ed19f244349eab61a2e868a2bd117.jpg?v=9c73f764eb-1781848710595-b90323fc8d65
[id-photo-be] compose success
[id-photo] requestId=9c73f764eb total=49ms success=true finalImageUrl=/outputs/5f5ed19f244349eab61a2e868a2bd117.jpg?v=9c73f764eb-1781848710595-b90323fc8d65
INFO:     127.0.0.1:55172 - "POST /api/id-photo/compose HTTP/1.1" 200 OK
INFO:     127.0.0.1:55173 - "GET /outputs/5f5ed19f244349eab61a2e868a2bd117.jpg?v=9c73f764eb-1781848710595-b90323fc8d65 HTTP/1.1" 200 OK
[id-photo-be] prepare start requestId=061afaf7d5
[id-photo] requestId=061afaf7d5 step=load_image cost=0ms
[id-photo] requestId=061afaf7d5 step=matting cost=10ms
[id-photo-be] faceDetector=None
[id-photo-be] faceCount=None
[id-photo-be] faceBox=None
[id-photo-be] mattingEngine=None
[id-photo-be] rembgModel=None
[id-photo-be] engine=hivision engineVersion=multi-engine-reset-20260613-local model=rmbg-1.4
[id-photo-be] foregroundPath=None
[id-photo-be] maskPath=None
[id-photo-be] cropParams=None
[id-photo-be] prepare success preparedId=b98585f3-cfc0-4439-bbeb-c8068b65db31
[id-photo] requestId=061afaf7d5 total=4693ms success=true preparedId=b98585f3-cfc0-4439-bbeb-c8068b65db31
INFO:     127.0.0.1:55174 - "POST /api/id-photo/prepare HTTP/1.1" 200 OK
[id-photo-be] compose start preparedId=b98585f3-cfc0-4439-bbeb-c8068b65db31 requestId=554827de7f
[id-photo] requestId=554827de7f step=save_output cost=94ms
[id-photo-be] bgColor=None
[id-photo-be] outputSize=None
[id-photo-be] backgroundPureColor=None
[id-photo-be] originalBackgroundRemoved=None
[id-photo-be] usedForegroundPng=None
[id-photo-be] usedOriginalImageDirectly=None
[id-photo-be] engine=hivision engineVersion=multi-engine-reset-20260613-local model=rmbg-1.4
[id-photo-be] finalImageUrl=/outputs/170a84f57ce74c058f7db37cd0d6e800.jpg?v=554827de7f-1781848715370-a33c9a8de3ec
[id-photo-be] compose success
[id-photo] requestId=554827de7f total=96ms success=true finalImageUrl=/outputs/170a84f57ce74c058f7db37cd0d6e800.jpg?v=554827de7f-1781848715370-a33c9a8de3ec
INFO:     127.0.0.1:51104 - "POST /api/id-photo/compose HTTP/1.1" 200 OK
INFO:     127.0.0.1:51105 - "GET /outputs/170a84f57ce74c058f7db37cd0d6e800.jpg?v=554827de7f-1781848715370-a33c9a8de3ec HTTP/1.1" 200 OK
[id-photo-be] prepare start requestId=9eddeff554
[id-photo] requestId=9eddeff554 step=load_image cost=0ms
[id-photo] requestId=9eddeff554 step=matting cost=10ms
[id-photo-be] faceDetector=None
[id-photo-be] faceCount=None
[id-photo-be] faceBox=None
[id-photo-be] mattingEngine=None
[id-photo-be] rembgModel=None
[id-photo-be] engine=hivision engineVersion=multi-engine-reset-20260613-local model=rmbg-1.4
[id-photo-be] foregroundPath=None
[id-photo-be] maskPath=None
[id-photo-be] cropParams=None
[id-photo-be] prepare success preparedId=15edbc28-bbd4-4fa7-874c-2154c8a4ea96
[id-photo] requestId=9eddeff554 total=4822ms success=true preparedId=15edbc28-bbd4-4fa7-874c-2154c8a4ea96
INFO:     127.0.0.1:51106 - "POST /api/id-photo/prepare HTTP/1.1" 200 OK
[id-photo-be] compose start preparedId=15edbc28-bbd4-4fa7-874c-2154c8a4ea96 requestId=7d0415fd3e
[id-photo] requestId=7d0415fd3e step=save_output cost=54ms
[id-photo-be] bgColor=None
[id-photo-be] outputSize=None
[id-photo-be] backgroundPureColor=None
[id-photo-be] originalBackgroundRemoved=None
[id-photo-be] usedForegroundPng=None
[id-photo-be] usedOriginalImageDirectly=None
[id-photo-be] engine=hivision engineVersion=multi-engine-reset-20260613-local model=rmbg-1.4
[id-photo-be] finalImageUrl=/outputs/d45c09c7a1384755ac8cfa47c041f7ab.jpg?v=7d0415fd3e-1781848720354-879747e26561
[id-photo-be] compose success
[id-photo] requestId=7d0415fd3e total=56ms success=true finalImageUrl=/outputs/d45c09c7a1384755ac8cfa47c041f7ab.jpg?v=7d0415fd3e-1781848720354-879747e26561
INFO:     127.0.0.1:52603 - "POST /api/id-photo/compose HTTP/1.1" 200 OK
INFO:     127.0.0.1:52604 - "GET /outputs/d45c09c7a1384755ac8cfa47c041f7ab.jpg?v=7d0415fd3e-1781848720354-879747e26561 HTTP/1.1" 200 OK
[id-photo-be] prepare start requestId=b3f06d6514
[id-photo] requestId=b3f06d6514 step=load_image cost=0ms
[id-photo] requestId=b3f06d6514 step=matting cost=10ms
[id-photo-be] faceDetector=None
[id-photo-be] faceCount=None
[id-photo-be] faceBox=None
[id-photo-be] mattingEngine=None
[id-photo-be] rembgModel=None
[id-photo-be] engine=hivision engineVersion=multi-engine-reset-20260613-local model=rmbg-1.4
[id-photo-be] foregroundPath=None
[id-photo-be] maskPath=None
[id-photo-be] cropParams=None
[id-photo-be] prepare success preparedId=df5d3bab-73ef-4afb-99bb-49ad589aa9cc
[id-photo] requestId=b3f06d6514 total=4729ms success=true preparedId=df5d3bab-73ef-4afb-99bb-49ad589aa9cc
INFO:     127.0.0.1:52605 - "POST /api/id-photo/prepare HTTP/1.1" 200 OK
[id-photo-be] compose start preparedId=df5d3bab-73ef-4afb-99bb-49ad589aa9cc requestId=81ba328212
[id-photo] requestId=81ba328212 step=save_output cost=51ms
[id-photo-be] bgColor=None
[id-photo-be] outputSize=None
[id-photo-be] backgroundPureColor=None
[id-photo-be] originalBackgroundRemoved=None
[id-photo-be] usedForegroundPng=None
[id-photo-be] usedOriginalImageDirectly=None
[id-photo-be] engine=hivision engineVersion=multi-engine-reset-20260613-local model=rmbg-1.4
[id-photo-be] finalImageUrl=/outputs/6e84e567abc246bf978fc9dbfb8f27fd.jpg?v=81ba328212-1781848725236-2a91d78d8b1f
[id-photo-be] compose success
[id-photo] requestId=81ba328212 total=56ms success=true finalImageUrl=/outputs/6e84e567abc246bf978fc9dbfb8f27fd.jpg?v=81ba328212-1781848725236-2a91d78d8b1f
INFO:     127.0.0.1:60853 - "POST /api/id-photo/compose HTTP/1.1" 200 OK
INFO:     127.0.0.1:60854 - "GET /outputs/6e84e567abc246bf978fc9dbfb8f27fd.jpg?v=81ba328212-1781848725236-2a91d78d8b1f HTTP/1.1" 200 OK
[id-photo-be] prepare start requestId=c9e5c8556c
[id-photo] requestId=c9e5c8556c step=load_image cost=0ms
[id-photo] requestId=c9e5c8556c step=matting cost=10ms
[id-photo-be] faceDetector=None
[id-photo-be] faceCount=None
[id-photo-be] faceBox=None
[id-photo-be] mattingEngine=None
[id-photo-be] rembgModel=None
[id-photo-be] engine=hivision engineVersion=multi-engine-reset-20260613-local model=rmbg-1.4
[id-photo-be] foregroundPath=None
[id-photo-be] maskPath=None
[id-photo-be] cropParams=None
[id-photo-be] prepare success preparedId=3b564fcd-8611-4e61-bea9-186c7d7e9045
[id-photo] requestId=c9e5c8556c total=4944ms success=true preparedId=3b564fcd-8611-4e61-bea9-186c7d7e9045
INFO:     127.0.0.1:60855 - "POST /api/id-photo/prepare HTTP/1.1" 200 OK
[id-photo-be] compose start preparedId=3b564fcd-8611-4e61-bea9-186c7d7e9045 requestId=d1f3223f82
[id-photo] requestId=d1f3223f82 step=save_output cost=57ms
[id-photo-be] bgColor=None
[id-photo-be] outputSize=None
[id-photo-be] backgroundPureColor=None
[id-photo-be] originalBackgroundRemoved=None
[id-photo-be] usedForegroundPng=None
[id-photo-be] usedOriginalImageDirectly=None
[id-photo-be] engine=hivision engineVersion=multi-engine-reset-20260613-local model=rmbg-1.4
[id-photo-be] finalImageUrl=/outputs/1244778be6c5474e89ac46ba342bd348.jpg?v=d1f3223f82-1781848730336-dc14aaf67252
[id-photo-be] compose success
[id-photo] requestId=d1f3223f82 total=59ms success=true finalImageUrl=/outputs/1244778be6c5474e89ac46ba342bd348.jpg?v=d1f3223f82-1781848730336-dc14aaf67252
INFO:     127.0.0.1:52611 - "POST /api/id-photo/compose HTTP/1.1" 200 OK
INFO:     127.0.0.1:52616 - "GET /outputs/1244778be6c5474e89ac46ba342bd348.jpg?v=d1f3223f82-1781848730336-dc14aaf67252 HTTP/1.1" 200 OK
[id-photo-be] prepare start requestId=5779bf64e4
[id-photo] requestId=5779bf64e4 step=load_image cost=0ms
[id-photo] requestId=5779bf64e4 step=matting cost=10ms
[id-photo-be] faceDetector=None
[id-photo-be] faceCount=None
[id-photo-be] faceBox=None
[id-photo-be] mattingEngine=None
[id-photo-be] rembgModel=None
[id-photo-be] engine=hivision engineVersion=multi-engine-reset-20260613-local model=rmbg-1.4
[id-photo-be] foregroundPath=None
[id-photo-be] maskPath=None
[id-photo-be] cropParams=None
[id-photo-be] prepare success preparedId=f50fda38-024a-4834-b7d6-6f3d74941d20
[id-photo] requestId=5779bf64e4 total=4492ms success=true preparedId=f50fda38-024a-4834-b7d6-6f3d74941d20
INFO:     127.0.0.1:52617 - "POST /api/id-photo/prepare HTTP/1.1" 200 OK
[id-photo-be] compose start preparedId=f50fda38-024a-4834-b7d6-6f3d74941d20 requestId=21a380c1fa
[id-photo] requestId=21a380c1fa step=save_output cost=50ms
[id-photo-be] bgColor=None
[id-photo-be] outputSize=None
[id-photo-be] backgroundPureColor=None
[id-photo-be] originalBackgroundRemoved=None
[id-photo-be] usedForegroundPng=None
[id-photo-be] usedOriginalImageDirectly=None
[id-photo-be] engine=hivision engineVersion=multi-engine-reset-20260613-local model=rmbg-1.4
[id-photo-be] finalImageUrl=/outputs/9557e10a488a4aa9b73d0a95f8ea24f4.jpg?v=21a380c1fa-1781848734973-d4293663fe08
[id-photo-be] compose success
[id-photo] requestId=21a380c1fa total=52ms success=true finalImageUrl=/outputs/9557e10a488a4aa9b73d0a95f8ea24f4.jpg?v=21a380c1fa-1781848734973-d4293663fe08
INFO:     127.0.0.1:58097 - "POST /api/id-photo/compose HTTP/1.1" 200 OK
INFO:     127.0.0.1:58101 - "GET /outputs/9557e10a488a4aa9b73d0a95f8ea24f4.jpg?v=21a380c1fa-1781848734973-d4293663fe08 HTTP/1.1" 200 OK
[id-photo-be] prepare start requestId=a010a506f9
[id-photo] requestId=a010a506f9 step=load_image cost=0ms
[id-photo] requestId=a010a506f9 step=matting cost=10ms
[id-photo-be] faceDetector=None
[id-photo-be] faceCount=None
[id-photo-be] faceBox=None
[id-photo-be] mattingEngine=None
[id-photo-be] rembgModel=None
[id-photo-be] engine=hivision engineVersion=multi-engine-reset-20260613-local model=rmbg-1.4
[id-photo-be] foregroundPath=None
[id-photo-be] maskPath=None
[id-photo-be] cropParams=None
[id-photo-be] prepare success preparedId=83ea1466-3dfd-4112-a256-4112dc51fa20
[id-photo] requestId=a010a506f9 total=5209ms success=true preparedId=83ea1466-3dfd-4112-a256-4112dc51fa20
INFO:     127.0.0.1:58102 - "POST /api/id-photo/prepare HTTP/1.1" 200 OK
[id-photo-be] compose start preparedId=83ea1466-3dfd-4112-a256-4112dc51fa20 requestId=44df5784a4
[id-photo] requestId=44df5784a4 step=save_output cost=63ms
[id-photo-be] bgColor=None
[id-photo-be] outputSize=None
[id-photo-be] backgroundPureColor=None
[id-photo-be] originalBackgroundRemoved=None
[id-photo-be] usedForegroundPng=None
[id-photo-be] usedOriginalImageDirectly=None
[id-photo-be] engine=hivision engineVersion=multi-engine-reset-20260613-local model=rmbg-1.4
[id-photo-be] finalImageUrl=/outputs/d307748d73814d66a6961de62a92dfd9.jpg?v=44df5784a4-1781848740291-1edf574a2b08
[id-photo-be] compose success
[id-photo] requestId=44df5784a4 total=65ms success=true finalImageUrl=/outputs/d307748d73814d66a6961de62a92dfd9.jpg?v=44df5784a4-1781848740291-1edf574a2b08
INFO:     127.0.0.1:62412 - "POST /api/id-photo/compose HTTP/1.1" 200 OK
INFO:     127.0.0.1:62413 - "GET /outputs/d307748d73814d66a6961de62a92dfd9.jpg?v=44df5784a4-1781848740291-1edf574a2b08 HTTP/1.1" 200 OK
[id-photo-be] prepare start requestId=73edd386c0
[id-photo] requestId=73edd386c0 step=load_image cost=0ms
[id-photo] requestId=73edd386c0 step=matting cost=10ms
[id-photo-be] faceDetector=None
[id-photo-be] faceCount=None
[id-photo-be] faceBox=None
[id-photo-be] mattingEngine=None
[id-photo-be] rembgModel=None
[id-photo-be] engine=hivision engineVersion=multi-engine-reset-20260613-local model=rmbg-1.4
[id-photo-be] foregroundPath=None
[id-photo-be] maskPath=None
[id-photo-be] cropParams=None
[id-photo-be] prepare success preparedId=b27eb365-4c8c-4312-925e-65f71b308feb
[id-photo] requestId=73edd386c0 total=5269ms success=true preparedId=b27eb365-4c8c-4312-925e-65f71b308feb
INFO:     127.0.0.1:62414 - "POST /api/id-photo/prepare HTTP/1.1" 200 OK
[id-photo-be] compose start preparedId=b27eb365-4c8c-4312-925e-65f71b308feb requestId=8bd59c71e1
[id-photo] requestId=8bd59c71e1 step=save_output cost=52ms
[id-photo-be] bgColor=None
[id-photo-be] outputSize=None
[id-photo-be] backgroundPureColor=None
[id-photo-be] originalBackgroundRemoved=None
[id-photo-be] usedForegroundPng=None
[id-photo-be] usedOriginalImageDirectly=None
[id-photo-be] engine=hivision engineVersion=multi-engine-reset-20260613-local model=rmbg-1.4
[id-photo-be] finalImageUrl=/outputs/2318c69a75f2465d889da09bc35b64f2.jpg?v=8bd59c71e1-1781848745694-10956f7b7a32
[id-photo-be] compose success
[id-photo] requestId=8bd59c71e1 total=54ms success=true finalImageUrl=/outputs/2318c69a75f2465d889da09bc35b64f2.jpg?v=8bd59c71e1-1781848745694-10956f7b7a32
INFO:     127.0.0.1:58906 - "POST /api/id-photo/compose HTTP/1.1" 200 OK
INFO:     127.0.0.1:58907 - "GET /outputs/2318c69a75f2465d889da09bc35b64f2.jpg?v=8bd59c71e1-1781848745694-10956f7b7a32 HTTP/1.1" 200 OK
[id-photo-be] prepare start requestId=53331ee6af
[id-photo] requestId=53331ee6af step=load_image cost=0ms
[id-photo] requestId=53331ee6af step=matting cost=10ms
[id-photo-be] faceDetector=None
[id-photo-be] faceCount=None
[id-photo-be] faceBox=None
[id-photo-be] mattingEngine=None
[id-photo-be] rembgModel=None
[id-photo-be] engine=hivision engineVersion=multi-engine-reset-20260613-local model=rmbg-1.4
[id-photo-be] foregroundPath=None
[id-photo-be] maskPath=None
[id-photo-be] cropParams=None
[id-photo-be] prepare success preparedId=6aa244de-e4e0-499e-b2dc-5a4ae79a7a74
[id-photo] requestId=53331ee6af total=4333ms success=true preparedId=6aa244de-e4e0-499e-b2dc-5a4ae79a7a74
INFO:     127.0.0.1:58908 - "POST /api/id-photo/prepare HTTP/1.1" 200 OK
[id-photo-be] compose start preparedId=6aa244de-e4e0-499e-b2dc-5a4ae79a7a74 requestId=46bc624a81
[id-photo] requestId=46bc624a81 step=save_output cost=58ms
[id-photo-be] bgColor=None
[id-photo-be] outputSize=None
[id-photo-be] backgroundPureColor=None
[id-photo-be] originalBackgroundRemoved=None
[id-photo-be] usedForegroundPng=None
[id-photo-be] usedOriginalImageDirectly=None
[id-photo-be] engine=hivision engineVersion=multi-engine-reset-20260613-local model=rmbg-1.4
[id-photo-be] finalImageUrl=/outputs/d6e8d26010274692b717309c2361b3dc.jpg?v=46bc624a81-1781848750171-a91092f23c13
[id-photo-be] compose success
[id-photo] requestId=46bc624a81 total=62ms success=true finalImageUrl=/outputs/d6e8d26010274692b717309c2361b3dc.jpg?v=46bc624a81-1781848750171-a91092f23c13
INFO:     127.0.0.1:52674 - "POST /api/id-photo/compose HTTP/1.1" 200 OK
INFO:     127.0.0.1:52675 - "GET /outputs/d6e8d26010274692b717309c2361b3dc.jpg?v=46bc624a81-1781848750171-a91092f23c13 HTTP/1.1" 200 OK
[id-photo-be] prepare start requestId=4979e53859
[id-photo] requestId=4979e53859 step=load_image cost=0ms
[id-photo] requestId=4979e53859 step=matting cost=10ms
[id-photo-be] faceDetector=None
[id-photo-be] faceCount=None
[id-photo-be] faceBox=None
[id-photo-be] mattingEngine=None
[id-photo-be] rembgModel=None
[id-photo-be] engine=hivision engineVersion=multi-engine-reset-20260613-local model=rmbg-1.4
[id-photo-be] foregroundPath=None
[id-photo-be] maskPath=None
[id-photo-be] cropParams=None
[id-photo-be] prepare success preparedId=7ddf04bb-fde2-436d-9d68-354023755709
[id-photo] requestId=4979e53859 total=5056ms success=true preparedId=7ddf04bb-fde2-436d-9d68-354023755709
INFO:     127.0.0.1:52676 - "POST /api/id-photo/prepare HTTP/1.1" 200 OK
[id-photo-be] compose start preparedId=7ddf04bb-fde2-436d-9d68-354023755709 requestId=6d5c87de85
[id-photo] requestId=6d5c87de85 step=save_output cost=48ms
[id-photo-be] bgColor=None
[id-photo-be] outputSize=None
[id-photo-be] backgroundPureColor=None
[id-photo-be] originalBackgroundRemoved=None
[id-photo-be] usedForegroundPng=None
[id-photo-be] usedOriginalImageDirectly=None
[id-photo-be] engine=hivision engineVersion=multi-engine-reset-20260613-local model=rmbg-1.4
[id-photo-be] finalImageUrl=/outputs/38b16e02ef9947d58a9d9a304841e9c2.jpg?v=6d5c87de85-1781848755357-e10d6e1c62ef
[id-photo-be] compose success
[id-photo] requestId=6d5c87de85 total=52ms success=true finalImageUrl=/outputs/38b16e02ef9947d58a9d9a304841e9c2.jpg?v=6d5c87de85-1781848755357-e10d6e1c62ef
INFO:     127.0.0.1:64509 - "POST /api/id-photo/compose HTTP/1.1" 200 OK
INFO:     127.0.0.1:64510 - "GET /outputs/38b16e02ef9947d58a9d9a304841e9c2.jpg?v=6d5c87de85-1781848755357-e10d6e1c62ef HTTP/1.1" 200 OK
[id-photo-be] prepare start requestId=86a0c62769
[id-photo] requestId=86a0c62769 step=load_image cost=0ms
[id-photo] requestId=86a0c62769 step=matting cost=10ms
[id-photo-be] faceDetector=None
[id-photo-be] faceCount=None
[id-photo-be] faceBox=None
[id-photo-be] mattingEngine=None
[id-photo-be] rembgModel=None
[id-photo-be] engine=hivision engineVersion=multi-engine-reset-20260613-local model=rmbg-1.4
[id-photo-be] foregroundPath=None
[id-photo-be] maskPath=None
[id-photo-be] cropParams=None
[id-photo-be] prepare success preparedId=440623f2-90b9-463a-8c58-0621bb436bf3
[id-photo] requestId=86a0c62769 total=5074ms success=true preparedId=440623f2-90b9-463a-8c58-0621bb436bf3
INFO:     127.0.0.1:64511 - "POST /api/id-photo/prepare HTTP/1.1" 200 OK
[id-photo-be] compose start preparedId=440623f2-90b9-463a-8c58-0621bb436bf3 requestId=e2af81d5d3
[id-photo] requestId=e2af81d5d3 step=save_output cost=93ms
[id-photo-be] bgColor=None
[id-photo-be] outputSize=None
[id-photo-be] backgroundPureColor=None
[id-photo-be] originalBackgroundRemoved=None
[id-photo-be] usedForegroundPng=None
[id-photo-be] usedOriginalImageDirectly=None
[id-photo-be] engine=hivision engineVersion=multi-engine-reset-20260613-local model=rmbg-1.4
[id-photo-be] finalImageUrl=/outputs/54d2c18b1d9a4e92ba27b32003e3b63f.jpg?v=e2af81d5d3-1781848760564-c355a2cb5e4e
[id-photo-be] compose success
[id-photo] requestId=e2af81d5d3 total=98ms success=true finalImageUrl=/outputs/54d2c18b1d9a4e92ba27b32003e3b63f.jpg?v=e2af81d5d3-1781848760564-c355a2cb5e4e
INFO:     127.0.0.1:64097 - "POST /api/id-photo/compose HTTP/1.1" 200 OK
INFO:     127.0.0.1:61861 - "GET /outputs/54d2c18b1d9a4e92ba27b32003e3b63f.jpg?v=e2af81d5d3-1781848760564-c355a2cb5e4e HTTP/1.1" 200 OK
[id-photo-be] prepare start requestId=58e90e76b2
[id-photo] requestId=58e90e76b2 step=load_image cost=0ms
[id-photo] requestId=58e90e76b2 step=matting cost=10ms
[id-photo-be] faceDetector=None
[id-photo-be] faceCount=None
[id-photo-be] faceBox=None
[id-photo-be] mattingEngine=None
[id-photo-be] rembgModel=None
[id-photo-be] engine=hivision engineVersion=multi-engine-reset-20260613-local model=rmbg-1.4
[id-photo-be] foregroundPath=None
[id-photo-be] maskPath=None
[id-photo-be] cropParams=None
[id-photo-be] prepare success preparedId=a1980a02-8c0f-4941-aa1f-4f42ef6ac4d4
[id-photo] requestId=58e90e76b2 total=5099ms success=true preparedId=a1980a02-8c0f-4941-aa1f-4f42ef6ac4d4
INFO:     127.0.0.1:61862 - "POST /api/id-photo/prepare HTTP/1.1" 200 OK
[id-photo-be] compose start preparedId=a1980a02-8c0f-4941-aa1f-4f42ef6ac4d4 requestId=d2d008eb19
[id-photo] requestId=d2d008eb19 step=save_output cost=57ms
[id-photo-be] bgColor=None
[id-photo-be] outputSize=None
[id-photo-be] backgroundPureColor=None
[id-photo-be] originalBackgroundRemoved=None
[id-photo-be] usedForegroundPng=None
[id-photo-be] usedOriginalImageDirectly=None
[id-photo-be] engine=hivision engineVersion=multi-engine-reset-20260613-local model=rmbg-1.4
[id-photo-be] finalImageUrl=/outputs/e61253dcec6d43af993b982961ae1079.jpg?v=d2d008eb19-1781848765803-3a2d08b4afb9
[id-photo-be] compose success
[id-photo] requestId=d2d008eb19 total=59ms success=true finalImageUrl=/outputs/e61253dcec6d43af993b982961ae1079.jpg?v=d2d008eb19-1781848765803-3a2d08b4afb9
INFO:     127.0.0.1:59292 - "POST /api/id-photo/compose HTTP/1.1" 200 OK
INFO:     127.0.0.1:59293 - "GET /outputs/e61253dcec6d43af993b982961ae1079.jpg?v=d2d008eb19-1781848765803-3a2d08b4afb9 HTTP/1.1" 200 OK
[id-photo-be] prepare start requestId=59da16771f
[id-photo] requestId=59da16771f step=load_image cost=0ms
[id-photo] requestId=59da16771f step=matting cost=10ms
[id-photo-be] faceDetector=None
[id-photo-be] faceCount=None
[id-photo-be] faceBox=None
[id-photo-be] mattingEngine=None
[id-photo-be] rembgModel=None
[id-photo-be] engine=hivision engineVersion=multi-engine-reset-20260613-local model=rmbg-1.4
[id-photo-be] foregroundPath=None
[id-photo-be] maskPath=None
[id-photo-be] cropParams=None
[id-photo-be] prepare success preparedId=af4a07a7-08d6-4d07-bc75-27e6a9cb6820
[id-photo] requestId=59da16771f total=4494ms success=true preparedId=af4a07a7-08d6-4d07-bc75-27e6a9cb6820
INFO:     127.0.0.1:59294 - "POST /api/id-photo/prepare HTTP/1.1" 200 OK
[id-photo-be] compose start preparedId=af4a07a7-08d6-4d07-bc75-27e6a9cb6820 requestId=9c28c952bc
[id-photo] requestId=9c28c952bc step=save_output cost=57ms
[id-photo-be] bgColor=None
[id-photo-be] outputSize=None
[id-photo-be] backgroundPureColor=None
[id-photo-be] originalBackgroundRemoved=None
[id-photo-be] usedForegroundPng=None
[id-photo-be] usedOriginalImageDirectly=None
[id-photo-be] engine=hivision engineVersion=multi-engine-reset-20260613-local model=rmbg-1.4
[id-photo-be] finalImageUrl=/outputs/5643eeba6af04411a7165cf8bbdf3856.jpg?v=9c28c952bc-1781848770420-ff10295b97e5
[id-photo-be] compose success
[id-photo] requestId=9c28c952bc total=62ms success=true finalImageUrl=/outputs/5643eeba6af04411a7165cf8bbdf3856.jpg?v=9c28c952bc-1781848770420-ff10295b97e5
INFO:     127.0.0.1:50513 - "POST /api/id-photo/compose HTTP/1.1" 200 OK
INFO:     127.0.0.1:50514 - "GET /outputs/5643eeba6af04411a7165cf8bbdf3856.jpg?v=9c28c952bc-1781848770420-ff10295b97e5 HTTP/1.1" 200 OK
[id-photo-be] prepare start requestId=0eab6baa74
[id-photo] requestId=0eab6baa74 step=load_image cost=0ms
[id-photo] requestId=0eab6baa74 step=matting cost=10ms
[id-photo-be] faceDetector=None
[id-photo-be] faceCount=None
[id-photo-be] faceBox=None
[id-photo-be] mattingEngine=None
[id-photo-be] rembgModel=None
[id-photo-be] engine=hivision engineVersion=multi-engine-reset-20260613-local model=rmbg-1.4
[id-photo-be] foregroundPath=None
[id-photo-be] maskPath=None
[id-photo-be] cropParams=None
[id-photo-be] prepare success preparedId=4af126c4-7524-471d-8e14-a40b014c9e42
[id-photo] requestId=0eab6baa74 total=4260ms success=true preparedId=4af126c4-7524-471d-8e14-a40b014c9e42
INFO:     127.0.0.1:50515 - "POST /api/id-photo/prepare HTTP/1.1" 200 OK
[id-photo-be] compose start preparedId=4af126c4-7524-471d-8e14-a40b014c9e42 requestId=07f2d6a57d
[id-photo] requestId=07f2d6a57d step=save_output cost=71ms
[id-photo-be] bgColor=None
[id-photo-be] outputSize=None
[id-photo-be] backgroundPureColor=None
[id-photo-be] originalBackgroundRemoved=None
[id-photo-be] usedForegroundPng=None
[id-photo-be] usedOriginalImageDirectly=None
[id-photo-be] engine=hivision engineVersion=multi-engine-reset-20260613-local model=rmbg-1.4
[id-photo-be] finalImageUrl=/outputs/58f4b0a8763a419b8321dcc2c4affa1e.jpg?v=07f2d6a57d-1781848774789-357221e0d50a
[id-photo-be] compose success
[id-photo] requestId=07f2d6a57d total=75ms success=true finalImageUrl=/outputs/58f4b0a8763a419b8321dcc2c4affa1e.jpg?v=07f2d6a57d-1781848774789-357221e0d50a
INFO:     127.0.0.1:63044 - "POST /api/id-photo/compose HTTP/1.1" 200 OK
INFO:     127.0.0.1:50146 - "GET /outputs/58f4b0a8763a419b8321dcc2c4affa1e.jpg?v=07f2d6a57d-1781848774789-357221e0d50a HTTP/1.1" 200 OK
[id-photo-be] prepare start requestId=c3611e1b1a
[id-photo] requestId=c3611e1b1a step=load_image cost=0ms
[id-photo] requestId=c3611e1b1a step=matting cost=10ms
[id-photo-be] faceDetector=None
[id-photo-be] faceCount=None
[id-photo-be] faceBox=None
[id-photo-be] mattingEngine=None
[id-photo-be] rembgModel=None
[id-photo-be] engine=hivision engineVersion=multi-engine-reset-20260613-local model=rmbg-1.4
[id-photo-be] foregroundPath=None
[id-photo-be] maskPath=None
[id-photo-be] cropParams=None
[id-photo-be] prepare success preparedId=6d7abb9a-707d-4b36-8a8f-884a38db1ac3
[id-photo] requestId=c3611e1b1a total=5412ms success=true preparedId=6d7abb9a-707d-4b36-8a8f-884a38db1ac3
INFO:     127.0.0.1:50147 - "POST /api/id-photo/prepare HTTP/1.1" 200 OK
[id-photo-be] compose start preparedId=6d7abb9a-707d-4b36-8a8f-884a38db1ac3 requestId=a92466c251
[id-photo] requestId=a92466c251 step=save_output cost=56ms
[id-photo-be] bgColor=None
[id-photo-be] outputSize=None
[id-photo-be] backgroundPureColor=None
[id-photo-be] originalBackgroundRemoved=None
[id-photo-be] usedForegroundPng=None
[id-photo-be] usedOriginalImageDirectly=None
[id-photo-be] engine=hivision engineVersion=multi-engine-reset-20260613-local model=rmbg-1.4
[id-photo-be] finalImageUrl=/outputs/3bd28652217d40c3967de19d1710e56a.jpg?v=a92466c251-1781848780323-3f345b6c6a87
[id-photo-be] compose success
[id-photo] requestId=a92466c251 total=57ms success=true finalImageUrl=/outputs/3bd28652217d40c3967de19d1710e56a.jpg?v=a92466c251-1781848780323-3f345b6c6a87
INFO:     127.0.0.1:54244 - "POST /api/id-photo/compose HTTP/1.1" 200 OK
INFO:     127.0.0.1:54245 - "GET /outputs/3bd28652217d40c3967de19d1710e56a.jpg?v=a92466c251-1781848780323-3f345b6c6a87 HTTP/1.1" 200 OK
[id-photo-be] prepare start requestId=7cab691b64
[id-photo] requestId=7cab691b64 step=load_image cost=0ms
[id-photo] requestId=7cab691b64 step=matting cost=10ms
[id-photo-be] faceDetector=None
[id-photo-be] faceCount=None
[id-photo-be] faceBox=None
[id-photo-be] mattingEngine=None
[id-photo-be] rembgModel=None
[id-photo-be] engine=hivision engineVersion=multi-engine-reset-20260613-local model=rmbg-1.4
[id-photo-be] foregroundPath=None
[id-photo-be] maskPath=None
[id-photo-be] cropParams=None
[id-photo-be] prepare success preparedId=4b100474-a30e-4452-aa5b-5c8da7298b75
[id-photo] requestId=7cab691b64 total=5998ms success=true preparedId=4b100474-a30e-4452-aa5b-5c8da7298b75
INFO:     127.0.0.1:54246 - "POST /api/id-photo/prepare HTTP/1.1" 200 OK
[id-photo-be] compose start preparedId=4b100474-a30e-4452-aa5b-5c8da7298b75 requestId=abf59cf98b
[id-photo] requestId=abf59cf98b step=save_output cost=51ms
[id-photo-be] bgColor=None
[id-photo-be] outputSize=None
[id-photo-be] backgroundPureColor=None
[id-photo-be] originalBackgroundRemoved=None
[id-photo-be] usedForegroundPng=None
[id-photo-be] usedOriginalImageDirectly=None
[id-photo-be] engine=hivision engineVersion=multi-engine-reset-20260613-local model=rmbg-1.4
[id-photo-be] finalImageUrl=/outputs/21f8e6b8d43f4ee48de7c2ffc6b00422.jpg?v=abf59cf98b-1781848786446-7eb04dfc8355
[id-photo-be] compose success
[id-photo] requestId=abf59cf98b total=53ms success=true finalImageUrl=/outputs/21f8e6b8d43f4ee48de7c2ffc6b00422.jpg?v=abf59cf98b-1781848786446-7eb04dfc8355
INFO:     127.0.0.1:56999 - "POST /api/id-photo/compose HTTP/1.1" 200 OK
INFO:     127.0.0.1:57000 - "GET /outputs/21f8e6b8d43f4ee48de7c2ffc6b00422.jpg?v=abf59cf98b-1781848786446-7eb04dfc8355 HTTP/1.1" 200 OK
[id-photo-be] prepare start requestId=242a751be7
[id-photo] requestId=242a751be7 step=load_image cost=0ms
[id-photo] requestId=242a751be7 step=matting cost=10ms
[id-photo-be] faceDetector=None
[id-photo-be] faceCount=None
[id-photo-be] faceBox=None
[id-photo-be] mattingEngine=None
[id-photo-be] rembgModel=None
[id-photo-be] engine=hivision engineVersion=multi-engine-reset-20260613-local model=rmbg-1.4
[id-photo-be] foregroundPath=None
[id-photo-be] maskPath=None
[id-photo-be] cropParams=None
[id-photo-be] prepare success preparedId=5c3d5280-82bb-4289-8ce3-2d5b21349cda
[id-photo] requestId=242a751be7 total=4645ms success=true preparedId=5c3d5280-82bb-4289-8ce3-2d5b21349cda
INFO:     127.0.0.1:57001 - "POST /api/id-photo/prepare HTTP/1.1" 200 OK
[id-photo-be] compose start preparedId=5c3d5280-82bb-4289-8ce3-2d5b21349cda requestId=82f36afa1e
[id-photo] requestId=82f36afa1e step=save_output cost=50ms
[id-photo-be] bgColor=None
[id-photo-be] outputSize=None
[id-photo-be] backgroundPureColor=None
[id-photo-be] originalBackgroundRemoved=None
[id-photo-be] usedForegroundPng=None
[id-photo-be] usedOriginalImageDirectly=None
[id-photo-be] engine=hivision engineVersion=multi-engine-reset-20260613-local model=rmbg-1.4
[id-photo-be] finalImageUrl=/outputs/29085eb27055467e8eb37b8755c91a74.jpg?v=82f36afa1e-1781848791222-b2796fe4f4d8
[id-photo-be] compose success
[id-photo] requestId=82f36afa1e total=53ms success=true finalImageUrl=/outputs/29085eb27055467e8eb37b8755c91a74.jpg?v=82f36afa1e-1781848791222-b2796fe4f4d8
INFO:     127.0.0.1:57590 - "POST /api/id-photo/compose HTTP/1.1" 200 OK
INFO:     127.0.0.1:57595 - "GET /outputs/29085eb27055467e8eb37b8755c91a74.jpg?v=82f36afa1e-1781848791222-b2796fe4f4d8 HTTP/1.1" 200 OK
[id-photo-be] prepare start requestId=7eaa39c736
[id-photo] requestId=7eaa39c736 step=load_image cost=0ms
[id-photo] requestId=7eaa39c736 step=matting cost=10ms
[id-photo-be] faceDetector=None
[id-photo-be] faceCount=None
[id-photo-be] faceBox=None
[id-photo-be] mattingEngine=None
[id-photo-be] rembgModel=None
[id-photo-be] engine=hivision engineVersion=multi-engine-reset-20260613-local model=rmbg-1.4
[id-photo-be] foregroundPath=None
[id-photo-be] maskPath=None
[id-photo-be] cropParams=None
[id-photo-be] prepare success preparedId=f2e9a278-180f-4989-bff2-940e529168e6
[id-photo] requestId=7eaa39c736 total=5377ms success=true preparedId=f2e9a278-180f-4989-bff2-940e529168e6
INFO:     127.0.0.1:57596 - "POST /api/id-photo/prepare HTTP/1.1" 200 OK
[id-photo-be] compose start preparedId=f2e9a278-180f-4989-bff2-940e529168e6 requestId=3ba4724826
[id-photo] requestId=3ba4724826 step=save_output cost=56ms
[id-photo-be] bgColor=None
[id-photo-be] outputSize=None
[id-photo-be] backgroundPureColor=None
[id-photo-be] originalBackgroundRemoved=None
[id-photo-be] usedForegroundPng=None
[id-photo-be] usedOriginalImageDirectly=None
[id-photo-be] engine=hivision engineVersion=multi-engine-reset-20260613-local model=rmbg-1.4
[id-photo-be] finalImageUrl=/outputs/9be506408bc64e46945b2dd4e46ea18e.jpg?v=3ba4724826-1781848796733-0b496bd75a5f
[id-photo-be] compose success
[id-photo] requestId=3ba4724826 total=59ms success=true finalImageUrl=/outputs/9be506408bc64e46945b2dd4e46ea18e.jpg?v=3ba4724826-1781848796733-0b496bd75a5f
INFO:     127.0.0.1:49407 - "POST /api/id-photo/compose HTTP/1.1" 200 OK
INFO:     127.0.0.1:49667 - "GET /outputs/9be506408bc64e46945b2dd4e46ea18e.jpg?v=3ba4724826-1781848796733-0b496bd75a5f HTTP/1.1" 200 OK
[id-photo-be] prepare start requestId=1c8ea6713b
[id-photo] requestId=1c8ea6713b step=load_image cost=0ms
[id-photo] requestId=1c8ea6713b step=matting cost=10ms
[id-photo-be] faceDetector=None
[id-photo-be] faceCount=None
[id-photo-be] faceBox=None
[id-photo-be] mattingEngine=None
[id-photo-be] rembgModel=None
[id-photo-be] engine=hivision engineVersion=multi-engine-reset-20260613-local model=rmbg-1.4
[id-photo-be] foregroundPath=None
[id-photo-be] maskPath=None
[id-photo-be] cropParams=None
[id-photo-be] prepare success preparedId=69d17b7b-c829-41a5-b3ac-081b31fe3c77
[id-photo] requestId=1c8ea6713b total=4758ms success=true preparedId=69d17b7b-c829-41a5-b3ac-081b31fe3c77
INFO:     127.0.0.1:49668 - "POST /api/id-photo/prepare HTTP/1.1" 200 OK
[id-photo-be] compose start preparedId=69d17b7b-c829-41a5-b3ac-081b31fe3c77 requestId=18d1965644
[id-photo] requestId=18d1965644 step=save_output cost=51ms
[id-photo-be] bgColor=None
[id-photo-be] outputSize=None
[id-photo-be] backgroundPureColor=None
[id-photo-be] originalBackgroundRemoved=None
[id-photo-be] usedForegroundPng=None
[id-photo-be] usedOriginalImageDirectly=None
[id-photo-be] engine=hivision engineVersion=multi-engine-reset-20260613-local model=rmbg-1.4
[id-photo-be] finalImageUrl=/outputs/6c4fb3c1d4f24039bd041ea29e7f9740.jpg?v=18d1965644-1781848801608-ef661e23bf3f
[id-photo-be] compose success
[id-photo] requestId=18d1965644 total=53ms success=true finalImageUrl=/outputs/6c4fb3c1d4f24039bd041ea29e7f9740.jpg?v=18d1965644-1781848801608-ef661e23bf3f
INFO:     127.0.0.1:50646 - "POST /api/id-photo/compose HTTP/1.1" 200 OK
INFO:     127.0.0.1:50647 - "GET /outputs/6c4fb3c1d4f24039bd041ea29e7f9740.jpg?v=18d1965644-1781848801608-ef661e23bf3f HTTP/1.1" 200 OK
[id-photo-be] prepare start requestId=5a5d3ccf7b
[id-photo] requestId=5a5d3ccf7b step=load_image cost=0ms
[id-photo] requestId=5a5d3ccf7b step=matting cost=10ms
[id-photo-be] faceDetector=None
[id-photo-be] faceCount=None
[id-photo-be] faceBox=None
[id-photo-be] mattingEngine=None
[id-photo-be] rembgModel=None
[id-photo-be] engine=hivision engineVersion=multi-engine-reset-20260613-local model=rmbg-1.4
[id-photo-be] foregroundPath=None
[id-photo-be] maskPath=None
[id-photo-be] cropParams=None
[id-photo-be] prepare success preparedId=6bbc0b41-6a21-438b-af45-d4790d94f779
[id-photo] requestId=5a5d3ccf7b total=4684ms success=true preparedId=6bbc0b41-6a21-438b-af45-d4790d94f779
INFO:     127.0.0.1:50648 - "POST /api/id-photo/prepare HTTP/1.1" 200 OK
[id-photo-be] compose start preparedId=6bbc0b41-6a21-438b-af45-d4790d94f779 requestId=e72f2de3f1
[id-photo] requestId=e72f2de3f1 step=save_output cost=66ms
[id-photo-be] bgColor=None
[id-photo-be] outputSize=None
[id-photo-be] backgroundPureColor=None
[id-photo-be] originalBackgroundRemoved=None
[id-photo-be] usedForegroundPng=None
[id-photo-be] usedOriginalImageDirectly=None
[id-photo-be] engine=hivision engineVersion=multi-engine-reset-20260613-local model=rmbg-1.4
[id-photo-be] finalImageUrl=/outputs/29499f9c61d1474194eb8d50d45e7a3b.jpg?v=e72f2de3f1-1781848806431-82d78c3a8df5
[id-photo-be] compose success
[id-photo] requestId=e72f2de3f1 total=68ms success=true finalImageUrl=/outputs/29499f9c61d1474194eb8d50d45e7a3b.jpg?v=e72f2de3f1-1781848806431-82d78c3a8df5
INFO:     127.0.0.1:57285 - "POST /api/id-photo/compose HTTP/1.1" 200 OK
INFO:     127.0.0.1:57287 - "GET /outputs/29499f9c61d1474194eb8d50d45e7a3b.jpg?v=e72f2de3f1-1781848806431-82d78c3a8df5 HTTP/1.1" 200 OK
[id-photo-be] prepare start requestId=28c89aca87
[id-photo] requestId=28c89aca87 step=load_image cost=0ms
[id-photo] requestId=28c89aca87 step=matting cost=10ms
[id-photo-be] faceDetector=None
[id-photo-be] faceCount=None
[id-photo-be] faceBox=None
[id-photo-be] mattingEngine=None
[id-photo-be] rembgModel=None
[id-photo-be] engine=hivision engineVersion=multi-engine-reset-20260613-local model=rmbg-1.4
[id-photo-be] foregroundPath=None
[id-photo-be] maskPath=None
[id-photo-be] cropParams=None
[id-photo-be] prepare success preparedId=26b2262a-93d7-4c3f-bec5-f33b7f03c715
[id-photo] requestId=28c89aca87 total=4970ms success=true preparedId=26b2262a-93d7-4c3f-bec5-f33b7f03c715
INFO:     127.0.0.1:57289 - "POST /api/id-photo/prepare HTTP/1.1" 200 OK
[id-photo-be] compose start preparedId=26b2262a-93d7-4c3f-bec5-f33b7f03c715 requestId=05a918e702
[id-photo] requestId=05a918e702 step=save_output cost=50ms
[id-photo-be] bgColor=None
[id-photo-be] outputSize=None
[id-photo-be] backgroundPureColor=None
[id-photo-be] originalBackgroundRemoved=None
[id-photo-be] usedForegroundPng=None
[id-photo-be] usedOriginalImageDirectly=None
[id-photo-be] engine=hivision engineVersion=multi-engine-reset-20260613-local model=rmbg-1.4
[id-photo-be] finalImageUrl=/outputs/a537d466d1c543a1b52c5a15b158e942.jpg?v=05a918e702-1781848811514-3eb282db406c
[id-photo-be] compose success
[id-photo] requestId=05a918e702 total=53ms success=true finalImageUrl=/outputs/a537d466d1c543a1b52c5a15b158e942.jpg?v=05a918e702-1781848811514-3eb282db406c
INFO:     127.0.0.1:63589 - "POST /api/id-photo/compose HTTP/1.1" 200 OK
INFO:     127.0.0.1:63590 - "GET /outputs/a537d466d1c543a1b52c5a15b158e942.jpg?v=05a918e702-1781848811514-3eb282db406c HTTP/1.1" 200 OK
[id-photo-be] prepare start requestId=f991e064ab
[id-photo] requestId=f991e064ab step=load_image cost=0ms
[id-photo] requestId=f991e064ab step=matting cost=10ms
[id-photo-be] faceDetector=None
[id-photo-be] faceCount=None
[id-photo-be] faceBox=None
[id-photo-be] mattingEngine=None
[id-photo-be] rembgModel=None
[id-photo-be] engine=hivision engineVersion=multi-engine-reset-20260613-local model=rmbg-1.4
[id-photo-be] foregroundPath=None
[id-photo-be] maskPath=None
[id-photo-be] cropParams=None
[id-photo-be] prepare success preparedId=2305d27c-4755-486a-91c0-dab5a142d063
[id-photo] requestId=f991e064ab total=4500ms success=true preparedId=2305d27c-4755-486a-91c0-dab5a142d063
INFO:     127.0.0.1:63591 - "POST /api/id-photo/prepare HTTP/1.1" 200 OK
[id-photo-be] compose start preparedId=2305d27c-4755-486a-91c0-dab5a142d063 requestId=52ecf6b637
[id-photo] requestId=52ecf6b637 step=save_output cost=51ms
[id-photo-be] bgColor=None
[id-photo-be] outputSize=None
[id-photo-be] backgroundPureColor=None
[id-photo-be] originalBackgroundRemoved=None
[id-photo-be] usedForegroundPng=None
[id-photo-be] usedOriginalImageDirectly=None
[id-photo-be] engine=hivision engineVersion=multi-engine-reset-20260613-local model=rmbg-1.4
[id-photo-be] finalImageUrl=/outputs/4d07577315a14e94bd896da5149182ab.jpg?v=52ecf6b637-1781848816136-265d8732b5ba
[id-photo-be] compose success
[id-photo] requestId=52ecf6b637 total=54ms success=true finalImageUrl=/outputs/4d07577315a14e94bd896da5149182ab.jpg?v=52ecf6b637-1781848816136-265d8732b5ba
INFO:     127.0.0.1:55220 - "POST /api/id-photo/compose HTTP/1.1" 200 OK
INFO:     127.0.0.1:55221 - "GET /outputs/4d07577315a14e94bd896da5149182ab.jpg?v=52ecf6b637-1781848816136-265d8732b5ba HTTP/1.1" 200 OK
[id-photo-be] prepare start requestId=07cdfe2217
[id-photo] requestId=07cdfe2217 step=load_image cost=0ms
[id-photo] requestId=07cdfe2217 step=matting cost=10ms
[id-photo-be] faceDetector=None
[id-photo-be] faceCount=None
[id-photo-be] faceBox=None
[id-photo-be] mattingEngine=None
[id-photo-be] rembgModel=None
[id-photo-be] engine=hivision engineVersion=multi-engine-reset-20260613-local model=rmbg-1.4
[id-photo-be] foregroundPath=None
[id-photo-be] maskPath=None
[id-photo-be] cropParams=None
[id-photo-be] prepare success preparedId=34f1f1d2-2071-4089-b9be-b9ef8b5affbb
[id-photo] requestId=07cdfe2217 total=4651ms success=true preparedId=34f1f1d2-2071-4089-b9be-b9ef8b5affbb
INFO:     127.0.0.1:55222 - "POST /api/id-photo/prepare HTTP/1.1" 200 OK
[id-photo-be] compose start preparedId=34f1f1d2-2071-4089-b9be-b9ef8b5affbb requestId=0c615fc643
[id-photo] requestId=0c615fc643 step=save_output cost=49ms
[id-photo-be] bgColor=None
[id-photo-be] outputSize=None
[id-photo-be] backgroundPureColor=None
[id-photo-be] originalBackgroundRemoved=None
[id-photo-be] usedForegroundPng=None
[id-photo-be] usedOriginalImageDirectly=None
[id-photo-be] engine=hivision engineVersion=multi-engine-reset-20260613-local model=rmbg-1.4
[id-photo-be] finalImageUrl=/outputs/64c1590591b54619a8c3799413699299.jpg?v=0c615fc643-1781848820928-862fb20dd30f
[id-photo-be] compose success
[id-photo] requestId=0c615fc643 total=52ms success=true finalImageUrl=/outputs/64c1590591b54619a8c3799413699299.jpg?v=0c615fc643-1781848820928-862fb20dd30f
INFO:     127.0.0.1:64147 - "POST /api/id-photo/compose HTTP/1.1" 200 OK
INFO:     127.0.0.1:64148 - "GET /outputs/64c1590591b54619a8c3799413699299.jpg?v=0c615fc643-1781848820928-862fb20dd30f HTTP/1.1" 200 OK
[id-photo-be] prepare start requestId=ff74fa726b
[id-photo] requestId=ff74fa726b step=load_image cost=0ms
[id-photo] requestId=ff74fa726b step=matting cost=10ms
[id-photo-be] faceDetector=None
[id-photo-be] faceCount=None
[id-photo-be] faceBox=None
[id-photo-be] mattingEngine=None
[id-photo-be] rembgModel=None
[id-photo-be] engine=hivision engineVersion=multi-engine-reset-20260613-local model=rmbg-1.4
[id-photo-be] foregroundPath=None
[id-photo-be] maskPath=None
[id-photo-be] cropParams=None
[id-photo-be] prepare success preparedId=7cd5f87e-011c-4e4e-b0b9-d4ed427150a0
[id-photo] requestId=ff74fa726b total=4969ms success=true preparedId=7cd5f87e-011c-4e4e-b0b9-d4ed427150a0
INFO:     127.0.0.1:64149 - "POST /api/id-photo/prepare HTTP/1.1" 200 OK
[id-photo-be] compose start preparedId=7cd5f87e-011c-4e4e-b0b9-d4ed427150a0 requestId=ac1d984cfa
[id-photo] requestId=ac1d984cfa step=save_output cost=56ms
[id-photo-be] bgColor=None
[id-photo-be] outputSize=None
[id-photo-be] backgroundPureColor=None
[id-photo-be] originalBackgroundRemoved=None
[id-photo-be] usedForegroundPng=None
[id-photo-be] usedOriginalImageDirectly=None
[id-photo-be] engine=hivision engineVersion=multi-engine-reset-20260613-local model=rmbg-1.4
[id-photo-be] finalImageUrl=/outputs/37fd6cbc3daa4d779cb5519d94a769c5.jpg?v=ac1d984cfa-1781848825972-fdec0a5904af
[id-photo-be] compose success
[id-photo] requestId=ac1d984cfa total=60ms success=true finalImageUrl=/outputs/37fd6cbc3daa4d779cb5519d94a769c5.jpg?v=ac1d984cfa-1781848825972-fdec0a5904af
INFO:     127.0.0.1:62628 - "POST /api/id-photo/compose HTTP/1.1" 200 OK
INFO:     127.0.0.1:62629 - "GET /outputs/37fd6cbc3daa4d779cb5519d94a769c5.jpg?v=ac1d984cfa-1781848825972-fdec0a5904af HTTP/1.1" 200 OK
[id-photo-be] prepare start requestId=8bf667e488
[id-photo] requestId=8bf667e488 step=load_image cost=0ms
[id-photo] requestId=8bf667e488 step=matting cost=10ms
[id-photo-be] faceDetector=None
[id-photo-be] faceCount=None
[id-photo-be] faceBox=None
[id-photo-be] mattingEngine=None
[id-photo-be] rembgModel=None
[id-photo-be] engine=hivision engineVersion=multi-engine-reset-20260613-local model=rmbg-1.4
[id-photo-be] foregroundPath=None
[id-photo-be] maskPath=None
[id-photo-be] cropParams=None
[id-photo-be] prepare success preparedId=8cce376a-879d-48ab-b051-f2bb7bf4f08d
[id-photo] requestId=8bf667e488 total=5171ms success=true preparedId=8cce376a-879d-48ab-b051-f2bb7bf4f08d
INFO:     127.0.0.1:62630 - "POST /api/id-photo/prepare HTTP/1.1" 200 OK
[id-photo-be] compose start preparedId=8cce376a-879d-48ab-b051-f2bb7bf4f08d requestId=ed516f0b70
[id-photo] requestId=ed516f0b70 step=save_output cost=56ms
[id-photo-be] bgColor=None
[id-photo-be] outputSize=None
[id-photo-be] backgroundPureColor=None
[id-photo-be] originalBackgroundRemoved=None
[id-photo-be] usedForegroundPng=None
[id-photo-be] usedOriginalImageDirectly=None
[id-photo-be] engine=hivision engineVersion=multi-engine-reset-20260613-local model=rmbg-1.4
[id-photo-be] finalImageUrl=/outputs/384f9895fc3b4cfb82954b6dd55344d3.jpg?v=ed516f0b70-1781848831251-5f49d177ca3e
[id-photo-be] compose success
[id-photo] requestId=ed516f0b70 total=61ms success=true finalImageUrl=/outputs/384f9895fc3b4cfb82954b6dd55344d3.jpg?v=ed516f0b70-1781848831251-5f49d177ca3e
INFO:     127.0.0.1:52929 - "POST /api/id-photo/compose HTTP/1.1" 200 OK
INFO:     127.0.0.1:52930 - "GET /outputs/384f9895fc3b4cfb82954b6dd55344d3.jpg?v=ed516f0b70-1781848831251-5f49d177ca3e HTTP/1.1" 200 OK
[id-photo-be] prepare start requestId=2dacbc87d7
[id-photo] requestId=2dacbc87d7 step=load_image cost=0ms
[id-photo] requestId=2dacbc87d7 step=matting cost=10ms
[id-photo-be] faceDetector=None
[id-photo-be] faceCount=None
[id-photo-be] faceBox=None
[id-photo-be] mattingEngine=None
[id-photo-be] rembgModel=None
[id-photo-be] engine=hivision engineVersion=multi-engine-reset-20260613-local model=rmbg-1.4
[id-photo-be] foregroundPath=None
[id-photo-be] maskPath=None
[id-photo-be] cropParams=None
[id-photo-be] prepare success preparedId=7c90fb01-3c80-4242-bae8-b26e1d58171a
[id-photo] requestId=2dacbc87d7 total=5121ms success=true preparedId=7c90fb01-3c80-4242-bae8-b26e1d58171a
INFO:     127.0.0.1:52931 - "POST /api/id-photo/prepare HTTP/1.1" 200 OK
[id-photo-be] compose start preparedId=7c90fb01-3c80-4242-bae8-b26e1d58171a requestId=4437080540
[id-photo] requestId=4437080540 step=save_output cost=65ms
[id-photo-be] bgColor=None
[id-photo-be] outputSize=None
[id-photo-be] backgroundPureColor=None
[id-photo-be] originalBackgroundRemoved=None
[id-photo-be] usedForegroundPng=None
[id-photo-be] usedOriginalImageDirectly=None
[id-photo-be] engine=hivision engineVersion=multi-engine-reset-20260613-local model=rmbg-1.4
[id-photo-be] finalImageUrl=/outputs/4fb9159288664b649f0109aeae83fb02.jpg?v=4437080540-1781848836512-48719b910856
[id-photo-be] compose success
[id-photo] requestId=4437080540 total=67ms success=true finalImageUrl=/outputs/4fb9159288664b649f0109aeae83fb02.jpg?v=4437080540-1781848836512-48719b910856
INFO:     127.0.0.1:54748 - "POST /api/id-photo/compose HTTP/1.1" 200 OK
INFO:     127.0.0.1:54749 - "GET /outputs/4fb9159288664b649f0109aeae83fb02.jpg?v=4437080540-1781848836512-48719b910856 HTTP/1.1" 200 OK
[id-photo-be] prepare start requestId=49534dbd53
[id-photo] requestId=49534dbd53 step=load_image cost=0ms
[id-photo] requestId=49534dbd53 step=matting cost=10ms
[id-photo-be] faceDetector=None
[id-photo-be] faceCount=None
[id-photo-be] faceBox=None
[id-photo-be] mattingEngine=None
[id-photo-be] rembgModel=None
[id-photo-be] engine=hivision engineVersion=multi-engine-reset-20260613-local model=rmbg-1.4
[id-photo-be] foregroundPath=None
[id-photo-be] maskPath=None
[id-photo-be] cropParams=None
[id-photo-be] prepare success preparedId=0b1b3ad3-290a-4d8d-aa9e-23584d6a9cbb
[id-photo] requestId=49534dbd53 total=4656ms success=true preparedId=0b1b3ad3-290a-4d8d-aa9e-23584d6a9cbb
INFO:     127.0.0.1:63490 - "POST /api/id-photo/prepare HTTP/1.1" 200 OK
[id-photo-be] compose start preparedId=0b1b3ad3-290a-4d8d-aa9e-23584d6a9cbb requestId=d27c18f92f
[id-photo] requestId=d27c18f92f step=save_output cost=49ms
[id-photo-be] bgColor=None
[id-photo-be] outputSize=None
[id-photo-be] backgroundPureColor=None
[id-photo-be] originalBackgroundRemoved=None
[id-photo-be] usedForegroundPng=None
[id-photo-be] usedOriginalImageDirectly=None
[id-photo-be] engine=hivision engineVersion=multi-engine-reset-20260613-local model=rmbg-1.4
[id-photo-be] finalImageUrl=/outputs/e2f4489174c54e97b43b003cfa67a8a7.jpg?v=d27c18f92f-1781848841295-266c9cf333c9
[id-photo-be] compose success
[id-photo] requestId=d27c18f92f total=51ms success=true finalImageUrl=/outputs/e2f4489174c54e97b43b003cfa67a8a7.jpg?v=d27c18f92f-1781848841295-266c9cf333c9
INFO:     127.0.0.1:58680 - "POST /api/id-photo/compose HTTP/1.1" 200 OK
INFO:     127.0.0.1:58681 - "GET /outputs/e2f4489174c54e97b43b003cfa67a8a7.jpg?v=d27c18f92f-1781848841295-266c9cf333c9 HTTP/1.1" 200 OK
[id-photo-be] prepare start requestId=4a1f8f8435
[id-photo] requestId=4a1f8f8435 step=load_image cost=0ms
[id-photo] requestId=4a1f8f8435 step=matting cost=10ms
[id-photo-be] faceDetector=None
[id-photo-be] faceCount=None
[id-photo-be] faceBox=None
[id-photo-be] mattingEngine=None
[id-photo-be] rembgModel=None
[id-photo-be] engine=hivision engineVersion=multi-engine-reset-20260613-local model=rmbg-1.4
[id-photo-be] foregroundPath=None
[id-photo-be] maskPath=None
[id-photo-be] cropParams=None
[id-photo-be] prepare success preparedId=506f831b-d70c-4af0-8440-a6a6b12aaa71
[id-photo] requestId=4a1f8f8435 total=4550ms success=true preparedId=506f831b-d70c-4af0-8440-a6a6b12aaa71
INFO:     127.0.0.1:58682 - "POST /api/id-photo/prepare HTTP/1.1" 200 OK
[id-photo-be] compose start preparedId=506f831b-d70c-4af0-8440-a6a6b12aaa71 requestId=df03599dad
[id-photo] requestId=df03599dad step=save_output cost=49ms
[id-photo-be] bgColor=None
[id-photo-be] outputSize=None
[id-photo-be] backgroundPureColor=None
[id-photo-be] originalBackgroundRemoved=None
[id-photo-be] usedForegroundPng=None
[id-photo-be] usedOriginalImageDirectly=None
[id-photo-be] engine=hivision engineVersion=multi-engine-reset-20260613-local model=rmbg-1.4
[id-photo-be] finalImageUrl=/outputs/5eb1cb3f71c54e16b98457b5ba6551fa.jpg?v=df03599dad-1781848845990-14aa9ac48c83
[id-photo-be] compose success
[id-photo] requestId=df03599dad total=51ms success=true finalImageUrl=/outputs/5eb1cb3f71c54e16b98457b5ba6551fa.jpg?v=df03599dad-1781848845990-14aa9ac48c83
INFO:     127.0.0.1:61917 - "POST /api/id-photo/compose HTTP/1.1" 200 OK
INFO:     127.0.0.1:61918 - "GET /outputs/5eb1cb3f71c54e16b98457b5ba6551fa.jpg?v=df03599dad-1781848845990-14aa9ac48c83 HTTP/1.1" 200 OK
[id-photo-be] prepare start requestId=9346b131d9
[id-photo] requestId=9346b131d9 step=load_image cost=0ms
[id-photo] requestId=9346b131d9 step=matting cost=10ms
[id-photo-be] faceDetector=None
[id-photo-be] faceCount=None
[id-photo-be] faceBox=None
[id-photo-be] mattingEngine=None
[id-photo-be] rembgModel=None
[id-photo-be] engine=hivision engineVersion=multi-engine-reset-20260613-local model=rmbg-1.4
[id-photo-be] foregroundPath=None
[id-photo-be] maskPath=None
[id-photo-be] cropParams=None
[id-photo-be] prepare success preparedId=bf3e8510-28bf-4c21-b290-996413ed45b7
[id-photo] requestId=9346b131d9 total=4570ms success=true preparedId=bf3e8510-28bf-4c21-b290-996413ed45b7
INFO:     127.0.0.1:61919 - "POST /api/id-photo/prepare HTTP/1.1" 200 OK
[id-photo-be] compose start preparedId=bf3e8510-28bf-4c21-b290-996413ed45b7 requestId=3af9e7ee21
[id-photo] requestId=3af9e7ee21 step=save_output cost=49ms
[id-photo-be] bgColor=None
[id-photo-be] outputSize=None
[id-photo-be] backgroundPureColor=None
[id-photo-be] originalBackgroundRemoved=None
[id-photo-be] usedForegroundPng=None
[id-photo-be] usedOriginalImageDirectly=None
[id-photo-be] engine=hivision engineVersion=multi-engine-reset-20260613-local model=rmbg-1.4
[id-photo-be] finalImageUrl=/outputs/efea90dbfb1f45c2a0d6b089dd944296.jpg?v=3af9e7ee21-1781848850665-519a5d250e06
[id-photo-be] compose success
[id-photo] requestId=3af9e7ee21 total=50ms success=true finalImageUrl=/outputs/efea90dbfb1f45c2a0d6b089dd944296.jpg?v=3af9e7ee21-1781848850665-519a5d250e06
INFO:     127.0.0.1:55298 - "POST /api/id-photo/compose HTTP/1.1" 200 OK
INFO:     127.0.0.1:55299 - "GET /outputs/efea90dbfb1f45c2a0d6b089dd944296.jpg?v=3af9e7ee21-1781848850665-519a5d250e06 HTTP/1.1" 200 OK
[id-photo-be] prepare start requestId=c0fdea4e58
[id-photo] requestId=c0fdea4e58 step=load_image cost=0ms
[id-photo] requestId=c0fdea4e58 step=matting cost=10ms
[id-photo-be] faceDetector=None
[id-photo-be] faceCount=None
[id-photo-be] faceBox=None
[id-photo-be] mattingEngine=None
[id-photo-be] rembgModel=None
[id-photo-be] engine=hivision engineVersion=multi-engine-reset-20260613-local model=rmbg-1.4
[id-photo-be] foregroundPath=None
[id-photo-be] maskPath=None
[id-photo-be] cropParams=None
[id-photo-be] prepare success preparedId=463a9b5a-d2c6-42c8-b438-07507127bf91
[id-photo] requestId=c0fdea4e58 total=5899ms success=true preparedId=463a9b5a-d2c6-42c8-b438-07507127bf91
INFO:     127.0.0.1:55300 - "POST /api/id-photo/prepare HTTP/1.1" 200 OK
[id-photo-be] compose start preparedId=463a9b5a-d2c6-42c8-b438-07507127bf91 requestId=9b4112714e
[id-photo] requestId=9b4112714e step=save_output cost=64ms
[id-photo-be] bgColor=None
[id-photo-be] outputSize=None
[id-photo-be] backgroundPureColor=None
[id-photo-be] originalBackgroundRemoved=None
[id-photo-be] usedForegroundPng=None
[id-photo-be] usedOriginalImageDirectly=None
[id-photo-be] engine=hivision engineVersion=multi-engine-reset-20260613-local model=rmbg-1.4
[id-photo-be] finalImageUrl=/outputs/84311071f18546c88fa828c6e1dd55d1.jpg?v=9b4112714e-1781848856671-bcb64a6d4f94
[id-photo-be] compose success
[id-photo] requestId=9b4112714e total=66ms success=true finalImageUrl=/outputs/84311071f18546c88fa828c6e1dd55d1.jpg?v=9b4112714e-1781848856671-bcb64a6d4f94
INFO:     127.0.0.1:57493 - "POST /api/id-photo/compose HTTP/1.1" 200 OK
INFO:     127.0.0.1:57494 - "GET /outputs/84311071f18546c88fa828c6e1dd55d1.jpg?v=9b4112714e-1781848856671-bcb64a6d4f94 HTTP/1.1" 200 OK
[id-photo-be] prepare start requestId=60b8149a10
[id-photo] requestId=60b8149a10 step=load_image cost=0ms
[id-photo] requestId=60b8149a10 step=matting cost=10ms
[id-photo-be] faceDetector=None
[id-photo-be] faceCount=None
[id-photo-be] faceBox=None
[id-photo-be] mattingEngine=None
[id-photo-be] rembgModel=None
[id-photo-be] engine=hivision engineVersion=multi-engine-reset-20260613-local model=rmbg-1.4
[id-photo-be] foregroundPath=None
[id-photo-be] maskPath=None
[id-photo-be] cropParams=None
[id-photo-be] prepare success preparedId=a5d493a4-07de-4769-aec9-3ce8f5efc0f0
[id-photo] requestId=60b8149a10 total=5030ms success=true preparedId=a5d493a4-07de-4769-aec9-3ce8f5efc0f0
INFO:     127.0.0.1:57495 - "POST /api/id-photo/prepare HTTP/1.1" 200 OK
[id-photo-be] compose start preparedId=a5d493a4-07de-4769-aec9-3ce8f5efc0f0 requestId=6c8cb5229d
[id-photo] requestId=6c8cb5229d step=save_output cost=76ms
[id-photo-be] bgColor=None
[id-photo-be] outputSize=None
[id-photo-be] backgroundPureColor=None
[id-photo-be] originalBackgroundRemoved=None
[id-photo-be] usedForegroundPng=None
[id-photo-be] usedOriginalImageDirectly=None
[id-photo-be] engine=hivision engineVersion=multi-engine-reset-20260613-local model=rmbg-1.4
[id-photo-be] finalImageUrl=/outputs/388a3f84aadc46ca883675377962ff6f.jpg?v=6c8cb5229d-1781848861843-a2797a677395
[id-photo-be] compose success
[id-photo] requestId=6c8cb5229d total=78ms success=true finalImageUrl=/outputs/388a3f84aadc46ca883675377962ff6f.jpg?v=6c8cb5229d-1781848861843-a2797a677395
INFO:     127.0.0.1:52662 - "POST /api/id-photo/compose HTTP/1.1" 200 OK
INFO:     127.0.0.1:52663 - "GET /outputs/388a3f84aadc46ca883675377962ff6f.jpg?v=6c8cb5229d-1781848861843-a2797a677395 HTTP/1.1" 200 OK
[id-photo-be] prepare start requestId=80958f0dac
[id-photo] requestId=80958f0dac step=load_image cost=0ms
[id-photo] requestId=80958f0dac step=matting cost=10ms
[id-photo-be] faceDetector=None
[id-photo-be] faceCount=None
[id-photo-be] faceBox=None
[id-photo-be] mattingEngine=None
[id-photo-be] rembgModel=None
[id-photo-be] engine=hivision engineVersion=multi-engine-reset-20260613-local model=rmbg-1.4
[id-photo-be] foregroundPath=None
[id-photo-be] maskPath=None
[id-photo-be] cropParams=None
[id-photo-be] prepare success preparedId=ba8c75f0-92c3-440d-a4bf-2a50eb3cc421
[id-photo] requestId=80958f0dac total=5719ms success=true preparedId=ba8c75f0-92c3-440d-a4bf-2a50eb3cc421
INFO:     127.0.0.1:52664 - "POST /api/id-photo/prepare HTTP/1.1" 200 OK
[id-photo-be] compose start preparedId=ba8c75f0-92c3-440d-a4bf-2a50eb3cc421 requestId=1ce316a17d
[id-photo] requestId=1ce316a17d step=save_output cost=77ms
[id-photo-be] bgColor=None
[id-photo-be] outputSize=None
[id-photo-be] backgroundPureColor=None
[id-photo-be] originalBackgroundRemoved=None
[id-photo-be] usedForegroundPng=None
[id-photo-be] usedOriginalImageDirectly=None
[id-photo-be] engine=hivision engineVersion=multi-engine-reset-20260613-local model=rmbg-1.4
[id-photo-be] finalImageUrl=/outputs/fc78a73e522a496896fa6d64ea1cdc12.jpg?v=1ce316a17d-1781848867674-0b52c87705cf
[id-photo-be] compose success
[id-photo] requestId=1ce316a17d total=81ms success=true finalImageUrl=/outputs/fc78a73e522a496896fa6d64ea1cdc12.jpg?v=1ce316a17d-1781848867674-0b52c87705cf
INFO:     127.0.0.1:58251 - "POST /api/id-photo/compose HTTP/1.1" 200 OK
INFO:     127.0.0.1:58252 - "GET /outputs/fc78a73e522a496896fa6d64ea1cdc12.jpg?v=1ce316a17d-1781848867674-0b52c87705cf HTTP/1.1" 200 OK
[id-photo-be] prepare start requestId=4aaf4c1827
[id-photo] requestId=4aaf4c1827 step=load_image cost=0ms
[id-photo] requestId=4aaf4c1827 step=matting cost=10ms
[id-photo-be] faceDetector=None
[id-photo-be] faceCount=None
[id-photo-be] faceBox=None
[id-photo-be] mattingEngine=None
[id-photo-be] rembgModel=None
[id-photo-be] engine=hivision engineVersion=multi-engine-reset-20260613-local model=rmbg-1.4
[id-photo-be] foregroundPath=None
[id-photo-be] maskPath=None
[id-photo-be] cropParams=None
[id-photo-be] prepare success preparedId=0f7cde91-17dd-4d01-bf5f-07ed6ac53624
[id-photo] requestId=4aaf4c1827 total=5506ms success=true preparedId=0f7cde91-17dd-4d01-bf5f-07ed6ac53624
INFO:     127.0.0.1:58253 - "POST /api/id-photo/prepare HTTP/1.1" 200 OK
[id-photo-be] compose start preparedId=0f7cde91-17dd-4d01-bf5f-07ed6ac53624 requestId=892c659580
[id-photo] requestId=892c659580 step=save_output cost=70ms
[id-photo-be] bgColor=None
[id-photo-be] outputSize=None
[id-photo-be] backgroundPureColor=None
[id-photo-be] originalBackgroundRemoved=None
[id-photo-be] usedForegroundPng=None
[id-photo-be] usedOriginalImageDirectly=None
[id-photo-be] engine=hivision engineVersion=multi-engine-reset-20260613-local model=rmbg-1.4
[id-photo-be] finalImageUrl=/outputs/983076f2e6a94d8196c1788658b584f3.jpg?v=892c659580-1781848873361-3724320763c4
[id-photo-be] compose success
[id-photo] requestId=892c659580 total=73ms success=true finalImageUrl=/outputs/983076f2e6a94d8196c1788658b584f3.jpg?v=892c659580-1781848873361-3724320763c4
INFO:     127.0.0.1:57525 - "POST /api/id-photo/compose HTTP/1.1" 200 OK
INFO:     127.0.0.1:57526 - "GET /outputs/983076f2e6a94d8196c1788658b584f3.jpg?v=892c659580-1781848873361-3724320763c4 HTTP/1.1" 200 OK
[id-photo-be] prepare start requestId=8fc273feb8
[id-photo] requestId=8fc273feb8 step=load_image cost=0ms
[id-photo] requestId=8fc273feb8 step=matting cost=10ms
[id-photo-be] faceDetector=None
[id-photo-be] faceCount=None
[id-photo-be] faceBox=None
[id-photo-be] mattingEngine=None
[id-photo-be] rembgModel=None
[id-photo-be] engine=hivision engineVersion=multi-engine-reset-20260613-local model=rmbg-1.4
[id-photo-be] foregroundPath=None
[id-photo-be] maskPath=None
[id-photo-be] cropParams=None
[id-photo-be] prepare success preparedId=3de19505-9dca-4f62-b356-bf878a672b78
[id-photo] requestId=8fc273feb8 total=6653ms success=true preparedId=3de19505-9dca-4f62-b356-bf878a672b78
INFO:     127.0.0.1:57527 - "POST /api/id-photo/prepare HTTP/1.1" 200 OK
[id-photo-be] compose start preparedId=3de19505-9dca-4f62-b356-bf878a672b78 requestId=3152ddea82
[id-photo] requestId=3152ddea82 step=save_output cost=73ms
[id-photo-be] bgColor=None
[id-photo-be] outputSize=None
[id-photo-be] backgroundPureColor=None
[id-photo-be] originalBackgroundRemoved=None
[id-photo-be] usedForegroundPng=None
[id-photo-be] usedOriginalImageDirectly=None
[id-photo-be] engine=hivision engineVersion=multi-engine-reset-20260613-local model=rmbg-1.4
[id-photo-be] finalImageUrl=/outputs/f073b34ce9184a39ba775f67d9781e5c.jpg?v=3152ddea82-1781848880137-c91ded82df0b
[id-photo-be] compose success
[id-photo] requestId=3152ddea82 total=75ms success=true finalImageUrl=/outputs/f073b34ce9184a39ba775f67d9781e5c.jpg?v=3152ddea82-1781848880137-c91ded82df0b
INFO:     127.0.0.1:60904 - "POST /api/id-photo/compose HTTP/1.1" 200 OK
INFO:     127.0.0.1:60905 - "GET /outputs/f073b34ce9184a39ba775f67d9781e5c.jpg?v=3152ddea82-1781848880137-c91ded82df0b HTTP/1.1" 200 OK
[id-photo-be] prepare start requestId=b8d4f951c6
[id-photo] requestId=b8d4f951c6 step=load_image cost=0ms
[id-photo] requestId=b8d4f951c6 step=matting cost=10ms
[id-photo-be] faceDetector=None
[id-photo-be] faceCount=None
[id-photo-be] faceBox=None
[id-photo-be] mattingEngine=None
[id-photo-be] rembgModel=None
[id-photo-be] engine=hivision engineVersion=multi-engine-reset-20260613-local model=rmbg-1.4
[id-photo-be] foregroundPath=None
[id-photo-be] maskPath=None
[id-photo-be] cropParams=None
[id-photo-be] prepare success preparedId=9808f809-5bc5-4ec7-acd9-9340817732e9
[id-photo] requestId=b8d4f951c6 total=5996ms success=true preparedId=9808f809-5bc5-4ec7-acd9-9340817732e9
INFO:     127.0.0.1:60906 - "POST /api/id-photo/prepare HTTP/1.1" 200 OK
[id-photo-be] compose start preparedId=9808f809-5bc5-4ec7-acd9-9340817732e9 requestId=e522e78a06
[id-photo] requestId=e522e78a06 step=save_output cost=76ms
[id-photo-be] bgColor=None
[id-photo-be] outputSize=None
[id-photo-be] backgroundPureColor=None
[id-photo-be] originalBackgroundRemoved=None
[id-photo-be] usedForegroundPng=None
[id-photo-be] usedOriginalImageDirectly=None
[id-photo-be] engine=hivision engineVersion=multi-engine-reset-20260613-local model=rmbg-1.4
[id-photo-be] finalImageUrl=/outputs/5a66897472e9401daa3771f6661c5f85.jpg?v=e522e78a06-1781848886255-28181c50ffaf
[id-photo-be] compose success
[id-photo] requestId=e522e78a06 total=80ms success=true finalImageUrl=/outputs/5a66897472e9401daa3771f6661c5f85.jpg?v=e522e78a06-1781848886255-28181c50ffaf
INFO:     127.0.0.1:51489 - "POST /api/id-photo/compose HTTP/1.1" 200 OK
INFO:     127.0.0.1:51493 - "GET /outputs/5a66897472e9401daa3771f6661c5f85.jpg?v=e522e78a06-1781848886255-28181c50ffaf HTTP/1.1" 200 OK
[id-photo-be] prepare start requestId=86657626e1
[id-photo] requestId=86657626e1 step=load_image cost=0ms
[id-photo] requestId=86657626e1 step=matting cost=10ms
[id-photo-be] faceDetector=None
[id-photo-be] faceCount=None
[id-photo-be] faceBox=None
[id-photo-be] mattingEngine=None
[id-photo-be] rembgModel=None
[id-photo-be] engine=hivision engineVersion=multi-engine-reset-20260613-local model=rmbg-1.4
[id-photo-be] foregroundPath=None
[id-photo-be] maskPath=None
[id-photo-be] cropParams=None
[id-photo-be] prepare success preparedId=b917db2f-8528-424b-afe1-370c33fe9ed9
[id-photo] requestId=86657626e1 total=5327ms success=true preparedId=b917db2f-8528-424b-afe1-370c33fe9ed9
INFO:     127.0.0.1:51494 - "POST /api/id-photo/prepare HTTP/1.1" 200 OK
[id-photo-be] compose start preparedId=b917db2f-8528-424b-afe1-370c33fe9ed9 requestId=288e60dabc
[id-photo] requestId=288e60dabc step=save_output cost=82ms
[id-photo-be] bgColor=None
[id-photo-be] outputSize=None
[id-photo-be] backgroundPureColor=None
[id-photo-be] originalBackgroundRemoved=None
[id-photo-be] usedForegroundPng=None
[id-photo-be] usedOriginalImageDirectly=None
[id-photo-be] engine=hivision engineVersion=multi-engine-reset-20260613-local model=rmbg-1.4
[id-photo-be] finalImageUrl=/outputs/dad466d4913c4f7d9e33eca139e32a4a.jpg?v=288e60dabc-1781848891740-00a7d015c77a
[id-photo-be] compose success
[id-photo] requestId=288e60dabc total=84ms success=true finalImageUrl=/outputs/dad466d4913c4f7d9e33eca139e32a4a.jpg?v=288e60dabc-1781848891740-00a7d015c77a
INFO:     127.0.0.1:58831 - "POST /api/id-photo/compose HTTP/1.1" 200 OK
INFO:     127.0.0.1:58832 - "GET /outputs/dad466d4913c4f7d9e33eca139e32a4a.jpg?v=288e60dabc-1781848891740-00a7d015c77a HTTP/1.1" 200 OK
[id-photo-be] prepare start requestId=0552ecc443
[id-photo] requestId=0552ecc443 step=load_image cost=0ms
[id-photo] requestId=0552ecc443 step=matting cost=10ms
[id-photo-be] faceDetector=None
[id-photo-be] faceCount=None
[id-photo-be] faceBox=None
[id-photo-be] mattingEngine=None
[id-photo-be] rembgModel=None
[id-photo-be] engine=hivision engineVersion=multi-engine-reset-20260613-local model=rmbg-1.4
[id-photo-be] foregroundPath=None
[id-photo-be] maskPath=None
[id-photo-be] cropParams=None
[id-photo-be] prepare success preparedId=d3f6e119-4ef1-4c20-bb70-5ca2efb189e6
[id-photo] requestId=0552ecc443 total=5399ms success=true preparedId=d3f6e119-4ef1-4c20-bb70-5ca2efb189e6
INFO:     127.0.0.1:58833 - "POST /api/id-photo/prepare HTTP/1.1" 200 OK
[id-photo-be] compose start preparedId=d3f6e119-4ef1-4c20-bb70-5ca2efb189e6 requestId=f37214d47c
[id-photo] requestId=f37214d47c step=save_output cost=73ms
[id-photo-be] bgColor=None
[id-photo-be] outputSize=None
[id-photo-be] backgroundPureColor=None
[id-photo-be] originalBackgroundRemoved=None
[id-photo-be] usedForegroundPng=None
[id-photo-be] usedOriginalImageDirectly=None
[id-photo-be] engine=hivision engineVersion=multi-engine-reset-20260613-local model=rmbg-1.4
[id-photo-be] finalImageUrl=/outputs/6d724c53ef3a44169c3d2b152c0d12f1.jpg?v=f37214d47c-1781848897282-5bf290b87395
[id-photo-be] compose success
[id-photo] requestId=f37214d47c total=79ms success=true finalImageUrl=/outputs/6d724c53ef3a44169c3d2b152c0d12f1.jpg?v=f37214d47c-1781848897282-5bf290b87395
INFO:     127.0.0.1:51645 - "POST /api/id-photo/compose HTTP/1.1" 200 OK
INFO:     127.0.0.1:50747 - "GET /outputs/6d724c53ef3a44169c3d2b152c0d12f1.jpg?v=f37214d47c-1781848897282-5bf290b87395 HTTP/1.1" 200 OK
[id-photo-be] prepare start requestId=c69082cc1f
[id-photo] requestId=c69082cc1f step=load_image cost=0ms
[id-photo] requestId=c69082cc1f step=matting cost=10ms
[id-photo-be] faceDetector=None
[id-photo-be] faceCount=None
[id-photo-be] faceBox=None
[id-photo-be] mattingEngine=None
[id-photo-be] rembgModel=None
[id-photo-be] engine=hivision engineVersion=multi-engine-reset-20260613-local model=rmbg-1.4
[id-photo-be] foregroundPath=None
[id-photo-be] maskPath=None
[id-photo-be] cropParams=None
[id-photo-be] prepare success preparedId=d9027fbc-b93e-4638-9db3-75d13f185b83
[id-photo] requestId=c69082cc1f total=5292ms success=true preparedId=d9027fbc-b93e-4638-9db3-75d13f185b83
INFO:     127.0.0.1:50748 - "POST /api/id-photo/prepare HTTP/1.1" 200 OK
[id-photo-be] compose start preparedId=d9027fbc-b93e-4638-9db3-75d13f185b83 requestId=a8016d7bda
[id-photo] requestId=a8016d7bda step=save_output cost=76ms
[id-photo-be] bgColor=None
[id-photo-be] outputSize=None
[id-photo-be] backgroundPureColor=None
[id-photo-be] originalBackgroundRemoved=None
[id-photo-be] usedForegroundPng=None
[id-photo-be] usedOriginalImageDirectly=None
[id-photo-be] engine=hivision engineVersion=multi-engine-reset-20260613-local model=rmbg-1.4
[id-photo-be] finalImageUrl=/outputs/2775a0e7d45040329557202d8d1ccbcf.jpg?v=a8016d7bda-1781848902723-49c02b8ac16c
[id-photo-be] compose success
[id-photo] requestId=a8016d7bda total=80ms success=true finalImageUrl=/outputs/2775a0e7d45040329557202d8d1ccbcf.jpg?v=a8016d7bda-1781848902723-49c02b8ac16c
INFO:     127.0.0.1:59386 - "POST /api/id-photo/compose HTTP/1.1" 200 OK
INFO:     127.0.0.1:59391 - "GET /outputs/2775a0e7d45040329557202d8d1ccbcf.jpg?v=a8016d7bda-1781848902723-49c02b8ac16c HTTP/1.1" 200 OK
[id-photo-be] prepare start requestId=bfc7253bad
[id-photo] requestId=bfc7253bad step=load_image cost=0ms
[id-photo] requestId=bfc7253bad step=matting cost=10ms
[id-photo-be] faceDetector=None
[id-photo-be] faceCount=None
[id-photo-be] faceBox=None
[id-photo-be] mattingEngine=None
[id-photo-be] rembgModel=None
[id-photo-be] engine=hivision engineVersion=multi-engine-reset-20260613-local model=rmbg-1.4
[id-photo-be] foregroundPath=None
[id-photo-be] maskPath=None
[id-photo-be] cropParams=None
[id-photo-be] prepare success preparedId=161abc8e-3a45-4e75-87de-0de330d1c5e0
[id-photo] requestId=bfc7253bad total=7728ms success=true preparedId=161abc8e-3a45-4e75-87de-0de330d1c5e0
INFO:     127.0.0.1:59392 - "POST /api/id-photo/prepare HTTP/1.1" 200 OK
[id-photo-be] compose start preparedId=161abc8e-3a45-4e75-87de-0de330d1c5e0 requestId=24674fb422
[id-photo] requestId=24674fb422 step=save_output cost=58ms
[id-photo-be] bgColor=None
[id-photo-be] outputSize=None
[id-photo-be] backgroundPureColor=None
[id-photo-be] originalBackgroundRemoved=None
[id-photo-be] usedForegroundPng=None
[id-photo-be] usedOriginalImageDirectly=None
[id-photo-be] engine=hivision engineVersion=multi-engine-reset-20260613-local model=rmbg-1.4
[id-photo-be] finalImageUrl=/outputs/59bc1d03367b4c6b995be96f95fc47d8.jpg?v=24674fb422-1781848910600-f1cfc5c71b86
[id-photo-be] compose success
[id-photo] requestId=24674fb422 total=61ms success=true finalImageUrl=/outputs/59bc1d03367b4c6b995be96f95fc47d8.jpg?v=24674fb422-1781848910600-f1cfc5c71b86
INFO:     127.0.0.1:57208 - "POST /api/id-photo/compose HTTP/1.1" 200 OK
INFO:     127.0.0.1:57209 - "GET /outputs/59bc1d03367b4c6b995be96f95fc47d8.jpg?v=24674fb422-1781848910600-f1cfc5c71b86 HTTP/1.1" 200 OK
[id-photo-be] prepare start requestId=bc0fe76a92
[id-photo] requestId=bc0fe76a92 step=load_image cost=0ms
[id-photo] requestId=bc0fe76a92 step=matting cost=10ms
[id-photo-be] faceDetector=None
[id-photo-be] faceCount=None
[id-photo-be] faceBox=None
[id-photo-be] mattingEngine=None
[id-photo-be] rembgModel=None
[id-photo-be] engine=hivision engineVersion=multi-engine-reset-20260613-local model=rmbg-1.4
[id-photo-be] foregroundPath=None
[id-photo-be] maskPath=None
[id-photo-be] cropParams=None
[id-photo-be] prepare success preparedId=95e1cdb9-a628-4342-ae8e-4a29e0ceefa2
[id-photo] requestId=bc0fe76a92 total=5829ms success=true preparedId=95e1cdb9-a628-4342-ae8e-4a29e0ceefa2
INFO:     127.0.0.1:57210 - "POST /api/id-photo/prepare HTTP/1.1" 200 OK
[id-photo-be] compose start preparedId=95e1cdb9-a628-4342-ae8e-4a29e0ceefa2 requestId=900d57a0ea
[id-photo] requestId=900d57a0ea step=save_output cost=63ms
[id-photo-be] bgColor=None
[id-photo-be] outputSize=None
[id-photo-be] backgroundPureColor=None
[id-photo-be] originalBackgroundRemoved=None
[id-photo-be] usedForegroundPng=None
[id-photo-be] usedOriginalImageDirectly=None
[id-photo-be] engine=hivision engineVersion=multi-engine-reset-20260613-local model=rmbg-1.4
[id-photo-be] finalImageUrl=/outputs/8f1cfaecc72a4aeea6d667c6029de010.jpg?v=900d57a0ea-1781848916596-c4ce69c258f5
[id-photo-be] compose success
[id-photo] requestId=900d57a0ea total=68ms success=true finalImageUrl=/outputs/8f1cfaecc72a4aeea6d667c6029de010.jpg?v=900d57a0ea-1781848916596-c4ce69c258f5
INFO:     127.0.0.1:50624 - "POST /api/id-photo/compose HTTP/1.1" 200 OK
INFO:     127.0.0.1:50625 - "GET /outputs/8f1cfaecc72a4aeea6d667c6029de010.jpg?v=900d57a0ea-1781848916596-c4ce69c258f5 HTTP/1.1" 200 OK
[id-photo-be] prepare start requestId=4ae227e0c7
[id-photo] requestId=4ae227e0c7 step=load_image cost=0ms
[id-photo] requestId=4ae227e0c7 step=matting cost=10ms
[id-photo-be] faceDetector=None
[id-photo-be] faceCount=None
[id-photo-be] faceBox=None
[id-photo-be] mattingEngine=None
[id-photo-be] rembgModel=None
[id-photo-be] engine=hivision engineVersion=multi-engine-reset-20260613-local model=rmbg-1.4
[id-photo-be] foregroundPath=None
[id-photo-be] maskPath=None
[id-photo-be] cropParams=None
[id-photo-be] prepare success preparedId=389fe418-850d-4d5d-a91b-ee32263fdff6
[id-photo] requestId=4ae227e0c7 total=5306ms success=true preparedId=389fe418-850d-4d5d-a91b-ee32263fdff6
INFO:     127.0.0.1:50626 - "POST /api/id-photo/prepare HTTP/1.1" 200 OK
[id-photo-be] compose start preparedId=389fe418-850d-4d5d-a91b-ee32263fdff6 requestId=7fd25818e3
[id-photo] requestId=7fd25818e3 step=save_output cost=82ms
[id-photo-be] bgColor=None
[id-photo-be] outputSize=None
[id-photo-be] backgroundPureColor=None
[id-photo-be] originalBackgroundRemoved=None
[id-photo-be] usedForegroundPng=None
[id-photo-be] usedOriginalImageDirectly=None
[id-photo-be] engine=hivision engineVersion=multi-engine-reset-20260613-local model=rmbg-1.4
[id-photo-be] finalImageUrl=/outputs/841bcc5cd6f149799cee86a1ee4d4038.jpg?v=7fd25818e3-1781848922039-dd19e34290a2
[id-photo-be] compose success
[id-photo] requestId=7fd25818e3 total=86ms success=true finalImageUrl=/outputs/841bcc5cd6f149799cee86a1ee4d4038.jpg?v=7fd25818e3-1781848922039-dd19e34290a2
INFO:     127.0.0.1:57328 - "POST /api/id-photo/compose HTTP/1.1" 200 OK
INFO:     127.0.0.1:57330 - "GET /outputs/841bcc5cd6f149799cee86a1ee4d4038.jpg?v=7fd25818e3-1781848922039-dd19e34290a2 HTTP/1.1" 200 OK
[id-photo-be] prepare start requestId=b7ef4113d0
[id-photo] requestId=b7ef4113d0 step=load_image cost=0ms
[id-photo] requestId=b7ef4113d0 step=matting cost=10ms
[id-photo-be] faceDetector=None
[id-photo-be] faceCount=None
[id-photo-be] faceBox=None
[id-photo-be] mattingEngine=None
[id-photo-be] rembgModel=None
[id-photo-be] engine=hivision engineVersion=multi-engine-reset-20260613-local model=rmbg-1.4
[id-photo-be] foregroundPath=None
[id-photo-be] maskPath=None
[id-photo-be] cropParams=None
[id-photo-be] prepare success preparedId=bb628dca-543f-4e7d-9a32-5886b50169e8
[id-photo] requestId=b7ef4113d0 total=6174ms success=true preparedId=bb628dca-543f-4e7d-9a32-5886b50169e8
INFO:     127.0.0.1:58473 - "POST /api/id-photo/prepare HTTP/1.1" 200 OK
[id-photo-be] compose start preparedId=bb628dca-543f-4e7d-9a32-5886b50169e8 requestId=fa4d80b24d
[id-photo] requestId=fa4d80b24d step=save_output cost=89ms
[id-photo-be] bgColor=None
[id-photo-be] outputSize=None
[id-photo-be] backgroundPureColor=None
[id-photo-be] originalBackgroundRemoved=None
[id-photo-be] usedForegroundPng=None
[id-photo-be] usedOriginalImageDirectly=None
[id-photo-be] engine=hivision engineVersion=multi-engine-reset-20260613-local model=rmbg-1.4
[id-photo-be] finalImageUrl=/outputs/1a376dbd7aa34aa595e8ef3969b29d55.jpg?v=fa4d80b24d-1781848928404-af49adda505e
[id-photo-be] compose success
[id-photo] requestId=fa4d80b24d total=94ms success=true finalImageUrl=/outputs/1a376dbd7aa34aa595e8ef3969b29d55.jpg?v=fa4d80b24d-1781848928404-af49adda505e
INFO:     127.0.0.1:55592 - "POST /api/id-photo/compose HTTP/1.1" 200 OK
INFO:     127.0.0.1:55594 - "GET /outputs/1a376dbd7aa34aa595e8ef3969b29d55.jpg?v=fa4d80b24d-1781848928404-af49adda505e HTTP/1.1" 200 OK
[id-photo-be] prepare start requestId=a97d6d3b80
[id-photo] requestId=a97d6d3b80 step=load_image cost=0ms
[id-photo] requestId=a97d6d3b80 step=matting cost=10ms
[id-photo-be] faceDetector=None
[id-photo-be] faceCount=None
[id-photo-be] faceBox=None
[id-photo-be] mattingEngine=None
[id-photo-be] rembgModel=None
[id-photo-be] engine=hivision engineVersion=multi-engine-reset-20260613-local model=rmbg-1.4
[id-photo-be] foregroundPath=None
[id-photo-be] maskPath=None
[id-photo-be] cropParams=None
[id-photo-be] prepare success preparedId=796bdabe-790e-47cd-bf8a-1ea53a3a087c
[id-photo] requestId=a97d6d3b80 total=6030ms success=true preparedId=796bdabe-790e-47cd-bf8a-1ea53a3a087c
INFO:     127.0.0.1:55596 - "POST /api/id-photo/prepare HTTP/1.1" 200 OK
[id-photo-be] compose start preparedId=796bdabe-790e-47cd-bf8a-1ea53a3a087c requestId=b7c2f5c697
[id-photo] requestId=b7c2f5c697 step=save_output cost=85ms
[id-photo-be] bgColor=None
[id-photo-be] outputSize=None
[id-photo-be] backgroundPureColor=None
[id-photo-be] originalBackgroundRemoved=None
[id-photo-be] usedForegroundPng=None
[id-photo-be] usedOriginalImageDirectly=None
[id-photo-be] engine=hivision engineVersion=multi-engine-reset-20260613-local model=rmbg-1.4
[id-photo-be] finalImageUrl=/outputs/f4649da5d9e9458cb38605a7c849d59e.jpg?v=b7c2f5c697-1781848934621-b6ad7d7d7899
[id-photo-be] compose success
[id-photo] requestId=b7c2f5c697 total=88ms success=true finalImageUrl=/outputs/f4649da5d9e9458cb38605a7c849d59e.jpg?v=b7c2f5c697-1781848934621-b6ad7d7d7899
INFO:     127.0.0.1:53730 - "POST /api/id-photo/compose HTTP/1.1" 200 OK
INFO:     127.0.0.1:53731 - "GET /outputs/f4649da5d9e9458cb38605a7c849d59e.jpg?v=b7c2f5c697-1781848934621-b6ad7d7d7899 HTTP/1.1" 200 OK
[id-photo-be] prepare start requestId=155473f974
[id-photo] requestId=155473f974 step=load_image cost=0ms
[id-photo] requestId=155473f974 step=matting cost=10ms
[id-photo-be] faceDetector=None
[id-photo-be] faceCount=None
[id-photo-be] faceBox=None
[id-photo-be] mattingEngine=None
[id-photo-be] rembgModel=None
[id-photo-be] engine=hivision engineVersion=multi-engine-reset-20260613-local model=rmbg-1.4
[id-photo-be] foregroundPath=None
[id-photo-be] maskPath=None
[id-photo-be] cropParams=None
[id-photo-be] prepare success preparedId=7f6ea560-bbcd-4a33-bef0-1dd9838d2bfa
[id-photo] requestId=155473f974 total=6021ms success=true preparedId=7f6ea560-bbcd-4a33-bef0-1dd9838d2bfa
INFO:     127.0.0.1:53732 - "POST /api/id-photo/prepare HTTP/1.1" 200 OK
[id-photo-be] compose start preparedId=7f6ea560-bbcd-4a33-bef0-1dd9838d2bfa requestId=6464ff3ca5
[id-photo] requestId=6464ff3ca5 step=save_output cost=83ms
[id-photo-be] bgColor=None
[id-photo-be] outputSize=None
[id-photo-be] backgroundPureColor=None
[id-photo-be] originalBackgroundRemoved=None
[id-photo-be] usedForegroundPng=None
[id-photo-be] usedOriginalImageDirectly=None
[id-photo-be] engine=hivision engineVersion=multi-engine-reset-20260613-local model=rmbg-1.4
[id-photo-be] finalImageUrl=/outputs/62bc4300c5654f22802e7f1030d5bf11.jpg?v=6464ff3ca5-1781848940769-6fd0946d5d67
[id-photo-be] compose success
[id-photo] requestId=6464ff3ca5 total=85ms success=true finalImageUrl=/outputs/62bc4300c5654f22802e7f1030d5bf11.jpg?v=6464ff3ca5-1781848940769-6fd0946d5d67
INFO:     127.0.0.1:62866 - "POST /api/id-photo/compose HTTP/1.1" 200 OK
INFO:     127.0.0.1:62869 - "GET /outputs/62bc4300c5654f22802e7f1030d5bf11.jpg?v=6464ff3ca5-1781848940769-6fd0946d5d67 HTTP/1.1" 200 OK
[id-photo-be] prepare start requestId=96f8456d41
[id-photo] requestId=96f8456d41 step=load_image cost=0ms
[id-photo] requestId=96f8456d41 step=matting cost=10ms
[id-photo-be] faceDetector=None
[id-photo-be] faceCount=None
[id-photo-be] faceBox=None
[id-photo-be] mattingEngine=None
[id-photo-be] rembgModel=None
[id-photo-be] engine=hivision engineVersion=multi-engine-reset-20260613-local model=rmbg-1.4
[id-photo-be] foregroundPath=None
[id-photo-be] maskPath=None
[id-photo-be] cropParams=None
[id-photo-be] prepare success preparedId=e9e4135d-415c-49ea-a1a8-d95304c712ad
[id-photo] requestId=96f8456d41 total=6192ms success=true preparedId=e9e4135d-415c-49ea-a1a8-d95304c712ad
INFO:     127.0.0.1:62870 - "POST /api/id-photo/prepare HTTP/1.1" 200 OK
[id-photo-be] compose start preparedId=e9e4135d-415c-49ea-a1a8-d95304c712ad requestId=7396b54ed2
[id-photo] requestId=7396b54ed2 step=save_output cost=87ms
[id-photo-be] bgColor=None
[id-photo-be] outputSize=None
[id-photo-be] backgroundPureColor=None
[id-photo-be] originalBackgroundRemoved=None
[id-photo-be] usedForegroundPng=None
[id-photo-be] usedOriginalImageDirectly=None
[id-photo-be] engine=hivision engineVersion=multi-engine-reset-20260613-local model=rmbg-1.4
[id-photo-be] finalImageUrl=/outputs/eaf9988004f84d639b5da89401e10733.jpg?v=7396b54ed2-1781848947091-7d2a6ad1af51
[id-photo-be] compose success
[id-photo] requestId=7396b54ed2 total=90ms success=true finalImageUrl=/outputs/eaf9988004f84d639b5da89401e10733.jpg?v=7396b54ed2-1781848947091-7d2a6ad1af51
INFO:     127.0.0.1:49777 - "POST /api/id-photo/compose HTTP/1.1" 200 OK
INFO:     127.0.0.1:49778 - "GET /outputs/eaf9988004f84d639b5da89401e10733.jpg?v=7396b54ed2-1781848947091-7d2a6ad1af51 HTTP/1.1" 200 OK
[id-photo-be] prepare start requestId=573604640a
[id-photo] requestId=573604640a step=load_image cost=0ms
[id-photo] requestId=573604640a step=matting cost=10ms
[id-photo-be] faceDetector=None
[id-photo-be] faceCount=None
[id-photo-be] faceBox=None
[id-photo-be] mattingEngine=None
[id-photo-be] rembgModel=None
[id-photo-be] engine=hivision engineVersion=multi-engine-reset-20260613-local model=rmbg-1.4
[id-photo-be] foregroundPath=None
[id-photo-be] maskPath=None
[id-photo-be] cropParams=None
[id-photo-be] prepare success preparedId=9efa33da-eb40-453d-95ac-98361665e49b
[id-photo] requestId=573604640a total=5781ms success=true preparedId=9efa33da-eb40-453d-95ac-98361665e49b
INFO:     127.0.0.1:49779 - "POST /api/id-photo/prepare HTTP/1.1" 200 OK
[id-photo-be] compose start preparedId=9efa33da-eb40-453d-95ac-98361665e49b requestId=aac98dff79
[id-photo] requestId=aac98dff79 step=save_output cost=86ms
[id-photo-be] bgColor=None
[id-photo-be] outputSize=None
[id-photo-be] backgroundPureColor=None
[id-photo-be] originalBackgroundRemoved=None
[id-photo-be] usedForegroundPng=None
[id-photo-be] usedOriginalImageDirectly=None
[id-photo-be] engine=hivision engineVersion=multi-engine-reset-20260613-local model=rmbg-1.4
[id-photo-be] finalImageUrl=/outputs/61ec5df969934a00bb9b10793e5bf90b.jpg?v=aac98dff79-1781848953063-c12115f8400b
[id-photo-be] compose success
[id-photo] requestId=aac98dff79 total=90ms success=true finalImageUrl=/outputs/61ec5df969934a00bb9b10793e5bf90b.jpg?v=aac98dff79-1781848953063-c12115f8400b
INFO:     127.0.0.1:65430 - "POST /api/id-photo/compose HTTP/1.1" 200 OK
INFO:     127.0.0.1:65435 - "GET /outputs/61ec5df969934a00bb9b10793e5bf90b.jpg?v=aac98dff79-1781848953063-c12115f8400b HTTP/1.1" 200 OK
[id-photo-be] prepare start requestId=c46ccfafc8
[id-photo] requestId=c46ccfafc8 step=load_image cost=0ms
[id-photo] requestId=c46ccfafc8 step=matting cost=10ms
[id-photo-be] faceDetector=None
[id-photo-be] faceCount=None
[id-photo-be] faceBox=None
[id-photo-be] mattingEngine=None
[id-photo-be] rembgModel=None
[id-photo-be] engine=hivision engineVersion=multi-engine-reset-20260613-local model=rmbg-1.4
[id-photo-be] foregroundPath=None
[id-photo-be] maskPath=None
[id-photo-be] cropParams=None
[id-photo-be] prepare success preparedId=dbd37629-2c6a-4064-8fd0-233f1182f769
[id-photo] requestId=c46ccfafc8 total=6037ms success=true preparedId=dbd37629-2c6a-4064-8fd0-233f1182f769
INFO:     127.0.0.1:65436 - "POST /api/id-photo/prepare HTTP/1.1" 200 OK
[id-photo-be] compose start preparedId=dbd37629-2c6a-4064-8fd0-233f1182f769 requestId=7f05275440
[id-photo] requestId=7f05275440 step=save_output cost=82ms
[id-photo-be] bgColor=None
[id-photo-be] outputSize=None
[id-photo-be] backgroundPureColor=None
[id-photo-be] originalBackgroundRemoved=None
[id-photo-be] usedForegroundPng=None
[id-photo-be] usedOriginalImageDirectly=None
[id-photo-be] engine=hivision engineVersion=multi-engine-reset-20260613-local model=rmbg-1.4
[id-photo-be] finalImageUrl=/outputs/75c5ebf4a15444c59414d86881b9bd75.jpg?v=7f05275440-1781848959222-caa81367598d
[id-photo-be] compose success
[id-photo] requestId=7f05275440 total=86ms success=true finalImageUrl=/outputs/75c5ebf4a15444c59414d86881b9bd75.jpg?v=7f05275440-1781848959222-caa81367598d
INFO:     127.0.0.1:62177 - "POST /api/id-photo/compose HTTP/1.1" 200 OK
INFO:     127.0.0.1:62178 - "GET /outputs/75c5ebf4a15444c59414d86881b9bd75.jpg?v=7f05275440-1781848959222-caa81367598d HTTP/1.1" 200 OK
[id-photo-be] prepare start requestId=3839c72f97
[id-photo] requestId=3839c72f97 step=load_image cost=0ms
[id-photo] requestId=3839c72f97 step=matting cost=10ms
[id-photo-be] faceDetector=None
[id-photo-be] faceCount=None
[id-photo-be] faceBox=None
[id-photo-be] mattingEngine=None
[id-photo-be] rembgModel=None
[id-photo-be] engine=hivision engineVersion=multi-engine-reset-20260613-local model=rmbg-1.4
[id-photo-be] foregroundPath=None
[id-photo-be] maskPath=None
[id-photo-be] cropParams=None
[id-photo-be] prepare success preparedId=33f2082d-7cf5-4fde-898f-bd2443021474
[id-photo] requestId=3839c72f97 total=6037ms success=true preparedId=33f2082d-7cf5-4fde-898f-bd2443021474
INFO:     127.0.0.1:62179 - "POST /api/id-photo/prepare HTTP/1.1" 200 OK
[id-photo-be] compose start preparedId=33f2082d-7cf5-4fde-898f-bd2443021474 requestId=31c4333a6a
[id-photo] requestId=31c4333a6a step=save_output cost=87ms
[id-photo-be] bgColor=None
[id-photo-be] outputSize=None
[id-photo-be] backgroundPureColor=None
[id-photo-be] originalBackgroundRemoved=None
[id-photo-be] usedForegroundPng=None
[id-photo-be] usedOriginalImageDirectly=None
[id-photo-be] engine=hivision engineVersion=multi-engine-reset-20260613-local model=rmbg-1.4
[id-photo-be] finalImageUrl=/outputs/519f0f0b69964010993abbae88511dd4.jpg?v=31c4333a6a-1781848965386-46de0f313790
[id-photo-be] compose success
[id-photo] requestId=31c4333a6a total=90ms success=true finalImageUrl=/outputs/519f0f0b69964010993abbae88511dd4.jpg?v=31c4333a6a-1781848965386-46de0f313790
INFO:     127.0.0.1:55189 - "POST /api/id-photo/compose HTTP/1.1" 200 OK
INFO:     127.0.0.1:55190 - "GET /outputs/519f0f0b69964010993abbae88511dd4.jpg?v=31c4333a6a-1781848965386-46de0f313790 HTTP/1.1" 200 OK
[id-photo-be] prepare start requestId=752af0e5fe
[id-photo] requestId=752af0e5fe step=load_image cost=0ms
[id-photo] requestId=752af0e5fe step=matting cost=10ms
[id-photo-be] faceDetector=None
[id-photo-be] faceCount=None
[id-photo-be] faceBox=None
[id-photo-be] mattingEngine=None
[id-photo-be] rembgModel=None
[id-photo-be] engine=hivision engineVersion=multi-engine-reset-20260613-local model=rmbg-1.4
[id-photo-be] foregroundPath=None
[id-photo-be] maskPath=None
[id-photo-be] cropParams=None
[id-photo-be] prepare success preparedId=e9390348-2e6a-4c60-892a-82cf704a4e82
[id-photo] requestId=752af0e5fe total=4505ms success=true preparedId=e9390348-2e6a-4c60-892a-82cf704a4e82
INFO:     127.0.0.1:55191 - "POST /api/id-photo/prepare HTTP/1.1" 200 OK
[id-photo-be] compose start preparedId=e9390348-2e6a-4c60-892a-82cf704a4e82 requestId=721d47665f
[id-photo] requestId=721d47665f step=save_output cost=88ms
[id-photo-be] bgColor=None
[id-photo-be] outputSize=None
[id-photo-be] backgroundPureColor=None
[id-photo-be] originalBackgroundRemoved=None
[id-photo-be] usedForegroundPng=None
[id-photo-be] usedOriginalImageDirectly=None
[id-photo-be] engine=hivision engineVersion=multi-engine-reset-20260613-local model=rmbg-1.4
[id-photo-be] finalImageUrl=/outputs/b368aa12262e41978a8d281c42d26dd5.jpg?v=721d47665f-1781848970077-0f451e4e11ea
[id-photo-be] compose success
[id-photo] requestId=721d47665f total=92ms success=true finalImageUrl=/outputs/b368aa12262e41978a8d281c42d26dd5.jpg?v=721d47665f-1781848970077-0f451e4e11ea
INFO:     127.0.0.1:62600 - "POST /api/id-photo/compose HTTP/1.1" 200 OK
INFO:     127.0.0.1:62602 - "GET /outputs/b368aa12262e41978a8d281c42d26dd5.jpg?v=721d47665f-1781848970077-0f451e4e11ea HTTP/1.1" 200 OK
[id-photo-be] prepare start requestId=bfdb014274
[id-photo] requestId=bfdb014274 step=load_image cost=0ms
[id-photo] requestId=bfdb014274 step=matting cost=10ms
[id-photo-be] faceDetector=None
[id-photo-be] faceCount=None
[id-photo-be] faceBox=None
[id-photo-be] mattingEngine=None
[id-photo-be] rembgModel=None
[id-photo-be] engine=hivision engineVersion=multi-engine-reset-20260613-local model=rmbg-1.4
[id-photo-be] foregroundPath=None
[id-photo-be] maskPath=None
[id-photo-be] cropParams=None
[id-photo-be] prepare success preparedId=921fb15f-c234-4610-8121-f5cb9217fc82
[id-photo] requestId=bfdb014274 total=5518ms success=true preparedId=921fb15f-c234-4610-8121-f5cb9217fc82
INFO:     127.0.0.1:53703 - "POST /api/id-photo/prepare HTTP/1.1" 200 OK
[id-photo-be] compose start preparedId=921fb15f-c234-4610-8121-f5cb9217fc82 requestId=f6e42a0514
[id-photo] requestId=f6e42a0514 step=save_output cost=77ms
[id-photo-be] bgColor=None
[id-photo-be] outputSize=None
[id-photo-be] backgroundPureColor=None
[id-photo-be] originalBackgroundRemoved=None
[id-photo-be] usedForegroundPng=None
[id-photo-be] usedOriginalImageDirectly=None
[id-photo-be] engine=hivision engineVersion=multi-engine-reset-20260613-local model=rmbg-1.4
[id-photo-be] finalImageUrl=/outputs/c2683b99fcaa4d129265db48526da5d2.jpg?v=f6e42a0514-1781848975733-852d4abd5db3
[id-photo-be] compose success
[id-photo] requestId=f6e42a0514 total=79ms success=true finalImageUrl=/outputs/c2683b99fcaa4d129265db48526da5d2.jpg?v=f6e42a0514-1781848975733-852d4abd5db3
INFO:     127.0.0.1:51637 - "POST /api/id-photo/compose HTTP/1.1" 200 OK
INFO:     127.0.0.1:51638 - "GET /outputs/c2683b99fcaa4d129265db48526da5d2.jpg?v=f6e42a0514-1781848975733-852d4abd5db3 HTTP/1.1" 200 OK
[id-photo-be] prepare start requestId=0e22a2dee5
[id-photo] requestId=0e22a2dee5 step=load_image cost=0ms
[id-photo] requestId=0e22a2dee5 step=matting cost=10ms
[id-photo-be] faceDetector=None
[id-photo-be] faceCount=None
[id-photo-be] faceBox=None
[id-photo-be] mattingEngine=None
[id-photo-be] rembgModel=None
[id-photo-be] engine=hivision engineVersion=multi-engine-reset-20260613-local model=rmbg-1.4
[id-photo-be] foregroundPath=None
[id-photo-be] maskPath=None
[id-photo-be] cropParams=None
[id-photo-be] prepare success preparedId=ef76d744-3a54-4169-b385-518717154110
[id-photo] requestId=0e22a2dee5 total=4345ms success=true preparedId=ef76d744-3a54-4169-b385-518717154110
INFO:     127.0.0.1:51639 - "POST /api/id-photo/prepare HTTP/1.1" 200 OK
[id-photo-be] compose start preparedId=ef76d744-3a54-4169-b385-518717154110 requestId=a24607a250
[id-photo] requestId=a24607a250 step=save_output cost=72ms
[id-photo-be] bgColor=None
[id-photo-be] outputSize=None
[id-photo-be] backgroundPureColor=None
[id-photo-be] originalBackgroundRemoved=None
[id-photo-be] usedForegroundPng=None
[id-photo-be] usedOriginalImageDirectly=None
[id-photo-be] engine=hivision engineVersion=multi-engine-reset-20260613-local model=rmbg-1.4
[id-photo-be] finalImageUrl=/outputs/c73f08f64ee44292b34c6d23ed827b91.jpg?v=a24607a250-1781848980207-3d4e73b23eea
[id-photo-be] compose success
[id-photo] requestId=a24607a250 total=74ms success=true finalImageUrl=/outputs/c73f08f64ee44292b34c6d23ed827b91.jpg?v=a24607a250-1781848980207-3d4e73b23eea
INFO:     127.0.0.1:50066 - "POST /api/id-photo/compose HTTP/1.1" 200 OK
INFO:     127.0.0.1:50067 - "GET /outputs/c73f08f64ee44292b34c6d23ed827b91.jpg?v=a24607a250-1781848980207-3d4e73b23eea HTTP/1.1" 200 OK
[id-photo-be] prepare start requestId=ae7c1843f7
[id-photo] requestId=ae7c1843f7 step=load_image cost=0ms
[id-photo] requestId=ae7c1843f7 step=matting cost=10ms
[id-photo-be] faceDetector=None
[id-photo-be] faceCount=None
[id-photo-be] faceBox=None
[id-photo-be] mattingEngine=None
[id-photo-be] rembgModel=None
[id-photo-be] engine=hivision engineVersion=multi-engine-reset-20260613-local model=rmbg-1.4
[id-photo-be] foregroundPath=None
[id-photo-be] maskPath=None
[id-photo-be] cropParams=None
[id-photo-be] prepare success preparedId=540fd65b-8e58-4948-b2f2-3e3ac88768f4
[id-photo] requestId=ae7c1843f7 total=4628ms success=true preparedId=540fd65b-8e58-4948-b2f2-3e3ac88768f4
INFO:     127.0.0.1:50068 - "POST /api/id-photo/prepare HTTP/1.1" 200 OK
[id-photo-be] compose start preparedId=540fd65b-8e58-4948-b2f2-3e3ac88768f4 requestId=6427359149
[id-photo] requestId=6427359149 step=save_output cost=76ms
[id-photo-be] bgColor=None
[id-photo-be] outputSize=None
[id-photo-be] backgroundPureColor=None
[id-photo-be] originalBackgroundRemoved=None
[id-photo-be] usedForegroundPng=None
[id-photo-be] usedOriginalImageDirectly=None
[id-photo-be] engine=hivision engineVersion=multi-engine-reset-20260613-local model=rmbg-1.4
[id-photo-be] finalImageUrl=/outputs/2941c308b300421aa9e895d5e11f2f9a.jpg?v=6427359149-1781848985107-a56ffbbfb4fc
[id-photo-be] compose success
[id-photo] requestId=6427359149 total=79ms success=true finalImageUrl=/outputs/2941c308b300421aa9e895d5e11f2f9a.jpg?v=6427359149-1781848985107-a56ffbbfb4fc
INFO:     127.0.0.1:60509 - "POST /api/id-photo/compose HTTP/1.1" 200 OK
INFO:     127.0.0.1:60510 - "GET /outputs/2941c308b300421aa9e895d5e11f2f9a.jpg?v=6427359149-1781848985107-a56ffbbfb4fc HTTP/1.1" 200 OK
[id-photo-be] prepare start requestId=b982bee157
[id-photo] requestId=b982bee157 step=load_image cost=0ms
[id-photo] requestId=b982bee157 step=matting cost=10ms
[id-photo-be] faceDetector=None
[id-photo-be] faceCount=None
[id-photo-be] faceBox=None
[id-photo-be] mattingEngine=None
[id-photo-be] rembgModel=None
[id-photo-be] engine=hivision engineVersion=multi-engine-reset-20260613-local model=rmbg-1.4
[id-photo-be] foregroundPath=None
[id-photo-be] maskPath=None
[id-photo-be] cropParams=None
[id-photo-be] prepare success preparedId=becd4a09-37c8-4c98-8e7f-39d730f678dd
[id-photo] requestId=b982bee157 total=4231ms success=true preparedId=becd4a09-37c8-4c98-8e7f-39d730f678dd
INFO:     127.0.0.1:60511 - "POST /api/id-photo/prepare HTTP/1.1" 200 OK
[id-photo-be] compose start preparedId=becd4a09-37c8-4c98-8e7f-39d730f678dd requestId=70afdb6790
[id-photo] requestId=70afdb6790 step=save_output cost=68ms
[id-photo-be] bgColor=None
[id-photo-be] outputSize=None
[id-photo-be] backgroundPureColor=None
[id-photo-be] originalBackgroundRemoved=None
[id-photo-be] usedForegroundPng=None
[id-photo-be] usedOriginalImageDirectly=None
[id-photo-be] engine=hivision engineVersion=multi-engine-reset-20260613-local model=rmbg-1.4
[id-photo-be] finalImageUrl=/outputs/d0d0c40da02a479eb7ed3a6c740fa85f.jpg?v=70afdb6790-1781848989492-007895689900
[id-photo-be] compose success
[id-photo] requestId=70afdb6790 total=73ms success=true finalImageUrl=/outputs/d0d0c40da02a479eb7ed3a6c740fa85f.jpg?v=70afdb6790-1781848989492-007895689900
INFO:     127.0.0.1:61278 - "POST /api/id-photo/compose HTTP/1.1" 200 OK
INFO:     127.0.0.1:61279 - "GET /outputs/d0d0c40da02a479eb7ed3a6c740fa85f.jpg?v=70afdb6790-1781848989492-007895689900 HTTP/1.1" 200 OK
[id-photo-be] prepare start requestId=69f8a1b5a3
[id-photo] requestId=69f8a1b5a3 step=load_image cost=0ms
[id-photo] requestId=69f8a1b5a3 step=matting cost=10ms
[id-photo-be] faceDetector=None
[id-photo-be] faceCount=None
[id-photo-be] faceBox=None
[id-photo-be] mattingEngine=None
[id-photo-be] rembgModel=None
[id-photo-be] engine=hivision engineVersion=multi-engine-reset-20260613-local model=rmbg-1.4
[id-photo-be] foregroundPath=None
[id-photo-be] maskPath=None
[id-photo-be] cropParams=None
[id-photo-be] prepare success preparedId=0e7c2a1e-6b5f-4982-8f0c-14c224d885ec
[id-photo] requestId=69f8a1b5a3 total=5985ms success=true preparedId=0e7c2a1e-6b5f-4982-8f0c-14c224d885ec
INFO:     127.0.0.1:61280 - "POST /api/id-photo/prepare HTTP/1.1" 200 OK
[id-photo-be] compose start preparedId=0e7c2a1e-6b5f-4982-8f0c-14c224d885ec requestId=cffd02f209
[id-photo] requestId=cffd02f209 step=save_output cost=61ms
[id-photo-be] bgColor=None
[id-photo-be] outputSize=None
[id-photo-be] backgroundPureColor=None
[id-photo-be] originalBackgroundRemoved=None
[id-photo-be] usedForegroundPng=None
[id-photo-be] usedOriginalImageDirectly=None
[id-photo-be] engine=hivision engineVersion=multi-engine-reset-20260613-local model=rmbg-1.4
[id-photo-be] finalImageUrl=/outputs/917cdd4c67554cad8ab67f87bef723e3.jpg?v=cffd02f209-1781848995626-d1e10d58fc56
[id-photo-be] compose success
[id-photo] requestId=cffd02f209 total=63ms success=true finalImageUrl=/outputs/917cdd4c67554cad8ab67f87bef723e3.jpg?v=cffd02f209-1781848995626-d1e10d58fc56
INFO:     127.0.0.1:65130 - "POST /api/id-photo/compose HTTP/1.1" 200 OK
INFO:     127.0.0.1:65131 - "GET /outputs/917cdd4c67554cad8ab67f87bef723e3.jpg?v=cffd02f209-1781848995626-d1e10d58fc56 HTTP/1.1" 200 OK
[id-photo-be] prepare start requestId=a2a8a87b00
[id-photo] requestId=a2a8a87b00 step=load_image cost=0ms
[id-photo] requestId=a2a8a87b00 step=matting cost=10ms
[id-photo-be] faceDetector=None
[id-photo-be] faceCount=None
[id-photo-be] faceBox=None
[id-photo-be] mattingEngine=None
[id-photo-be] rembgModel=None
[id-photo-be] engine=hivision engineVersion=multi-engine-reset-20260613-local model=rmbg-1.4
[id-photo-be] foregroundPath=None
[id-photo-be] maskPath=None
[id-photo-be] cropParams=None
[id-photo-be] prepare success preparedId=dc6dd721-3107-4eee-a88c-645d09889de9
[id-photo] requestId=a2a8a87b00 total=4475ms success=true preparedId=dc6dd721-3107-4eee-a88c-645d09889de9
INFO:     127.0.0.1:65132 - "POST /api/id-photo/prepare HTTP/1.1" 200 OK
[id-photo-be] compose start preparedId=dc6dd721-3107-4eee-a88c-645d09889de9 requestId=c9a1908255
[id-photo] requestId=c9a1908255 step=save_output cost=74ms
[id-photo-be] bgColor=None
[id-photo-be] outputSize=None
[id-photo-be] backgroundPureColor=None
[id-photo-be] originalBackgroundRemoved=None
[id-photo-be] usedForegroundPng=None
[id-photo-be] usedOriginalImageDirectly=None
[id-photo-be] engine=hivision engineVersion=multi-engine-reset-20260613-local model=rmbg-1.4
[id-photo-be] finalImageUrl=/outputs/a85767fcadcf404ba043a5481ab52598.jpg?v=c9a1908255-1781849000229-6926164edb08
[id-photo-be] compose success
[id-photo] requestId=c9a1908255 total=78ms success=true finalImageUrl=/outputs/a85767fcadcf404ba043a5481ab52598.jpg?v=c9a1908255-1781849000229-6926164edb08
INFO:     127.0.0.1:61053 - "POST /api/id-photo/compose HTTP/1.1" 200 OK
INFO:     127.0.0.1:61058 - "GET /outputs/a85767fcadcf404ba043a5481ab52598.jpg?v=c9a1908255-1781849000229-6926164edb08 HTTP/1.1" 200 OK
[id-photo-be] prepare start requestId=74ae176435
[id-photo] requestId=74ae176435 step=load_image cost=0ms
[id-photo] requestId=74ae176435 step=matting cost=10ms
[id-photo-be] faceDetector=None
[id-photo-be] faceCount=None
[id-photo-be] faceBox=None
[id-photo-be] mattingEngine=None
[id-photo-be] rembgModel=None
[id-photo-be] engine=hivision engineVersion=multi-engine-reset-20260613-local model=rmbg-1.4
[id-photo-be] foregroundPath=None
[id-photo-be] maskPath=None
[id-photo-be] cropParams=None
[id-photo-be] prepare success preparedId=d1cdc0f1-310b-4132-b2fa-b104adde1075
[id-photo] requestId=74ae176435 total=5678ms success=true preparedId=d1cdc0f1-310b-4132-b2fa-b104adde1075
INFO:     127.0.0.1:61059 - "POST /api/id-photo/prepare HTTP/1.1" 200 OK
[id-photo-be] compose start preparedId=d1cdc0f1-310b-4132-b2fa-b104adde1075 requestId=889716b900
[id-photo] requestId=889716b900 step=save_output cost=68ms
[id-photo-be] bgColor=None
[id-photo-be] outputSize=None
[id-photo-be] backgroundPureColor=None
[id-photo-be] originalBackgroundRemoved=None
[id-photo-be] usedForegroundPng=None
[id-photo-be] usedOriginalImageDirectly=None
[id-photo-be] engine=hivision engineVersion=multi-engine-reset-20260613-local model=rmbg-1.4
[id-photo-be] finalImageUrl=/outputs/82b143b7e92f4e61982a72160f5d4e2d.jpg?v=889716b900-1781849006075-a3b7f2074e03
[id-photo-be] compose success
[id-photo] requestId=889716b900 total=72ms success=true finalImageUrl=/outputs/82b143b7e92f4e61982a72160f5d4e2d.jpg?v=889716b900-1781849006075-a3b7f2074e03
INFO:     127.0.0.1:50076 - "POST /api/id-photo/compose HTTP/1.1" 200 OK
INFO:     127.0.0.1:50077 - "GET /outputs/82b143b7e92f4e61982a72160f5d4e2d.jpg?v=889716b900-1781849006075-a3b7f2074e03 HTTP/1.1" 200 OK
[id-photo-be] prepare start requestId=c8da9c208b
[id-photo] requestId=c8da9c208b step=load_image cost=0ms
[id-photo] requestId=c8da9c208b step=matting cost=10ms
[id-photo-be] faceDetector=None
[id-photo-be] faceCount=None
[id-photo-be] faceBox=None
[id-photo-be] mattingEngine=None
[id-photo-be] rembgModel=None
[id-photo-be] engine=hivision engineVersion=multi-engine-reset-20260613-local model=rmbg-1.4
[id-photo-be] foregroundPath=None
[id-photo-be] maskPath=None
[id-photo-be] cropParams=None
[id-photo-be] prepare success preparedId=6efaea31-7f9e-4e73-a701-c0b02f47628c
[id-photo] requestId=c8da9c208b total=4799ms success=true preparedId=6efaea31-7f9e-4e73-a701-c0b02f47628c
INFO:     127.0.0.1:50078 - "POST /api/id-photo/prepare HTTP/1.1" 200 OK
[id-photo-be] compose start preparedId=6efaea31-7f9e-4e73-a701-c0b02f47628c requestId=47ced33e5f
[id-photo] requestId=47ced33e5f step=save_output cost=79ms
[id-photo-be] bgColor=None
[id-photo-be] outputSize=None
[id-photo-be] backgroundPureColor=None
[id-photo-be] originalBackgroundRemoved=None
[id-photo-be] usedForegroundPng=None
[id-photo-be] usedOriginalImageDirectly=None
[id-photo-be] engine=hivision engineVersion=multi-engine-reset-20260613-local model=rmbg-1.4
[id-photo-be] finalImageUrl=/outputs/13de1c3194954a959c7a68f4aeecb576.jpg?v=47ced33e5f-1781849010985-64a906c367cc
[id-photo-be] compose success
[id-photo] requestId=47ced33e5f total=82ms success=true finalImageUrl=/outputs/13de1c3194954a959c7a68f4aeecb576.jpg?v=47ced33e5f-1781849010985-64a906c367cc
INFO:     127.0.0.1:63785 - "POST /api/id-photo/compose HTTP/1.1" 200 OK
INFO:     127.0.0.1:63786 - "GET /outputs/13de1c3194954a959c7a68f4aeecb576.jpg?v=47ced33e5f-1781849010985-64a906c367cc HTTP/1.1" 200 OK
[id-photo-be] prepare start requestId=d610940675
[id-photo] requestId=d610940675 step=load_image cost=0ms
[id-photo] requestId=d610940675 step=matting cost=10ms
[id-photo-be] faceDetector=None
[id-photo-be] faceCount=None
[id-photo-be] faceBox=None
[id-photo-be] mattingEngine=None
[id-photo-be] rembgModel=None
[id-photo-be] engine=hivision engineVersion=multi-engine-reset-20260613-local model=rmbg-1.4
[id-photo-be] foregroundPath=None
[id-photo-be] maskPath=None
[id-photo-be] cropParams=None
[id-photo-be] prepare success preparedId=5d1cfaa0-6bb3-44f0-b691-edd972840eac
[id-photo] requestId=d610940675 total=4037ms success=true preparedId=5d1cfaa0-6bb3-44f0-b691-edd972840eac
INFO:     127.0.0.1:63787 - "POST /api/id-photo/prepare HTTP/1.1" 200 OK
[id-photo-be] compose start preparedId=5d1cfaa0-6bb3-44f0-b691-edd972840eac requestId=3fd9337a3d
[id-photo] requestId=3fd9337a3d step=save_output cost=55ms
[id-photo-be] bgColor=None
[id-photo-be] outputSize=None
[id-photo-be] backgroundPureColor=None
[id-photo-be] originalBackgroundRemoved=None
[id-photo-be] usedForegroundPng=None
[id-photo-be] usedOriginalImageDirectly=None
[id-photo-be] engine=hivision engineVersion=multi-engine-reset-20260613-local model=rmbg-1.4
[id-photo-be] finalImageUrl=/outputs/4619eb5bafd744edb7dcbc160b5bbc52.jpg?v=3fd9337a3d-1781849015201-3a13571132e0
[id-photo-be] compose success
[id-photo] requestId=3fd9337a3d total=58ms success=true finalImageUrl=/outputs/4619eb5bafd744edb7dcbc160b5bbc52.jpg?v=3fd9337a3d-1781849015201-3a13571132e0
INFO:     127.0.0.1:52362 - "POST /api/id-photo/compose HTTP/1.1" 200 OK
INFO:     127.0.0.1:52363 - "GET /outputs/4619eb5bafd744edb7dcbc160b5bbc52.jpg?v=3fd9337a3d-1781849015201-3a13571132e0 HTTP/1.1" 200 OK
[id-photo-be] prepare start requestId=d37d8d3498
[id-photo] requestId=d37d8d3498 step=load_image cost=0ms
[id-photo] requestId=d37d8d3498 step=matting cost=10ms
[id-photo-be] faceDetector=None
[id-photo-be] faceCount=None
[id-photo-be] faceBox=None
[id-photo-be] mattingEngine=None
[id-photo-be] rembgModel=None
[id-photo-be] engine=hivision engineVersion=multi-engine-reset-20260613-local model=rmbg-1.4
[id-photo-be] foregroundPath=None
[id-photo-be] maskPath=None
[id-photo-be] cropParams=None
[id-photo-be] prepare success preparedId=1f306552-49a2-4f79-a06f-8a706e9fff1e
[id-photo] requestId=d37d8d3498 total=4772ms success=true preparedId=1f306552-49a2-4f79-a06f-8a706e9fff1e
INFO:     127.0.0.1:52364 - "POST /api/id-photo/prepare HTTP/1.1" 200 OK
[id-photo-be] compose start preparedId=1f306552-49a2-4f79-a06f-8a706e9fff1e requestId=46896a180a
[id-photo] requestId=46896a180a step=save_output cost=80ms
[id-photo-be] bgColor=None
[id-photo-be] outputSize=None
[id-photo-be] backgroundPureColor=None
[id-photo-be] originalBackgroundRemoved=None
[id-photo-be] usedForegroundPng=None
[id-photo-be] usedOriginalImageDirectly=None
[id-photo-be] engine=hivision engineVersion=multi-engine-reset-20260613-local model=rmbg-1.4
[id-photo-be] finalImageUrl=/outputs/8971ed93689345209324adf1128176c0.jpg?v=46896a180a-1781849020099-86ed6a7268a7
[id-photo-be] compose success
[id-photo] requestId=46896a180a total=83ms success=true finalImageUrl=/outputs/8971ed93689345209324adf1128176c0.jpg?v=46896a180a-1781849020099-86ed6a7268a7
INFO:     127.0.0.1:61182 - "POST /api/id-photo/compose HTTP/1.1" 200 OK
INFO:     127.0.0.1:61189 - "GET /outputs/8971ed93689345209324adf1128176c0.jpg?v=46896a180a-1781849020099-86ed6a7268a7 HTTP/1.1" 200 OK
[id-photo-be] prepare start requestId=f3bbd415c4
[id-photo] requestId=f3bbd415c4 step=load_image cost=0ms
[id-photo] requestId=f3bbd415c4 step=matting cost=10ms
[id-photo-be] faceDetector=None
[id-photo-be] faceCount=None
[id-photo-be] faceBox=None
[id-photo-be] mattingEngine=None
[id-photo-be] rembgModel=None
[id-photo-be] engine=hivision engineVersion=multi-engine-reset-20260613-local model=rmbg-1.4
[id-photo-be] foregroundPath=None
[id-photo-be] maskPath=None
[id-photo-be] cropParams=None
[id-photo-be] prepare success preparedId=a75d1a38-b2be-4a0e-a4d8-d96a7b1638d6
[id-photo] requestId=f3bbd415c4 total=4357ms success=true preparedId=a75d1a38-b2be-4a0e-a4d8-d96a7b1638d6
INFO:     127.0.0.1:61190 - "POST /api/id-photo/prepare HTTP/1.1" 200 OK
[id-photo-be] compose start preparedId=a75d1a38-b2be-4a0e-a4d8-d96a7b1638d6 requestId=9d356d1b90
[id-photo] requestId=9d356d1b90 step=save_output cost=64ms
[id-photo-be] bgColor=None
[id-photo-be] outputSize=None
[id-photo-be] backgroundPureColor=None
[id-photo-be] originalBackgroundRemoved=None
[id-photo-be] usedForegroundPng=None
[id-photo-be] usedOriginalImageDirectly=None
[id-photo-be] engine=hivision engineVersion=multi-engine-reset-20260613-local model=rmbg-1.4
[id-photo-be] finalImageUrl=/outputs/73a6c187a3c1481b938079121b1c3f7d.jpg?v=9d356d1b90-1781849024620-9528c20d0468
[id-photo-be] compose success
[id-photo] requestId=9d356d1b90 total=67ms success=true finalImageUrl=/outputs/73a6c187a3c1481b938079121b1c3f7d.jpg?v=9d356d1b90-1781849024620-9528c20d0468
INFO:     127.0.0.1:57080 - "POST /api/id-photo/compose HTTP/1.1" 200 OK
INFO:     127.0.0.1:60154 - "GET /outputs/73a6c187a3c1481b938079121b1c3f7d.jpg?v=9d356d1b90-1781849024620-9528c20d0468 HTTP/1.1" 200 OK
[id-photo-be] prepare start requestId=e197329855
[id-photo] requestId=e197329855 step=load_image cost=0ms
[id-photo] requestId=e197329855 step=matting cost=10ms
[id-photo-be] faceDetector=None
[id-photo-be] faceCount=None
[id-photo-be] faceBox=None
[id-photo-be] mattingEngine=None
[id-photo-be] rembgModel=None
[id-photo-be] engine=hivision engineVersion=multi-engine-reset-20260613-local model=rmbg-1.4
[id-photo-be] foregroundPath=None
[id-photo-be] maskPath=None
[id-photo-be] cropParams=None
[id-photo-be] prepare success preparedId=ab3ff849-3825-4991-9b87-e324fb3ad454
[id-photo] requestId=e197329855 total=4093ms success=true preparedId=ab3ff849-3825-4991-9b87-e324fb3ad454
INFO:     127.0.0.1:60155 - "POST /api/id-photo/prepare HTTP/1.1" 200 OK
[id-photo-be] compose start preparedId=ab3ff849-3825-4991-9b87-e324fb3ad454 requestId=63fcc7b8cb
[id-photo] requestId=63fcc7b8cb step=save_output cost=83ms
[id-photo-be] bgColor=None
[id-photo-be] outputSize=None
[id-photo-be] backgroundPureColor=None
[id-photo-be] originalBackgroundRemoved=None
[id-photo-be] usedForegroundPng=None
[id-photo-be] usedOriginalImageDirectly=None
[id-photo-be] engine=hivision engineVersion=multi-engine-reset-20260613-local model=rmbg-1.4
[id-photo-be] finalImageUrl=/outputs/f6b87f49809640f7a6a4a35264a38401.jpg?v=63fcc7b8cb-1781849028836-f284e7815215
[id-photo-be] compose success
[id-photo] requestId=63fcc7b8cb total=86ms success=true finalImageUrl=/outputs/f6b87f49809640f7a6a4a35264a38401.jpg?v=63fcc7b8cb-1781849028836-f284e7815215
INFO:     127.0.0.1:51703 - "POST /api/id-photo/compose HTTP/1.1" 200 OK
INFO:     127.0.0.1:51704 - "GET /outputs/f6b87f49809640f7a6a4a35264a38401.jpg?v=63fcc7b8cb-1781849028836-f284e7815215 HTTP/1.1" 200 OK
[id-photo-be] prepare start requestId=0ad2cb629a
[id-photo] requestId=0ad2cb629a step=load_image cost=0ms
[id-photo] requestId=0ad2cb629a step=matting cost=10ms
[id-photo-be] faceDetector=None
[id-photo-be] faceCount=None
[id-photo-be] faceBox=None
[id-photo-be] mattingEngine=None
[id-photo-be] rembgModel=None
[id-photo-be] engine=hivision engineVersion=multi-engine-reset-20260613-local model=rmbg-1.4
[id-photo-be] foregroundPath=None
[id-photo-be] maskPath=None
[id-photo-be] cropParams=None
[id-photo-be] prepare success preparedId=ff876877-04f7-476b-bc96-86deecccf79e
[id-photo] requestId=0ad2cb629a total=4265ms success=true preparedId=ff876877-04f7-476b-bc96-86deecccf79e
INFO:     127.0.0.1:51705 - "POST /api/id-photo/prepare HTTP/1.1" 200 OK
[id-photo-be] compose start preparedId=ff876877-04f7-476b-bc96-86deecccf79e requestId=f258dd74ec
[id-photo] requestId=f258dd74ec step=save_output cost=60ms
[id-photo-be] bgColor=None
[id-photo-be] outputSize=None
[id-photo-be] backgroundPureColor=None
[id-photo-be] originalBackgroundRemoved=None
[id-photo-be] usedForegroundPng=None
[id-photo-be] usedOriginalImageDirectly=None
[id-photo-be] engine=hivision engineVersion=multi-engine-reset-20260613-local model=rmbg-1.4
[id-photo-be] finalImageUrl=/outputs/fe442da54a9a44d2bc8af3550d67d93f.jpg?v=f258dd74ec-1781849033286-bb78917a999d
[id-photo-be] compose success
[id-photo] requestId=f258dd74ec total=61ms success=true finalImageUrl=/outputs/fe442da54a9a44d2bc8af3550d67d93f.jpg?v=f258dd74ec-1781849033286-bb78917a999d
INFO:     127.0.0.1:49685 - "POST /api/id-photo/compose HTTP/1.1" 200 OK
INFO:     127.0.0.1:49686 - "GET /outputs/fe442da54a9a44d2bc8af3550d67d93f.jpg?v=f258dd74ec-1781849033286-bb78917a999d HTTP/1.1" 200 OK
[id-photo-be] prepare start requestId=5b6e24b006
[id-photo] requestId=5b6e24b006 step=load_image cost=0ms
[id-photo] requestId=5b6e24b006 step=matting cost=10ms
[id-photo-be] faceDetector=None
[id-photo-be] faceCount=None
[id-photo-be] faceBox=None
[id-photo-be] mattingEngine=None
[id-photo-be] rembgModel=None
[id-photo-be] engine=hivision engineVersion=multi-engine-reset-20260613-local model=rmbg-1.4
[id-photo-be] foregroundPath=None
[id-photo-be] maskPath=None
[id-photo-be] cropParams=None
[id-photo-be] prepare success preparedId=729794d5-0ad3-4054-845b-825f0b944320
[id-photo] requestId=5b6e24b006 total=4974ms success=true preparedId=729794d5-0ad3-4054-845b-825f0b944320
INFO:     127.0.0.1:49688 - "POST /api/id-photo/prepare HTTP/1.1" 200 OK
[id-photo-be] compose start preparedId=729794d5-0ad3-4054-845b-825f0b944320 requestId=5cc43fd6cc
[id-photo] requestId=5cc43fd6cc step=save_output cost=60ms
[id-photo-be] bgColor=None
[id-photo-be] outputSize=None
[id-photo-be] backgroundPureColor=None
[id-photo-be] originalBackgroundRemoved=None
[id-photo-be] usedForegroundPng=None
[id-photo-be] usedOriginalImageDirectly=None
[id-photo-be] engine=hivision engineVersion=multi-engine-reset-20260613-local model=rmbg-1.4
[id-photo-be] finalImageUrl=/outputs/7f5a9ac3897b42f8900ca2c854b37e57.jpg?v=5cc43fd6cc-1781849038421-4aa71b3eb39d
[id-photo-be] compose success
[id-photo] requestId=5cc43fd6cc total=62ms success=true finalImageUrl=/outputs/7f5a9ac3897b42f8900ca2c854b37e57.jpg?v=5cc43fd6cc-1781849038421-4aa71b3eb39d
INFO:     127.0.0.1:53178 - "POST /api/id-photo/compose HTTP/1.1" 200 OK
INFO:     127.0.0.1:53179 - "GET /outputs/7f5a9ac3897b42f8900ca2c854b37e57.jpg?v=5cc43fd6cc-1781849038421-4aa71b3eb39d HTTP/1.1" 200 OK
[id-photo-be] prepare start requestId=fd4e55e9e5
[id-photo] requestId=fd4e55e9e5 step=load_image cost=0ms
[id-photo] requestId=fd4e55e9e5 step=matting cost=10ms
[id-photo-be] faceDetector=None
[id-photo-be] faceCount=None
[id-photo-be] faceBox=None
[id-photo-be] mattingEngine=None
[id-photo-be] rembgModel=None
[id-photo-be] engine=hivision engineVersion=multi-engine-reset-20260613-local model=rmbg-1.4
[id-photo-be] foregroundPath=None
[id-photo-be] maskPath=None
[id-photo-be] cropParams=None
[id-photo-be] prepare success preparedId=2defa1c6-9cb8-4031-a5ed-0a0f324f261e
[id-photo] requestId=fd4e55e9e5 total=5201ms success=true preparedId=2defa1c6-9cb8-4031-a5ed-0a0f324f261e
INFO:     127.0.0.1:53180 - "POST /api/id-photo/prepare HTTP/1.1" 200 OK
[id-photo-be] compose start preparedId=2defa1c6-9cb8-4031-a5ed-0a0f324f261e requestId=69d86b6270
[id-photo] requestId=69d86b6270 step=save_output cost=67ms
[id-photo-be] bgColor=None
[id-photo-be] outputSize=None
[id-photo-be] backgroundPureColor=None
[id-photo-be] originalBackgroundRemoved=None
[id-photo-be] usedForegroundPng=None
[id-photo-be] usedOriginalImageDirectly=None
[id-photo-be] engine=hivision engineVersion=multi-engine-reset-20260613-local model=rmbg-1.4
[id-photo-be] finalImageUrl=/outputs/e8e4baebef2940709a7557b1aba2c001.jpg?v=69d86b6270-1781849043787-107b99677c01
[id-photo-be] compose success
[id-photo] requestId=69d86b6270 total=71ms success=true finalImageUrl=/outputs/e8e4baebef2940709a7557b1aba2c001.jpg?v=69d86b6270-1781849043787-107b99677c01
INFO:     127.0.0.1:60862 - "POST /api/id-photo/compose HTTP/1.1" 200 OK
INFO:     127.0.0.1:60863 - "GET /outputs/e8e4baebef2940709a7557b1aba2c001.jpg?v=69d86b6270-1781849043787-107b99677c01 HTTP/1.1" 200 OK
[id-photo-be] prepare start requestId=93466657b5
[id-photo] requestId=93466657b5 step=load_image cost=0ms
[id-photo] requestId=93466657b5 step=matting cost=10ms
[id-photo-be] faceDetector=None
[id-photo-be] faceCount=None
[id-photo-be] faceBox=None
[id-photo-be] mattingEngine=None
[id-photo-be] rembgModel=None
[id-photo-be] engine=hivision engineVersion=multi-engine-reset-20260613-local model=rmbg-1.4
[id-photo-be] foregroundPath=None
[id-photo-be] maskPath=None
[id-photo-be] cropParams=None
[id-photo-be] prepare success preparedId=2b418508-bb22-45e4-8f4f-93eb2b09279e
[id-photo] requestId=93466657b5 total=4561ms success=true preparedId=2b418508-bb22-45e4-8f4f-93eb2b09279e
INFO:     127.0.0.1:60864 - "POST /api/id-photo/prepare HTTP/1.1" 200 OK
[id-photo-be] compose start preparedId=2b418508-bb22-45e4-8f4f-93eb2b09279e requestId=49f939bdb5
[id-photo] requestId=49f939bdb5 step=save_output cost=89ms
[id-photo-be] bgColor=None
[id-photo-be] outputSize=None
[id-photo-be] backgroundPureColor=None
[id-photo-be] originalBackgroundRemoved=None
[id-photo-be] usedForegroundPng=None
[id-photo-be] usedOriginalImageDirectly=None
[id-photo-be] engine=hivision engineVersion=multi-engine-reset-20260613-local model=rmbg-1.4
[id-photo-be] finalImageUrl=/outputs/3d2b370126014e3abb00be9a79ed0495.jpg?v=49f939bdb5-1781849048513-9a4bfbbfde83
[id-photo-be] compose success
[id-photo] requestId=49f939bdb5 total=93ms success=true finalImageUrl=/outputs/3d2b370126014e3abb00be9a79ed0495.jpg?v=49f939bdb5-1781849048513-9a4bfbbfde83
INFO:     127.0.0.1:60657 - "POST /api/id-photo/compose HTTP/1.1" 200 OK
INFO:     127.0.0.1:60658 - "GET /outputs/3d2b370126014e3abb00be9a79ed0495.jpg?v=49f939bdb5-1781849048513-9a4bfbbfde83 HTTP/1.1" 200 OK
[id-photo-be] prepare start requestId=47a2a7ee3b
[id-photo] requestId=47a2a7ee3b step=load_image cost=0ms
[id-photo] requestId=47a2a7ee3b step=matting cost=10ms
[id-photo-be] faceDetector=None
[id-photo-be] faceCount=None
[id-photo-be] faceBox=None
[id-photo-be] mattingEngine=None
[id-photo-be] rembgModel=None
[id-photo-be] engine=hivision engineVersion=multi-engine-reset-20260613-local model=rmbg-1.4
[id-photo-be] foregroundPath=None
[id-photo-be] maskPath=None
[id-photo-be] cropParams=None
[id-photo-be] prepare success preparedId=f4e8f780-095f-4c4d-8861-fa9103834a47
[id-photo] requestId=47a2a7ee3b total=4272ms success=true preparedId=f4e8f780-095f-4c4d-8861-fa9103834a47
INFO:     127.0.0.1:60659 - "POST /api/id-photo/prepare HTTP/1.1" 200 OK
[id-photo-be] compose start preparedId=f4e8f780-095f-4c4d-8861-fa9103834a47 requestId=cd5a02d51d
[id-photo] requestId=cd5a02d51d step=save_output cost=75ms
[id-photo-be] bgColor=None
[id-photo-be] outputSize=None
[id-photo-be] backgroundPureColor=None
[id-photo-be] originalBackgroundRemoved=None
[id-photo-be] usedForegroundPng=None
[id-photo-be] usedOriginalImageDirectly=None
[id-photo-be] engine=hivision engineVersion=multi-engine-reset-20260613-local model=rmbg-1.4
[id-photo-be] finalImageUrl=/outputs/8a6e948cfaf84e8cb145155963855874.jpg?v=cd5a02d51d-1781849052985-547bfe403c14
[id-photo-be] compose success
[id-photo] requestId=cd5a02d51d total=79ms success=true finalImageUrl=/outputs/8a6e948cfaf84e8cb145155963855874.jpg?v=cd5a02d51d-1781849052985-547bfe403c14
INFO:     127.0.0.1:60738 - "POST /api/id-photo/compose HTTP/1.1" 200 OK
INFO:     127.0.0.1:60739 - "GET /outputs/8a6e948cfaf84e8cb145155963855874.jpg?v=cd5a02d51d-1781849052985-547bfe403c14 HTTP/1.1" 200 OK
[id-photo-be] prepare start requestId=b1cb982bff
[id-photo] requestId=b1cb982bff step=load_image cost=0ms
[id-photo] requestId=b1cb982bff step=matting cost=10ms
[id-photo-be] faceDetector=None
[id-photo-be] faceCount=None
[id-photo-be] faceBox=None
[id-photo-be] mattingEngine=None
[id-photo-be] rembgModel=None
[id-photo-be] engine=hivision engineVersion=multi-engine-reset-20260613-local model=rmbg-1.4
[id-photo-be] foregroundPath=None
[id-photo-be] maskPath=None
[id-photo-be] cropParams=None
[id-photo-be] prepare success preparedId=30eabc2d-cc52-466c-8074-b73252c34c18
[id-photo] requestId=b1cb982bff total=4556ms success=true preparedId=30eabc2d-cc52-466c-8074-b73252c34c18
INFO:     127.0.0.1:60741 - "POST /api/id-photo/prepare HTTP/1.1" 200 OK
[id-photo-be] compose start preparedId=30eabc2d-cc52-466c-8074-b73252c34c18 requestId=858a34f1e4
[id-photo] requestId=858a34f1e4 step=save_output cost=82ms
[id-photo-be] bgColor=None
[id-photo-be] outputSize=None
[id-photo-be] backgroundPureColor=None
[id-photo-be] originalBackgroundRemoved=None
[id-photo-be] usedForegroundPng=None
[id-photo-be] usedOriginalImageDirectly=None
[id-photo-be] engine=hivision engineVersion=multi-engine-reset-20260613-local model=rmbg-1.4
[id-photo-be] finalImageUrl=/outputs/dcbc8aec4dd443bbb291965f0fb6cb3c.jpg?v=858a34f1e4-1781849057669-e2c9d68b8b86
[id-photo-be] compose success
[id-photo] requestId=858a34f1e4 total=86ms success=true finalImageUrl=/outputs/dcbc8aec4dd443bbb291965f0fb6cb3c.jpg?v=858a34f1e4-1781849057669-e2c9d68b8b86
INFO:     127.0.0.1:54920 - "POST /api/id-photo/compose HTTP/1.1" 200 OK
INFO:     127.0.0.1:54926 - "GET /outputs/dcbc8aec4dd443bbb291965f0fb6cb3c.jpg?v=858a34f1e4-1781849057669-e2c9d68b8b86 HTTP/1.1" 200 OK
[id-photo-be] prepare start requestId=954e45c4a3
[id-photo] requestId=954e45c4a3 step=load_image cost=0ms
[id-photo] requestId=954e45c4a3 step=matting cost=10ms
[id-photo-be] faceDetector=None
[id-photo-be] faceCount=None
[id-photo-be] faceBox=None
[id-photo-be] mattingEngine=None
[id-photo-be] rembgModel=None
[id-photo-be] engine=hivision engineVersion=multi-engine-reset-20260613-local model=rmbg-1.4
[id-photo-be] foregroundPath=None
[id-photo-be] maskPath=None
[id-photo-be] cropParams=None
[id-photo-be] prepare success preparedId=3d7fc61d-9c8c-49d0-bbfe-52f75349762e
[id-photo] requestId=954e45c4a3 total=8244ms success=true preparedId=3d7fc61d-9c8c-49d0-bbfe-52f75349762e
INFO:     127.0.0.1:54927 - "POST /api/id-photo/prepare HTTP/1.1" 200 OK
[id-photo-be] compose start preparedId=3d7fc61d-9c8c-49d0-bbfe-52f75349762e requestId=2a41d11019
[id-photo] requestId=2a41d11019 step=save_output cost=63ms
[id-photo-be] bgColor=None
[id-photo-be] outputSize=None
[id-photo-be] backgroundPureColor=None
[id-photo-be] originalBackgroundRemoved=None
[id-photo-be] usedForegroundPng=None
[id-photo-be] usedOriginalImageDirectly=None
[id-photo-be] engine=hivision engineVersion=multi-engine-reset-20260613-local model=rmbg-1.4
[id-photo-be] finalImageUrl=/outputs/70670fcc23584691abf8254976f346bb.jpg?v=2a41d11019-1781849066061-1e55095f50ee
[id-photo-be] compose success
[id-photo] requestId=2a41d11019 total=66ms success=true finalImageUrl=/outputs/70670fcc23584691abf8254976f346bb.jpg?v=2a41d11019-1781849066061-1e55095f50ee
INFO:     127.0.0.1:51487 - "POST /api/id-photo/compose HTTP/1.1" 200 OK
INFO:     127.0.0.1:51494 - "GET /outputs/70670fcc23584691abf8254976f346bb.jpg?v=2a41d11019-1781849066061-1e55095f50ee HTTP/1.1" 200 OK
[id-photo-be] prepare start requestId=427bbfa17d
[id-photo] requestId=427bbfa17d step=load_image cost=0ms
[id-photo] requestId=427bbfa17d step=matting cost=10ms
[id-photo-be] faceDetector=None
[id-photo-be] faceCount=None
[id-photo-be] faceBox=None
[id-photo-be] mattingEngine=None
[id-photo-be] rembgModel=None
[id-photo-be] engine=hivision engineVersion=multi-engine-reset-20260613-local model=rmbg-1.4
[id-photo-be] foregroundPath=None
[id-photo-be] maskPath=None
[id-photo-be] cropParams=None
[id-photo-be] prepare success preparedId=fd260c63-7e7a-4a54-aefe-ea4a7fced666
[id-photo] requestId=427bbfa17d total=5575ms success=true preparedId=fd260c63-7e7a-4a54-aefe-ea4a7fced666
INFO:     127.0.0.1:51495 - "POST /api/id-photo/prepare HTTP/1.1" 200 OK
[id-photo-be] compose start preparedId=fd260c63-7e7a-4a54-aefe-ea4a7fced666 requestId=e6e5861d51
[id-photo] requestId=e6e5861d51 step=save_output cost=68ms
[id-photo-be] bgColor=None
[id-photo-be] outputSize=None
[id-photo-be] backgroundPureColor=None
[id-photo-be] originalBackgroundRemoved=None
[id-photo-be] usedForegroundPng=None
[id-photo-be] usedOriginalImageDirectly=None
[id-photo-be] engine=hivision engineVersion=multi-engine-reset-20260613-local model=rmbg-1.4
[id-photo-be] finalImageUrl=/outputs/92d4c018eb0d42c4a855be50f1c49c34.jpg?v=e6e5861d51-1781849071775-fbeaf502a344
[id-photo-be] compose success
[id-photo] requestId=e6e5861d51 total=70ms success=true finalImageUrl=/outputs/92d4c018eb0d42c4a855be50f1c49c34.jpg?v=e6e5861d51-1781849071775-fbeaf502a344
INFO:     127.0.0.1:63636 - "POST /api/id-photo/compose HTTP/1.1" 200 OK
INFO:     127.0.0.1:63637 - "GET /outputs/92d4c018eb0d42c4a855be50f1c49c34.jpg?v=e6e5861d51-1781849071775-fbeaf502a344 HTTP/1.1" 200 OK
[id-photo-be] prepare start requestId=7819db6d7a
[id-photo] requestId=7819db6d7a step=load_image cost=0ms
[id-photo] requestId=7819db6d7a step=matting cost=10ms
[id-photo-be] faceDetector=None
[id-photo-be] faceCount=None
[id-photo-be] faceBox=None
[id-photo-be] mattingEngine=None
[id-photo-be] rembgModel=None
[id-photo-be] engine=hivision engineVersion=multi-engine-reset-20260613-local model=rmbg-1.4
[id-photo-be] foregroundPath=None
[id-photo-be] maskPath=None
[id-photo-be] cropParams=None
[id-photo-be] prepare success preparedId=d134d4f4-a14c-4de2-958e-17bdd6c5b458
[id-photo] requestId=7819db6d7a total=5892ms success=true preparedId=d134d4f4-a14c-4de2-958e-17bdd6c5b458
INFO:     127.0.0.1:63638 - "POST /api/id-photo/prepare HTTP/1.1" 200 OK
[id-photo-be] compose start preparedId=d134d4f4-a14c-4de2-958e-17bdd6c5b458 requestId=128d42b6ff
[id-photo] requestId=128d42b6ff step=save_output cost=55ms
[id-photo-be] bgColor=None
[id-photo-be] outputSize=None
[id-photo-be] backgroundPureColor=None
[id-photo-be] originalBackgroundRemoved=None
[id-photo-be] usedForegroundPng=None
[id-photo-be] usedOriginalImageDirectly=None
[id-photo-be] engine=hivision engineVersion=multi-engine-reset-20260613-local model=rmbg-1.4
[id-photo-be] finalImageUrl=/outputs/4c6b5b971b8e4e42868248c5a91fecfb.jpg?v=128d42b6ff-1781849077799-21a0e43d3957
[id-photo-be] compose success
[id-photo] requestId=128d42b6ff total=57ms success=true finalImageUrl=/outputs/4c6b5b971b8e4e42868248c5a91fecfb.jpg?v=128d42b6ff-1781849077799-21a0e43d3957
INFO:     127.0.0.1:58831 - "POST /api/id-photo/compose HTTP/1.1" 200 OK
INFO:     127.0.0.1:58832 - "GET /outputs/4c6b5b971b8e4e42868248c5a91fecfb.jpg?v=128d42b6ff-1781849077799-21a0e43d3957 HTTP/1.1" 200 OK
[id-photo-be] prepare start requestId=9cfce25e41
[id-photo] requestId=9cfce25e41 step=load_image cost=0ms
[id-photo] requestId=9cfce25e41 step=matting cost=10ms
[id-photo-be] faceDetector=None
[id-photo-be] faceCount=None
[id-photo-be] faceBox=None
[id-photo-be] mattingEngine=None
[id-photo-be] rembgModel=None
[id-photo-be] engine=hivision engineVersion=multi-engine-reset-20260613-local model=rmbg-1.4
[id-photo-be] foregroundPath=None
[id-photo-be] maskPath=None
[id-photo-be] cropParams=None
[id-photo-be] prepare success preparedId=df60e77b-337e-406d-9a15-8bd979154d14
[id-photo] requestId=9cfce25e41 total=4392ms success=true preparedId=df60e77b-337e-406d-9a15-8bd979154d14
INFO:     127.0.0.1:58833 - "POST /api/id-photo/prepare HTTP/1.1" 200 OK
[id-photo-be] compose start preparedId=df60e77b-337e-406d-9a15-8bd979154d14 requestId=379354607c
[id-photo] requestId=379354607c step=save_output cost=70ms
[id-photo-be] bgColor=None
[id-photo-be] outputSize=None
[id-photo-be] backgroundPureColor=None
[id-photo-be] originalBackgroundRemoved=None
[id-photo-be] usedForegroundPng=None
[id-photo-be] usedOriginalImageDirectly=None
[id-photo-be] engine=hivision engineVersion=multi-engine-reset-20260613-local model=rmbg-1.4
[id-photo-be] finalImageUrl=/outputs/a19af1cd51564b358ec25a47719c9979.jpg?v=379354607c-1781849082351-c3ae4cfb6b33
[id-photo-be] compose success
[id-photo] requestId=379354607c total=72ms success=true finalImageUrl=/outputs/a19af1cd51564b358ec25a47719c9979.jpg?v=379354607c-1781849082351-c3ae4cfb6b33
INFO:     127.0.0.1:51470 - "POST /api/id-photo/compose HTTP/1.1" 200 OK
INFO:     127.0.0.1:51471 - "GET /outputs/a19af1cd51564b358ec25a47719c9979.jpg?v=379354607c-1781849082351-c3ae4cfb6b33 HTTP/1.1" 200 OK
[id-photo-be] prepare start requestId=c3d9bbf0bb
[id-photo] requestId=c3d9bbf0bb step=load_image cost=0ms
[id-photo] requestId=c3d9bbf0bb step=matting cost=10ms
[id-photo-be] faceDetector=None
[id-photo-be] faceCount=None
[id-photo-be] faceBox=None
[id-photo-be] mattingEngine=None
[id-photo-be] rembgModel=None
[id-photo-be] engine=hivision engineVersion=multi-engine-reset-20260613-local model=rmbg-1.4
[id-photo-be] foregroundPath=None
[id-photo-be] maskPath=None
[id-photo-be] cropParams=None
[id-photo-be] prepare success preparedId=042b2402-a38c-40a3-96a4-e2925974c5f1
[id-photo] requestId=c3d9bbf0bb total=4364ms success=true preparedId=042b2402-a38c-40a3-96a4-e2925974c5f1
INFO:     127.0.0.1:51472 - "POST /api/id-photo/prepare HTTP/1.1" 200 OK
[id-photo-be] compose start preparedId=042b2402-a38c-40a3-96a4-e2925974c5f1 requestId=794d5eef0a
[id-photo] requestId=794d5eef0a step=save_output cost=77ms
[id-photo-be] bgColor=None
[id-photo-be] outputSize=None
[id-photo-be] backgroundPureColor=None
[id-photo-be] originalBackgroundRemoved=None
[id-photo-be] usedForegroundPng=None
[id-photo-be] usedOriginalImageDirectly=None
[id-photo-be] engine=hivision engineVersion=multi-engine-reset-20260613-local model=rmbg-1.4
[id-photo-be] finalImageUrl=/outputs/890134f3b7fe4075b85b9002f9e229a3.jpg?v=794d5eef0a-1781849086868-95c0b97b0a42
[id-photo-be] compose success
[id-photo] requestId=794d5eef0a total=79ms success=true finalImageUrl=/outputs/890134f3b7fe4075b85b9002f9e229a3.jpg?v=794d5eef0a-1781849086868-95c0b97b0a42
INFO:     127.0.0.1:50404 - "POST /api/id-photo/compose HTTP/1.1" 200 OK
INFO:     127.0.0.1:50405 - "GET /outputs/890134f3b7fe4075b85b9002f9e229a3.jpg?v=794d5eef0a-1781849086868-95c0b97b0a42 HTTP/1.1" 200 OK
[id-photo-be] prepare start requestId=71e8e2167c
[id-photo] requestId=71e8e2167c step=load_image cost=0ms
[id-photo] requestId=71e8e2167c step=matting cost=10ms
[id-photo-be] faceDetector=None
[id-photo-be] faceCount=None
[id-photo-be] faceBox=None
[id-photo-be] mattingEngine=None
[id-photo-be] rembgModel=None
[id-photo-be] engine=hivision engineVersion=multi-engine-reset-20260613-local model=rmbg-1.4
[id-photo-be] foregroundPath=None
[id-photo-be] maskPath=None
[id-photo-be] cropParams=None
[id-photo-be] prepare success preparedId=5391b08d-9041-4a56-b51e-6631162a80e5
[id-photo] requestId=71e8e2167c total=5834ms success=true preparedId=5391b08d-9041-4a56-b51e-6631162a80e5
INFO:     127.0.0.1:50406 - "POST /api/id-photo/prepare HTTP/1.1" 200 OK
[id-photo-be] compose start preparedId=5391b08d-9041-4a56-b51e-6631162a80e5 requestId=ff03a70e7e
[id-photo] requestId=ff03a70e7e step=save_output cost=76ms
[id-photo-be] bgColor=None
[id-photo-be] outputSize=None
[id-photo-be] backgroundPureColor=None
[id-photo-be] originalBackgroundRemoved=None
[id-photo-be] usedForegroundPng=None
[id-photo-be] usedOriginalImageDirectly=None
[id-photo-be] engine=hivision engineVersion=multi-engine-reset-20260613-local model=rmbg-1.4
[id-photo-be] finalImageUrl=/outputs/a5472b61a5294e16a7e093e39b5bcd3a.jpg?v=ff03a70e7e-1781849092832-a55e2e146125
[id-photo-be] compose success
[id-photo] requestId=ff03a70e7e total=79ms success=true finalImageUrl=/outputs/a5472b61a5294e16a7e093e39b5bcd3a.jpg?v=ff03a70e7e-1781849092832-a55e2e146125
INFO:     127.0.0.1:51313 - "POST /api/id-photo/compose HTTP/1.1" 200 OK
INFO:     127.0.0.1:51314 - "GET /outputs/a5472b61a5294e16a7e093e39b5bcd3a.jpg?v=ff03a70e7e-1781849092832-a55e2e146125 HTTP/1.1" 200 OK
[id-photo-be] prepare start requestId=5ddfa60c65
[id-photo] requestId=5ddfa60c65 step=load_image cost=0ms
[id-photo] requestId=5ddfa60c65 step=matting cost=10ms
[id-photo-be] faceDetector=None
[id-photo-be] faceCount=None
[id-photo-be] faceBox=None
[id-photo-be] mattingEngine=None
[id-photo-be] rembgModel=None
[id-photo-be] engine=hivision engineVersion=multi-engine-reset-20260613-local model=rmbg-1.4
[id-photo-be] foregroundPath=None
[id-photo-be] maskPath=None
[id-photo-be] cropParams=None
[id-photo-be] prepare success preparedId=60e9db11-f597-43c6-9aa0-f257f79c3cda
[id-photo] requestId=5ddfa60c65 total=24477ms success=true preparedId=60e9db11-f597-43c6-9aa0-f257f79c3cda
INFO:     127.0.0.1:51315 - "POST /api/id-photo/prepare HTTP/1.1" 200 OK
[id-photo-be] compose start preparedId=60e9db11-f597-43c6-9aa0-f257f79c3cda requestId=90000e2acf
[id-photo] requestId=90000e2acf step=save_output cost=59ms
[id-photo-be] bgColor=None
[id-photo-be] outputSize=None
[id-photo-be] backgroundPureColor=None
[id-photo-be] originalBackgroundRemoved=None
[id-photo-be] usedForegroundPng=None
[id-photo-be] usedOriginalImageDirectly=None
[id-photo-be] engine=hivision engineVersion=multi-engine-reset-20260613-local model=rmbg-1.4
[id-photo-be] finalImageUrl=/outputs/2819e7c12f0c4522a68a254b244c2699.jpg?v=90000e2acf-1781849117492-cf4e08bcaa98
[id-photo-be] compose success
[id-photo] requestId=90000e2acf total=63ms success=true finalImageUrl=/outputs/2819e7c12f0c4522a68a254b244c2699.jpg?v=90000e2acf-1781849117492-cf4e08bcaa98
INFO:     127.0.0.1:51211 - "POST /api/id-photo/compose HTTP/1.1" 200 OK
INFO:     127.0.0.1:51212 - "GET /outputs/2819e7c12f0c4522a68a254b244c2699.jpg?v=90000e2acf-1781849117492-cf4e08bcaa98 HTTP/1.1" 200 OK
[id-photo-be] prepare start requestId=2d243fec32
[id-photo] requestId=2d243fec32 step=load_image cost=0ms
[id-photo] requestId=2d243fec32 step=matting cost=10ms
[id-photo-be] faceDetector=None
[id-photo-be] faceCount=None
[id-photo-be] faceBox=None
[id-photo-be] mattingEngine=None
[id-photo-be] rembgModel=None
[id-photo-be] engine=hivision engineVersion=multi-engine-reset-20260613-local model=rmbg-1.4
[id-photo-be] foregroundPath=None
[id-photo-be] maskPath=None
[id-photo-be] cropParams=None
[id-photo-be] prepare success preparedId=242322a1-7ad2-441c-a6c9-d963e461285d
[id-photo] requestId=2d243fec32 total=4984ms success=true preparedId=242322a1-7ad2-441c-a6c9-d963e461285d
INFO:     127.0.0.1:51213 - "POST /api/id-photo/prepare HTTP/1.1" 200 OK
[id-photo-be] compose start preparedId=242322a1-7ad2-441c-a6c9-d963e461285d requestId=68e7b04f39
[id-photo] requestId=68e7b04f39 step=save_output cost=81ms
[id-photo-be] bgColor=None
[id-photo-be] outputSize=None
[id-photo-be] backgroundPureColor=None
[id-photo-be] originalBackgroundRemoved=None
[id-photo-be] usedForegroundPng=None
[id-photo-be] usedOriginalImageDirectly=None
[id-photo-be] engine=hivision engineVersion=multi-engine-reset-20260613-local model=rmbg-1.4
[id-photo-be] finalImageUrl=/outputs/0c5e8156eb8a4f28b2a5d3a9d5646186.jpg?v=68e7b04f39-1781849122620-f629f1e22d01
[id-photo-be] compose success
[id-photo] requestId=68e7b04f39 total=84ms success=true finalImageUrl=/outputs/0c5e8156eb8a4f28b2a5d3a9d5646186.jpg?v=68e7b04f39-1781849122620-f629f1e22d01
INFO:     127.0.0.1:63096 - "POST /api/id-photo/compose HTTP/1.1" 200 OK
INFO:     127.0.0.1:63099 - "GET /outputs/0c5e8156eb8a4f28b2a5d3a9d5646186.jpg?v=68e7b04f39-1781849122620-f629f1e22d01 HTTP/1.1" 200 OK
[id-photo-be] prepare start requestId=df0189df87
[id-photo] requestId=df0189df87 step=load_image cost=0ms
INFO:     127.0.0.1:63100 - "POST /api/id-photo/prepare HTTP/1.1" 400 Bad Request
[id-photo-be] prepare start requestId=2e7473c7ed
[id-photo] requestId=2e7473c7ed step=load_image cost=0ms
INFO:     127.0.0.1:61983 - "POST /api/id-photo/prepare HTTP/1.1" 400 Bad Request
[id-photo-be] prepare start requestId=db08dac358
[id-photo] requestId=db08dac358 step=load_image cost=0ms
[id-photo] requestId=db08dac358 step=matting cost=10ms
[id-photo-be] faceDetector=None
[id-photo-be] faceCount=None
[id-photo-be] faceBox=None
[id-photo-be] mattingEngine=None
[id-photo-be] rembgModel=None
[id-photo-be] engine=hivision engineVersion=multi-engine-reset-20260613-local model=rmbg-1.4
[id-photo-be] foregroundPath=None
[id-photo-be] maskPath=None
[id-photo-be] cropParams=None
[id-photo-be] prepare success preparedId=c54b6707-fdf7-44f3-8e66-567a1de576e2
[id-photo] requestId=db08dac358 total=5965ms success=true preparedId=c54b6707-fdf7-44f3-8e66-567a1de576e2
INFO:     127.0.0.1:53390 - "POST /api/id-photo/prepare HTTP/1.1" 200 OK
[id-photo-be] compose start preparedId=c54b6707-fdf7-44f3-8e66-567a1de576e2 requestId=17059ec03d
[id-photo] requestId=17059ec03d step=save_output cost=87ms
[id-photo-be] bgColor=None
[id-photo-be] outputSize=None
[id-photo-be] backgroundPureColor=None
[id-photo-be] originalBackgroundRemoved=None
[id-photo-be] usedForegroundPng=None
[id-photo-be] usedOriginalImageDirectly=None
[id-photo-be] engine=hivision engineVersion=multi-engine-reset-20260613-local model=rmbg-1.4
[id-photo-be] finalImageUrl=/outputs/fdc53f8b2a6d45f49009697a09694c5e.jpg?v=17059ec03d-1781850133766-73944f7a14f5
[id-photo-be] compose success
[id-photo] requestId=17059ec03d total=90ms success=true finalImageUrl=/outputs/fdc53f8b2a6d45f49009697a09694c5e.jpg?v=17059ec03d-1781850133766-73944f7a14f5
INFO:     127.0.0.1:64355 - "POST /api/id-photo/compose HTTP/1.1" 200 OK
INFO:     127.0.0.1:53390 - "GET /outputs/fdc53f8b2a6d45f49009697a09694c5e.jpg?v=17059ec03d-1781850133766-73944f7a14f5 HTTP/1.1" 200 OK
INFO:     127.0.0.1:63033 - "GET /outputs/fdc53f8b2a6d45f49009697a09694c5e.jpg?v=17059ec03d-1781850133766-73944f7a14f5 HTTP/1.1" 200 OK
[id-photo-be] prepare start requestId=a470f7b18c
[id-photo] requestId=a470f7b18c step=load_image cost=0ms
[id-photo] requestId=a470f7b18c step=matting cost=10ms
[id-photo-be] faceDetector=None
[id-photo-be] faceCount=None
[id-photo-be] faceBox=None
[id-photo-be] mattingEngine=None
[id-photo-be] rembgModel=None
[id-photo-be] engine=hivision engineVersion=multi-engine-reset-20260613-local model=rmbg-1.4
[id-photo-be] foregroundPath=None
[id-photo-be] maskPath=None
[id-photo-be] cropParams=None
[id-photo-be] prepare success preparedId=f6fb477d-bf86-4b12-84e7-1d0d2de62359
[id-photo] requestId=a470f7b18c total=5820ms success=true preparedId=f6fb477d-bf86-4b12-84e7-1d0d2de62359
INFO:     127.0.0.1:55160 - "POST /api/id-photo/prepare HTTP/1.1" 200 OK
[id-photo-be] compose start preparedId=f6fb477d-bf86-4b12-84e7-1d0d2de62359 requestId=440de93f14
[id-photo] requestId=440de93f14 step=save_output cost=82ms
[id-photo-be] bgColor=None
[id-photo-be] outputSize=None
[id-photo-be] backgroundPureColor=None
[id-photo-be] originalBackgroundRemoved=None
[id-photo-be] usedForegroundPng=None
[id-photo-be] usedOriginalImageDirectly=None
[id-photo-be] engine=hivision engineVersion=multi-engine-reset-20260613-local model=rmbg-1.4
[id-photo-be] finalImageUrl=/outputs/2c676e5e8a304d2189817d0251733c45.jpg?v=440de93f14-1781850178398-c003e2d002e4
[id-photo-be] compose success
[id-photo] requestId=440de93f14 total=86ms success=true finalImageUrl=/outputs/2c676e5e8a304d2189817d0251733c45.jpg?v=440de93f14-1781850178398-c003e2d002e4
INFO:     127.0.0.1:55774 - "POST /api/id-photo/compose HTTP/1.1" 200 OK
INFO:     127.0.0.1:55160 - "GET /outputs/2c676e5e8a304d2189817d0251733c45.jpg?v=440de93f14-1781850178398-c003e2d002e4 HTTP/1.1" 200 OK
INFO:     127.0.0.1:49670 - "GET /outputs/2c676e5e8a304d2189817d0251733c45.jpg?v=440de93f14-1781850178398-c003e2d002e4 HTTP/1.1" 200 OK
[id-photo-be] prepare start requestId=266c8f0a69
[id-photo] requestId=266c8f0a69 step=load_image cost=0ms
[id-photo] requestId=266c8f0a69 step=matting cost=10ms
[id-photo-be] faceDetector=None
[id-photo-be] faceCount=None
[id-photo-be] faceBox=None
[id-photo-be] mattingEngine=None
[id-photo-be] rembgModel=None
[id-photo-be] engine=hivision engineVersion=multi-engine-reset-20260613-local model=rmbg-1.4
[id-photo-be] foregroundPath=None
[id-photo-be] maskPath=None
[id-photo-be] cropParams=None
[id-photo-be] prepare success preparedId=d7592c11-7b07-4909-b571-948b17eef12e
[id-photo] requestId=266c8f0a69 total=4924ms success=true preparedId=d7592c11-7b07-4909-b571-948b17eef12e
INFO:     127.0.0.1:65209 - "POST /api/id-photo/prepare HTTP/1.1" 200 OK
[id-photo-be] compose start preparedId=d7592c11-7b07-4909-b571-948b17eef12e requestId=2c6fc0224a
[id-photo] requestId=2c6fc0224a step=save_output cost=97ms
[id-photo-be] bgColor=None
[id-photo-be] outputSize=None
[id-photo-be] backgroundPureColor=None
[id-photo-be] originalBackgroundRemoved=None
[id-photo-be] usedForegroundPng=None
[id-photo-be] usedOriginalImageDirectly=None
[id-photo-be] engine=hivision engineVersion=multi-engine-reset-20260613-local model=rmbg-1.4
[id-photo-be] finalImageUrl=/outputs/32bfdd75fc10495db6c014680eb3e480.jpg?v=2c6fc0224a-1781850196695-90dacfd8396b
[id-photo-be] compose success
[id-photo] requestId=2c6fc0224a total=102ms success=true finalImageUrl=/outputs/32bfdd75fc10495db6c014680eb3e480.jpg?v=2c6fc0224a-1781850196695-90dacfd8396b
INFO:     127.0.0.1:64457 - "POST /api/id-photo/compose HTTP/1.1" 200 OK
INFO:     127.0.0.1:65209 - "GET /outputs/32bfdd75fc10495db6c014680eb3e480.jpg?v=2c6fc0224a-1781850196695-90dacfd8396b HTTP/1.1" 200 OK
INFO:     127.0.0.1:50244 - "GET /outputs/32bfdd75fc10495db6c014680eb3e480.jpg?v=2c6fc0224a-1781850196695-90dacfd8396b HTTP/1.1" 200 OK
[id-photo-be] prepare start requestId=63cf00d825
[id-photo] requestId=63cf00d825 step=load_image cost=0ms
[id-photo] requestId=63cf00d825 step=matting cost=10ms
[id-photo-be] faceDetector=None
[id-photo-be] faceCount=None
[id-photo-be] faceBox=None
[id-photo-be] mattingEngine=None
[id-photo-be] rembgModel=None
[id-photo-be] engine=hivision engineVersion=multi-engine-reset-20260613-local model=rmbg-1.4
[id-photo-be] foregroundPath=None
[id-photo-be] maskPath=None
[id-photo-be] cropParams=None
[id-photo-be] prepare success preparedId=bfb38b86-9466-4ec5-9ac3-7f3b1dfcfbd3
[id-photo] requestId=63cf00d825 total=7538ms success=true preparedId=bfb38b86-9466-4ec5-9ac3-7f3b1dfcfbd3
INFO:     127.0.0.1:61809 - "POST /api/id-photo/prepare HTTP/1.1" 200 OK
[id-photo-be] compose start preparedId=bfb38b86-9466-4ec5-9ac3-7f3b1dfcfbd3 requestId=c01c82ccaf
[id-photo] requestId=c01c82ccaf step=save_output cost=113ms
[id-photo-be] bgColor=None
[id-photo-be] outputSize=None
[id-photo-be] backgroundPureColor=None
[id-photo-be] originalBackgroundRemoved=None
[id-photo-be] usedForegroundPng=None
[id-photo-be] usedOriginalImageDirectly=None
[id-photo-be] engine=hivision engineVersion=multi-engine-reset-20260613-local model=rmbg-1.4
[id-photo-be] finalImageUrl=/outputs/2485d717932a465984939f42595c1906.jpg?v=c01c82ccaf-1781851038883-825d5375e940
[id-photo-be] compose success
[id-photo] requestId=c01c82ccaf total=122ms success=true finalImageUrl=/outputs/2485d717932a465984939f42595c1906.jpg?v=c01c82ccaf-1781851038883-825d5375e940
INFO:     127.0.0.1:62361 - "POST /api/id-photo/compose HTTP/1.1" 200 OK
INFO:     127.0.0.1:61809 - "GET /outputs/2485d717932a465984939f42595c1906.jpg?v=c01c82ccaf-1781851038883-825d5375e940 HTTP/1.1" 200 OK
INFO:     127.0.0.1:55153 - "GET /outputs/2485d717932a465984939f42595c1906.jpg?v=c01c82ccaf-1781851038883-825d5375e940 HTTP/1.1" 200 OK
[id-photo-be] prepare start requestId=eb0763dfef
[id-photo] requestId=eb0763dfef step=load_image cost=0ms
[id-photo] requestId=eb0763dfef step=matting cost=10ms
[id-photo-be] faceDetector=None
[id-photo-be] faceCount=None
[id-photo-be] faceBox=None
[id-photo-be] mattingEngine=None
[id-photo-be] rembgModel=None
[id-photo-be] engine=hivision engineVersion=multi-engine-reset-20260613-local model=rmbg-1.4
[id-photo-be] foregroundPath=None
[id-photo-be] maskPath=None
[id-photo-be] cropParams=None
[id-photo-be] prepare success preparedId=63417e0b-178d-4212-815f-a6c9c8ee1045
[id-photo] requestId=eb0763dfef total=7907ms success=true preparedId=63417e0b-178d-4212-815f-a6c9c8ee1045
INFO:     127.0.0.1:53508 - "POST /api/id-photo/prepare HTTP/1.1" 200 OK
[id-photo-be] compose start preparedId=63417e0b-178d-4212-815f-a6c9c8ee1045 requestId=f33d9a0e5d
[id-photo] requestId=f33d9a0e5d step=save_output cost=109ms
[id-photo-be] bgColor=None
[id-photo-be] outputSize=None
[id-photo-be] backgroundPureColor=None
[id-photo-be] originalBackgroundRemoved=None
[id-photo-be] usedForegroundPng=None
[id-photo-be] usedOriginalImageDirectly=None
[id-photo-be] engine=hivision engineVersion=multi-engine-reset-20260613-local model=rmbg-1.4
[id-photo-be] finalImageUrl=/outputs/a3ed5c769bed41688d5ff883ebc456e8.jpg?v=f33d9a0e5d-1781851597832-825d5375e940
[id-photo-be] compose success
[id-photo] requestId=f33d9a0e5d total=116ms success=true finalImageUrl=/outputs/a3ed5c769bed41688d5ff883ebc456e8.jpg?v=f33d9a0e5d-1781851597832-825d5375e940
INFO:     127.0.0.1:51857 - "POST /api/id-photo/compose HTTP/1.1" 200 OK
INFO:     127.0.0.1:53508 - "GET /outputs/a3ed5c769bed41688d5ff883ebc456e8.jpg?v=f33d9a0e5d-1781851597832-825d5375e940 HTTP/1.1" 200 OK
INFO:     127.0.0.1:58377 - "GET /outputs/a3ed5c769bed41688d5ff883ebc456e8.jpg?v=f33d9a0e5d-1781851597832-825d5375e940 HTTP/1.1" 200 OK
[id-photo-be] prepare start requestId=54978cb1d4
[id-photo] requestId=54978cb1d4 step=load_image cost=0ms
[id-photo] requestId=54978cb1d4 step=matting cost=10ms
[id-photo-be] faceDetector=None
[id-photo-be] faceCount=None
[id-photo-be] faceBox=None
[id-photo-be] mattingEngine=None
[id-photo-be] rembgModel=None
[id-photo-be] engine=hivision engineVersion=multi-engine-reset-20260613-local model=rmbg-1.4
[id-photo-be] foregroundPath=None
[id-photo-be] maskPath=None
[id-photo-be] cropParams=None
[id-photo-be] prepare success preparedId=7e8d4195-f529-4855-8544-f2cc0f3da18a
[id-photo] requestId=54978cb1d4 total=5736ms success=true preparedId=7e8d4195-f529-4855-8544-f2cc0f3da18a
INFO:     127.0.0.1:63204 - "POST /api/id-photo/prepare HTTP/1.1" 200 OK
[id-photo-be] compose start preparedId=7e8d4195-f529-4855-8544-f2cc0f3da18a requestId=781871d85c
[id-photo] requestId=781871d85c step=save_output cost=104ms
[id-photo-be] bgColor=None
[id-photo-be] outputSize=None
[id-photo-be] backgroundPureColor=None
[id-photo-be] originalBackgroundRemoved=None
[id-photo-be] usedForegroundPng=None
[id-photo-be] usedOriginalImageDirectly=None
[id-photo-be] engine=hivision engineVersion=multi-engine-reset-20260613-local model=rmbg-1.4
[id-photo-be] finalImageUrl=/outputs/8b636f32668049d5b91359b9dbd8706b.jpg?v=781871d85c-1781851655302-825d5375e940
[id-photo-be] compose success
[id-photo] requestId=781871d85c total=109ms success=true finalImageUrl=/outputs/8b636f32668049d5b91359b9dbd8706b.jpg?v=781871d85c-1781851655302-825d5375e940
INFO:     127.0.0.1:63189 - "POST /api/id-photo/compose HTTP/1.1" 200 OK
INFO:     127.0.0.1:63204 - "GET /outputs/8b636f32668049d5b91359b9dbd8706b.jpg?v=781871d85c-1781851655302-825d5375e940 HTTP/1.1" 200 OK
INFO:     127.0.0.1:49766 - "GET /outputs/8b636f32668049d5b91359b9dbd8706b.jpg?v=781871d85c-1781851655302-825d5375e940 HTTP/1.1" 200 OK
INFO:     127.0.0.1:64979 - "GET /api/health HTTP/1.1" 200 OK
INFO:     127.0.0.1:64980 - "GET /api/watermark/health HTTP/1.1" 200 OK
INFO:     127.0.0.1:54891 - "GET /api/watermark/health HTTP/1.1" 200 OK
INFO:     127.0.0.1:54897 - "GET /api/watermark/health HTTP/1.1" 200 OK
INFO:     127.0.0.1:54900 - "GET /api/watermark/health HTTP/1.1" 200 OK
INFO:     127.0.0.1:54902 - "GET /api/health HTTP/1.1" 200 OK
INFO:     127.0.0.1:54903 - "GET /api/watermark/health HTTP/1.1" 200 OK
[watermark] imageSize: 480x640
[watermark] maskSize: 480x640
[watermark] maskNonZeroPixels: 16532
[watermark] maskRatio: 0.053815
[watermark] dilationIterations: 1
[watermark] inpaintRadius: 3
[watermark] diffMean: 44.537503
[watermark] diffMax: 222
INFO:     127.0.0.1:54905 - "POST /api/watermark/manual-remove HTTP/1.1" 200 OK
INFO:     127.0.0.1:62181 - "GET /uploads/watermark/manual/result_1781851715853_17c08825c2a6.jpg HTTP/1.1" 200 OK
INFO:     127.0.0.1:62182 - "POST /api/watermark/quick-remove HTTP/1.1" 200 OK
INFO:     127.0.0.1:53138 - "GET /uploads/watermark/quick/result_1781851715996_759677b1305c.jpg HTTP/1.1" 200 OK
INFO:     127.0.0.1:53139 - "POST /api/watermark/hd-remove HTTP/1.1" 200 OK
INFO:     127.0.0.1:49392 - "GET /uploads/watermark/hd/result_1781851722862_057cce864e0e.jpg HTTP/1.1" 200 OK
[watermark] imageSize: 640x480
[watermark] maskSize: 640x480
[watermark] maskNonZeroPixels: 47291
[watermark] maskRatio: 0.153942
[watermark] dilationIterations: 1
[watermark] inpaintRadius: 3
[watermark] diffMean: 36.799483
[watermark] diffMax: 137
INFO:     127.0.0.1:49393 - "POST /api/watermark/manual-remove HTTP/1.1" 200 OK
INFO:     127.0.0.1:49394 - "GET /uploads/watermark/manual/result_1781851723070_3c42f3310205.jpg HTTP/1.1" 200 OK
INFO:     127.0.0.1:49395 - "POST /api/watermark/quick-remove HTTP/1.1" 200 OK
INFO:     127.0.0.1:49400 - "GET /uploads/watermark/quick/result_1781851723218_7d5c70af971e.jpg HTTP/1.1" 200 OK
INFO:     127.0.0.1:49401 - "POST /api/watermark/hd-remove HTTP/1.1" 200 OK
INFO:     127.0.0.1:51121 - "GET /uploads/watermark/hd/result_1781851725979_55e5411e21ca.jpg HTTP/1.1" 200 OK
[watermark] imageSize: 560x560
[watermark] maskSize: 560x560
[watermark] maskNonZeroPixels: 16910
[watermark] maskRatio: 0.053922
[watermark] dilationIterations: 1
[watermark] inpaintRadius: 3
[watermark] diffMean: 14.623714
[watermark] diffMax: 65
INFO:     127.0.0.1:51122 - "POST /api/watermark/manual-remove HTTP/1.1" 200 OK
INFO:     127.0.0.1:51123 - "GET /uploads/watermark/manual/result_1781851726165_447a16df6cc1.jpg HTTP/1.1" 200 OK
INFO:     127.0.0.1:51124 - "POST /api/watermark/quick-remove HTTP/1.1" 200 OK
INFO:     127.0.0.1:51129 - "GET /uploads/watermark/quick/result_1781851726386_b9ecd6f8a61e.jpg HTTP/1.1" 200 OK
INFO:     127.0.0.1:51130 - "POST /api/watermark/hd-remove HTTP/1.1" 200 OK
INFO:     127.0.0.1:60013 - "GET /uploads/watermark/hd/result_1781851729091_43b5b2193736.jpg HTTP/1.1" 200 OK
[watermark] imageSize: 640x480
[watermark] maskSize: 640x480
[watermark] maskNonZeroPixels: 19565
[watermark] maskRatio: 0.063688
[watermark] dilationIterations: 1
[watermark] inpaintRadius: 3
[watermark] diffMean: 63.068081
[watermark] diffMax: 233
INFO:     127.0.0.1:60014 - "POST /api/watermark/manual-remove HTTP/1.1" 200 OK
INFO:     127.0.0.1:60015 - "GET /uploads/watermark/manual/result_1781851729271_b35784b6689e.jpg HTTP/1.1" 200 OK
INFO:     127.0.0.1:60016 - "POST /api/watermark/quick-remove HTTP/1.1" 200 OK
INFO:     127.0.0.1:60017 - "GET /uploads/watermark/quick/result_1781851729417_a670696b1097.jpg HTTP/1.1" 200 OK
INFO:     127.0.0.1:60018 - "POST /api/watermark/hd-remove HTTP/1.1" 200 OK
INFO:     127.0.0.1:55481 - "GET /uploads/watermark/hd/result_1781851732155_d392d41fd46d.jpg HTTP/1.1" 200 OK
[watermark] imageSize: 520x640
[watermark] maskSize: 520x640
[watermark] maskNonZeroPixels: 17876
[watermark] maskRatio: 0.053714
[watermark] dilationIterations: 1
[watermark] inpaintRadius: 3
[watermark] diffMean: 5.458175
[watermark] diffMax: 138
INFO:     127.0.0.1:55482 - "POST /api/watermark/manual-remove HTTP/1.1" 200 OK
INFO:     127.0.0.1:55483 - "GET /uploads/watermark/manual/result_1781851732317_9c089c99fa22.jpg HTTP/1.1" 200 OK
INFO:     127.0.0.1:55484 - "POST /api/watermark/quick-remove HTTP/1.1" 200 OK
INFO:     127.0.0.1:55485 - "GET /uploads/watermark/quick/result_1781851732460_64eebf78f602.jpg HTTP/1.1" 200 OK
INFO:     127.0.0.1:55486 - "POST /api/watermark/hd-remove HTTP/1.1" 200 OK
INFO:     127.0.0.1:50073 - "GET /uploads/watermark/hd/result_1781851735456_3026dc9c4c45.jpg HTTP/1.1" 200 OK
[watermark] imageSize: 560x420
[watermark] maskSize: 560x420
[watermark] maskNonZeroPixels: 17424
[watermark] maskRatio: 0.074082
[watermark] dilationIterations: 1
[watermark] inpaintRadius: 3
[watermark] diffMean: 13.487412
[watermark] diffMax: 78
INFO:     127.0.0.1:50074 - "POST /api/watermark/manual-remove HTTP/1.1" 200 OK
INFO:     127.0.0.1:50077 - "GET /uploads/watermark/manual/result_1781851735667_bd5176a689e6.jpg HTTP/1.1" 200 OK
INFO:     127.0.0.1:50078 - "POST /api/watermark/quick-remove HTTP/1.1" 200 OK
INFO:     127.0.0.1:50079 - "GET /uploads/watermark/quick/result_1781851735824_ef1514b542d3.jpg HTTP/1.1" 200 OK
INFO:     127.0.0.1:50080 - "POST /api/watermark/hd-remove HTTP/1.1" 200 OK
INFO:     127.0.0.1:60433 - "GET /uploads/watermark/hd/result_1781851742483_591ad527ce2d.jpg HTTP/1.1" 200 OK
[watermark] imageSize: 700x420
[watermark] maskSize: 700x420
[watermark] maskNonZeroPixels: 38650
[watermark] maskRatio: 0.131463
[watermark] dilationIterations: 1
[watermark] inpaintRadius: 3
[watermark] diffMean: 18.84583
[watermark] diffMax: 116
INFO:     127.0.0.1:60435 - "POST /api/watermark/manual-remove HTTP/1.1" 200 OK
INFO:     127.0.0.1:60437 - "GET /uploads/watermark/manual/result_1781851742675_6141a0feb988.jpg HTTP/1.1" 200 OK
INFO:     127.0.0.1:60439 - "POST /api/watermark/quick-remove HTTP/1.1" 200 OK
INFO:     127.0.0.1:52601 - "GET /uploads/watermark/quick/result_1781851742841_2fb7977b7f8e.jpg HTTP/1.1" 200 OK
INFO:     127.0.0.1:52602 - "POST /api/watermark/hd-remove HTTP/1.1" 200 OK
INFO:     127.0.0.1:64168 - "GET /uploads/watermark/hd/result_1781851745564_40a3cd7ea9dc.jpg HTTP/1.1" 200 OK
[watermark] imageSize: 600x520
[watermark] maskSize: 600x520
[watermark] maskNonZeroPixels: 20984
[watermark] maskRatio: 0.067256
[watermark] dilationIterations: 1
[watermark] inpaintRadius: 3
[watermark] diffMean: 19.911234
[watermark] diffMax: 93
INFO:     127.0.0.1:64173 - "POST /api/watermark/manual-remove HTTP/1.1" 200 OK
INFO:     127.0.0.1:64174 - "GET /uploads/watermark/manual/result_1781851745773_441b14216f16.jpg HTTP/1.1" 200 OK
INFO:     127.0.0.1:64175 - "POST /api/watermark/quick-remove HTTP/1.1" 200 OK
INFO:     127.0.0.1:64176 - "GET /uploads/watermark/quick/result_1781851745914_a628e91bcef8.jpg HTTP/1.1" 200 OK
INFO:     127.0.0.1:64177 - "POST /api/watermark/hd-remove HTTP/1.1" 200 OK
INFO:     127.0.0.1:55530 - "GET /uploads/watermark/hd/result_1781851753869_494d1fe32930.jpg HTTP/1.1" 200 OK
[watermark] imageSize: 760x430
[watermark] maskSize: 760x430
[watermark] maskNonZeroPixels: 81381
[watermark] maskRatio: 0.249024
[watermark] dilationIterations: 1
[watermark] inpaintRadius: 3
[watermark] diffMean: 18.187321
[watermark] diffMax: 208
INFO:     127.0.0.1:55531 - "POST /api/watermark/manual-remove HTTP/1.1" 200 OK
INFO:     127.0.0.1:55532 - "GET /uploads/watermark/manual/result_1781851754133_87376936da32.jpg HTTP/1.1" 200 OK
INFO:     127.0.0.1:55533 - "POST /api/watermark/quick-remove HTTP/1.1" 200 OK
INFO:     127.0.0.1:55538 - "GET /uploads/watermark/quick/result_1781851754323_7dc2fbb7340a.jpg HTTP/1.1" 200 OK
INFO:     127.0.0.1:55539 - "POST /api/watermark/hd-remove HTTP/1.1" 200 OK
INFO:     127.0.0.1:59942 - "GET /uploads/watermark/hd/result_1781851757428_2dc0bc634af4.jpg HTTP/1.1" 200 OK
INFO:     127.0.0.1:57305 - "GET /api/watermark/health HTTP/1.1" 200 OK
[watermark] imageSize: 668x1002
[watermark] maskSize: 668x1002
[watermark] maskNonZeroPixels: 262861
[watermark] maskRatio: 0.392719
[watermark] dilationIterations: 1
[watermark] inpaintRadius: 3
[watermark] diffMean: 14.975234
[watermark] diffMax: 194
INFO:     127.0.0.1:56654 - "POST /api/watermark/manual-remove HTTP/1.1" 200 OK
INFO:     127.0.0.1:65448 - "GET /uploads/watermark/manual/result_1781851758769_a422db78ff41.jpg HTTP/1.1" 200 OK
INFO:     127.0.0.1:65449 - "POST /api/watermark/quick-remove HTTP/1.1" 200 OK
INFO:     127.0.0.1:65452 - "GET /uploads/watermark/quick/result_1781851759108_7324964be317.jpg HTTP/1.1" 200 OK
INFO:     127.0.0.1:65453 - "POST /api/watermark/hd-remove HTTP/1.1" 200 OK
INFO:     127.0.0.1:61675 - "GET /uploads/watermark/hd/result_1781851765964_edec9f0346c1.jpg HTTP/1.1" 200 OK
INFO:     127.0.0.1:61677 - "GET /api/watermark/health HTTP/1.1" 200 OK
INFO:     127.0.0.1:56760 - "POST /api/watermark/scan-template HTTP/1.1" 200 OK
INFO:     127.0.0.1:56761 - "GET /outputs/9de9127b289d40a7a020e4a970c28631.png HTTP/1.1" 200 OK
INFO:     127.0.0.1:56762 - "POST /api/watermark/quick-remove HTTP/1.1" 200 OK
INFO:     127.0.0.1:58378 - "GET /uploads/watermark/quick/result_1781851767000_9b1047becd13.jpg HTTP/1.1" 200 OK
INFO:     127.0.0.1:58379 - "POST /api/watermark/hd-remove HTTP/1.1" 200 OK
INFO:     127.0.0.1:56283 - "GET /uploads/watermark/hd/result_1781851773293_7304c9cd0ead.jpg HTTP/1.1" 200 OK
INFO:     127.0.0.1:63969 - "GET /api/health HTTP/1.1" 200 OK
[id-photo-be] prepare start requestId=d85bb385c4
[id-photo] requestId=d85bb385c4 step=load_image cost=0ms
INFO:     127.0.0.1:63971 - "POST /api/id-photo/prepare HTTP/1.1" 400 Bad Request
[id-photo-be] prepare start requestId=bda5bef44d
[id-photo] requestId=bda5bef44d step=load_image cost=0ms
INFO:     127.0.0.1:63972 - "POST /api/id-photo/prepare HTTP/1.1" 400 Bad Request
[id-photo-be] prepare start requestId=135f9cba29
[id-photo] requestId=135f9cba29 step=load_image cost=0ms
INFO:     127.0.0.1:63495 - "POST /api/id-photo/prepare HTTP/1.1" 400 Bad Request
[id-photo-be] prepare start requestId=276f77a897
[id-photo] requestId=276f77a897 step=load_image cost=0ms
INFO:     127.0.0.1:63496 - "POST /api/id-photo/prepare HTTP/1.1" 400 Bad Request
[id-photo-be] prepare start requestId=df1fae7863
[id-photo] requestId=df1fae7863 step=load_image cost=0ms
INFO:     127.0.0.1:54521 - "POST /api/id-photo/prepare HTTP/1.1" 400 Bad Request
[id-photo-be] prepare start requestId=43e1820fbf
[id-photo] requestId=43e1820fbf step=load_image cost=0ms
INFO:     127.0.0.1:54522 - "POST /api/id-photo/prepare HTTP/1.1" 400 Bad Request
[id-photo-be] prepare start requestId=e64512f0aa
[id-photo] requestId=e64512f0aa step=load_image cost=0ms
[id-photo] requestId=e64512f0aa step=matting cost=10ms
[id-photo-be] faceDetector=None
[id-photo-be] faceCount=None
[id-photo-be] faceBox=None
[id-photo-be] mattingEngine=None
[id-photo-be] rembgModel=None
[id-photo-be] engine=hivision engineVersion=multi-engine-reset-20260613-local model=rmbg-1.4
[id-photo-be] foregroundPath=None
[id-photo-be] maskPath=None
[id-photo-be] cropParams=None
[id-photo-be] prepare success preparedId=82593c62-87cb-47cb-a9e9-e2f8858fdfac
[id-photo] requestId=e64512f0aa total=7922ms success=true preparedId=82593c62-87cb-47cb-a9e9-e2f8858fdfac
INFO:     127.0.0.1:54529 - "POST /api/id-photo/prepare HTTP/1.1" 200 OK
[id-photo-be] prepare start requestId=da0fd34802
[id-photo] requestId=da0fd34802 step=load_image cost=0ms
INFO:     127.0.0.1:49679 - "POST /api/id-photo/prepare HTTP/1.1" 400 Bad Request
[id-photo-be] prepare start requestId=7cdb09dbfb
[id-photo] requestId=7cdb09dbfb step=load_image cost=0ms
INFO:     127.0.0.1:49680 - "POST /api/id-photo/prepare HTTP/1.1" 400 Bad Request
[id-photo-be] prepare start requestId=e6e6587462
[id-photo] requestId=e6e6587462 step=load_image cost=0ms
INFO:     127.0.0.1:49681 - "POST /api/id-photo/prepare HTTP/1.1" 400 Bad Request
[id-photo-be] prepare start requestId=f4baee6a89
[id-photo] requestId=f4baee6a89 step=load_image cost=0ms
INFO:     127.0.0.1:49682 - "POST /api/id-photo/prepare HTTP/1.1" 400 Bad Request
[id-photo-be] prepare start requestId=3e1e57ce25
[id-photo] requestId=3e1e57ce25 step=load_image cost=0ms
INFO:     127.0.0.1:49683 - "POST /api/id-photo/prepare HTTP/1.1" 400 Bad Request
[id-photo-be] prepare start requestId=4c27f17c61
[id-photo] requestId=4c27f17c61 step=load_image cost=0ms
[id-photo] requestId=4c27f17c61 step=matting cost=10ms
[id-photo-be] faceDetector=None
[id-photo-be] faceCount=None
[id-photo-be] faceBox=None
[id-photo-be] mattingEngine=None
[id-photo-be] rembgModel=None
[id-photo-be] engine=hivision engineVersion=multi-engine-reset-20260613-local model=rmbg-1.4
[id-photo-be] foregroundPath=None
[id-photo-be] maskPath=None
[id-photo-be] cropParams=None
[id-photo-be] prepare success preparedId=f11e9d57-ae52-44eb-b731-da1a10d9d724
[id-photo] requestId=4c27f17c61 total=6325ms success=true preparedId=f11e9d57-ae52-44eb-b731-da1a10d9d724
INFO:     127.0.0.1:49684 - "POST /api/id-photo/prepare HTTP/1.1" 200 OK
[id-photo-be] prepare start requestId=db77d91eea
[id-photo] requestId=db77d91eea step=load_image cost=0ms
[id-photo] requestId=db77d91eea step=matting cost=10ms
[id-photo-be] faceDetector=None
[id-photo-be] faceCount=None
[id-photo-be] faceBox=None
[id-photo-be] mattingEngine=None
[id-photo-be] rembgModel=None
[id-photo-be] engine=hivision engineVersion=multi-engine-reset-20260613-local model=rmbg-1.4
[id-photo-be] foregroundPath=None
[id-photo-be] maskPath=None
[id-photo-be] cropParams=None
[id-photo-be] prepare success preparedId=2a23f962-345e-4cd3-8870-d2ecb035bfbb
[id-photo] requestId=db77d91eea total=6510ms success=true preparedId=2a23f962-345e-4cd3-8870-d2ecb035bfbb
INFO:     127.0.0.1:64659 - "POST /api/id-photo/prepare HTTP/1.1" 200 OK
[id-photo-be] prepare start requestId=9d21ba6d7e
[id-photo] requestId=9d21ba6d7e step=load_image cost=0ms
[id-photo] requestId=9d21ba6d7e step=matting cost=10ms
[id-photo-be] faceDetector=None
[id-photo-be] faceCount=None
[id-photo-be] faceBox=None
[id-photo-be] mattingEngine=None
[id-photo-be] rembgModel=None
[id-photo-be] engine=hivision engineVersion=multi-engine-reset-20260613-local model=rmbg-1.4
[id-photo-be] foregroundPath=None
[id-photo-be] maskPath=None
[id-photo-be] cropParams=None
[id-photo-be] prepare success preparedId=fcad67b0-0185-4e26-bee8-2ea0fdcd863b
[id-photo] requestId=9d21ba6d7e total=5575ms success=true preparedId=fcad67b0-0185-4e26-bee8-2ea0fdcd863b
INFO:     127.0.0.1:51356 - "POST /api/id-photo/prepare HTTP/1.1" 200 OK
[id-photo-be] prepare start requestId=2c6fed15a7
[id-photo] requestId=2c6fed15a7 step=load_image cost=0ms
INFO:     127.0.0.1:59038 - "POST /api/id-photo/prepare HTTP/1.1" 400 Bad Request
[id-photo-be] prepare start requestId=c67ef2361f
[id-photo] requestId=c67ef2361f step=load_image cost=0ms
[id-photo] requestId=c67ef2361f step=matting cost=10ms
[id-photo-be] faceDetector=None
[id-photo-be] faceCount=None
[id-photo-be] faceBox=None
[id-photo-be] mattingEngine=None
[id-photo-be] rembgModel=None
[id-photo-be] engine=hivision engineVersion=multi-engine-reset-20260613-local model=rmbg-1.4
[id-photo-be] foregroundPath=None
[id-photo-be] maskPath=None
[id-photo-be] cropParams=None
[id-photo-be] prepare success preparedId=76225a8d-3bff-4fc9-b868-50aa97d2adc2
[id-photo] requestId=c67ef2361f total=6236ms success=true preparedId=76225a8d-3bff-4fc9-b868-50aa97d2adc2
INFO:     127.0.0.1:59039 - "POST /api/id-photo/prepare HTTP/1.1" 200 OK
[id-photo-be] prepare start requestId=04ee029a3c
[id-photo] requestId=04ee029a3c step=load_image cost=0ms
INFO:     127.0.0.1:60357 - "POST /api/id-photo/prepare HTTP/1.1" 400 Bad Request
[id-photo-be] prepare start requestId=88873c98e2
[id-photo] requestId=88873c98e2 step=load_image cost=0ms
INFO:     127.0.0.1:60358 - "POST /api/id-photo/prepare HTTP/1.1" 400 Bad Request
[id-photo-be] prepare start requestId=70f0009c35
[id-photo] requestId=70f0009c35 step=load_image cost=0ms
[id-photo] requestId=70f0009c35 step=matting cost=10ms
[id-photo-be] faceDetector=None
[id-photo-be] faceCount=None
[id-photo-be] faceBox=None
[id-photo-be] mattingEngine=None
[id-photo-be] rembgModel=None
[id-photo-be] engine=hivision engineVersion=multi-engine-reset-20260613-local model=rmbg-1.4
[id-photo-be] foregroundPath=None
[id-photo-be] maskPath=None
[id-photo-be] cropParams=None
[id-photo-be] prepare success preparedId=97744db8-2e7d-466a-b55c-90fffe15d6d2
[id-photo] requestId=70f0009c35 total=6465ms success=true preparedId=97744db8-2e7d-466a-b55c-90fffe15d6d2
INFO:     127.0.0.1:60359 - "POST /api/id-photo/prepare HTTP/1.1" 200 OK
[id-photo-be] prepare start requestId=c9cad5f128
[id-photo] requestId=c9cad5f128 step=load_image cost=0ms
[id-photo] requestId=c9cad5f128 step=matting cost=10ms
[id-photo-be] faceDetector=None
[id-photo-be] faceCount=None
[id-photo-be] faceBox=None
[id-photo-be] mattingEngine=None
[id-photo-be] rembgModel=None
[id-photo-be] engine=hivision engineVersion=multi-engine-reset-20260613-local model=rmbg-1.4
[id-photo-be] foregroundPath=None
[id-photo-be] maskPath=None
[id-photo-be] cropParams=None
[id-photo-be] prepare success preparedId=37cdcb13-4d88-4f11-9881-8dae798ad132
[id-photo] requestId=c9cad5f128 total=6231ms success=true preparedId=37cdcb13-4d88-4f11-9881-8dae798ad132
INFO:     127.0.0.1:59156 - "POST /api/id-photo/prepare HTTP/1.1" 200 OK
[id-photo-be] prepare start requestId=add143cd60
[id-photo] requestId=add143cd60 step=load_image cost=0ms
[id-photo] requestId=add143cd60 step=matting cost=10ms
[id-photo-be] faceDetector=None
[id-photo-be] faceCount=None
[id-photo-be] faceBox=None
[id-photo-be] mattingEngine=None
[id-photo-be] rembgModel=None
[id-photo-be] engine=hivision engineVersion=multi-engine-reset-20260613-local model=rmbg-1.4
[id-photo-be] foregroundPath=None
[id-photo-be] maskPath=None
[id-photo-be] cropParams=None
[id-photo-be] prepare success preparedId=d79fddf0-722b-45c3-8edc-9f758b9e044d
[id-photo] requestId=add143cd60 total=5528ms success=true preparedId=d79fddf0-722b-45c3-8edc-9f758b9e044d
INFO:     127.0.0.1:51136 - "POST /api/id-photo/prepare HTTP/1.1" 200 OK
[id-photo-be] prepare start requestId=886e143105
[id-photo] requestId=886e143105 step=load_image cost=0ms
[id-photo] requestId=886e143105 step=matting cost=10ms
[id-photo-be] faceDetector=None
[id-photo-be] faceCount=None
[id-photo-be] faceBox=None
[id-photo-be] mattingEngine=None
[id-photo-be] rembgModel=None
[id-photo-be] engine=hivision engineVersion=multi-engine-reset-20260613-local model=rmbg-1.4
[id-photo-be] foregroundPath=None
[id-photo-be] maskPath=None
[id-photo-be] cropParams=None
[id-photo-be] prepare success preparedId=118566f1-ced6-441a-a4ef-15849a6da4ee
[id-photo] requestId=886e143105 total=5159ms success=true preparedId=118566f1-ced6-441a-a4ef-15849a6da4ee
INFO:     127.0.0.1:63789 - "POST /api/id-photo/prepare HTTP/1.1" 200 OK
[id-photo-be] prepare start requestId=5a572fbc9b
[id-photo] requestId=5a572fbc9b step=load_image cost=0ms
[id-photo] requestId=5a572fbc9b step=matting cost=10ms
[id-photo-be] faceDetector=None
[id-photo-be] faceCount=None
[id-photo-be] faceBox=None
[id-photo-be] mattingEngine=None
[id-photo-be] rembgModel=None
[id-photo-be] engine=hivision engineVersion=multi-engine-reset-20260613-local model=rmbg-1.4
[id-photo-be] foregroundPath=None
[id-photo-be] maskPath=None
[id-photo-be] cropParams=None
[id-photo-be] prepare success preparedId=9b9c5f5a-ff94-4e9e-8531-cfbed66eea75
[id-photo] requestId=5a572fbc9b total=5591ms success=true preparedId=9b9c5f5a-ff94-4e9e-8531-cfbed66eea75
INFO:     127.0.0.1:56022 - "POST /api/id-photo/prepare HTTP/1.1" 200 OK
[id-photo-be] prepare start requestId=0ecc0907d4
[id-photo] requestId=0ecc0907d4 step=load_image cost=0ms
INFO:     127.0.0.1:55207 - "POST /api/id-photo/prepare HTTP/1.1" 400 Bad Request
[id-photo-be] prepare start requestId=214d7df92a
[id-photo] requestId=214d7df92a step=load_image cost=0ms
[id-photo] requestId=214d7df92a step=matting cost=10ms
[id-photo-be] faceDetector=None
[id-photo-be] faceCount=None
[id-photo-be] faceBox=None
[id-photo-be] mattingEngine=None
[id-photo-be] rembgModel=None
[id-photo-be] engine=hivision engineVersion=multi-engine-reset-20260613-local model=rmbg-1.4
[id-photo-be] foregroundPath=None
[id-photo-be] maskPath=None
[id-photo-be] cropParams=None
[id-photo-be] prepare success preparedId=198c5113-84d7-49af-8dd1-5e8b2e908647
[id-photo] requestId=214d7df92a total=5180ms success=true preparedId=198c5113-84d7-49af-8dd1-5e8b2e908647
INFO:     127.0.0.1:59463 - "POST /api/id-photo/prepare HTTP/1.1" 200 OK
[id-photo-be] prepare start requestId=bf90ad2b9a
[id-photo] requestId=bf90ad2b9a step=load_image cost=0ms
[id-photo] requestId=bf90ad2b9a step=matting cost=10ms
[id-photo-be] faceDetector=None
[id-photo-be] faceCount=None
[id-photo-be] faceBox=None
[id-photo-be] mattingEngine=None
[id-photo-be] rembgModel=None
[id-photo-be] engine=hivision engineVersion=multi-engine-reset-20260613-local model=rmbg-1.4
[id-photo-be] foregroundPath=None
[id-photo-be] maskPath=None
[id-photo-be] cropParams=None
[id-photo-be] prepare success preparedId=38705d37-d078-42f3-b342-522d27227f6a
[id-photo] requestId=bf90ad2b9a total=4902ms success=true preparedId=38705d37-d078-42f3-b342-522d27227f6a
INFO:     127.0.0.1:62939 - "POST /api/id-photo/prepare HTTP/1.1" 200 OK
[id-photo-be] prepare start requestId=51e98c5429
[id-photo] requestId=51e98c5429 step=load_image cost=0ms
[id-photo] requestId=51e98c5429 step=matting cost=10ms
[id-photo-be] faceDetector=None
[id-photo-be] faceCount=None
[id-photo-be] faceBox=None
[id-photo-be] mattingEngine=None
[id-photo-be] rembgModel=None
[id-photo-be] engine=hivision engineVersion=multi-engine-reset-20260613-local model=rmbg-1.4
[id-photo-be] foregroundPath=None
[id-photo-be] maskPath=None
[id-photo-be] cropParams=None
[id-photo-be] prepare success preparedId=2e57fc8f-3e84-4d90-8a45-6a6bd4786ebb
[id-photo] requestId=51e98c5429 total=24946ms success=true preparedId=2e57fc8f-3e84-4d90-8a45-6a6bd4786ebb
INFO:     127.0.0.1:58501 - "POST /api/id-photo/prepare HTTP/1.1" 200 OK
[id-photo-be] prepare start requestId=f31b16f5cf
[id-photo] requestId=f31b16f5cf step=load_image cost=0ms
[id-photo] requestId=f31b16f5cf step=matting cost=10ms
[id-photo-be] faceDetector=None
[id-photo-be] faceCount=None
[id-photo-be] faceBox=None
[id-photo-be] mattingEngine=None
[id-photo-be] rembgModel=None
[id-photo-be] engine=hivision engineVersion=multi-engine-reset-20260613-local model=rmbg-1.4
[id-photo-be] foregroundPath=None
[id-photo-be] maskPath=None
[id-photo-be] cropParams=None
[id-photo-be] prepare success preparedId=eb237818-d457-47b0-920b-36916fbb8b49
[id-photo] requestId=f31b16f5cf total=5615ms success=true preparedId=eb237818-d457-47b0-920b-36916fbb8b49
INFO:     127.0.0.1:52285 - "POST /api/id-photo/prepare HTTP/1.1" 200 OK
[id-photo-be] prepare start requestId=8311ca56b6
[id-photo] requestId=8311ca56b6 step=load_image cost=0ms
[id-photo] requestId=8311ca56b6 step=matting cost=10ms
[id-photo-be] faceDetector=None
[id-photo-be] faceCount=None
[id-photo-be] faceBox=None
[id-photo-be] mattingEngine=None
[id-photo-be] rembgModel=None
[id-photo-be] engine=hivision engineVersion=multi-engine-reset-20260613-local model=rmbg-1.4
[id-photo-be] foregroundPath=None
[id-photo-be] maskPath=None
[id-photo-be] cropParams=None
[id-photo-be] prepare success preparedId=13962cd0-cdb5-4342-9eb2-ab5893f5f5b0
[id-photo] requestId=8311ca56b6 total=4676ms success=true preparedId=13962cd0-cdb5-4342-9eb2-ab5893f5f5b0
INFO:     127.0.0.1:51843 - "POST /api/id-photo/prepare HTTP/1.1" 200 OK
[id-photo-be] prepare start requestId=8ed885f8db
[id-photo] requestId=8ed885f8db step=load_image cost=0ms
[id-photo] requestId=8ed885f8db step=matting cost=10ms
[id-photo-be] faceDetector=None
[id-photo-be] faceCount=None
[id-photo-be] faceBox=None
[id-photo-be] mattingEngine=None
[id-photo-be] rembgModel=None
[id-photo-be] engine=hivision engineVersion=multi-engine-reset-20260613-local model=rmbg-1.4
[id-photo-be] foregroundPath=None
[id-photo-be] maskPath=None
[id-photo-be] cropParams=None
[id-photo-be] prepare success preparedId=451541fd-5c66-4c99-9288-f13af6c5c443
[id-photo] requestId=8ed885f8db total=5779ms success=true preparedId=451541fd-5c66-4c99-9288-f13af6c5c443
INFO:     127.0.0.1:55613 - "POST /api/id-photo/prepare HTTP/1.1" 200 OK
[id-photo-be] prepare start requestId=3dfaec86b1
[id-photo] requestId=3dfaec86b1 step=load_image cost=0ms
INFO:     127.0.0.1:56787 - "POST /api/id-photo/prepare HTTP/1.1" 400 Bad Request
[id-photo-be] prepare start requestId=836b6fa458
[id-photo] requestId=836b6fa458 step=load_image cost=0ms
[id-photo] requestId=836b6fa458 step=matting cost=10ms
[id-photo-be] faceDetector=None
[id-photo-be] faceCount=None
[id-photo-be] faceBox=None
[id-photo-be] mattingEngine=None
[id-photo-be] rembgModel=None
[id-photo-be] engine=hivision engineVersion=multi-engine-reset-20260613-local model=rmbg-1.4
[id-photo-be] foregroundPath=None
[id-photo-be] maskPath=None
[id-photo-be] cropParams=None
[id-photo-be] prepare success preparedId=5485c751-7e6f-49ff-b698-e640f719919f
[id-photo] requestId=836b6fa458 total=4700ms success=true preparedId=5485c751-7e6f-49ff-b698-e640f719919f
INFO:     127.0.0.1:52441 - "POST /api/id-photo/prepare HTTP/1.1" 200 OK
[id-photo-be] prepare start requestId=90b8e70ddc
[id-photo] requestId=90b8e70ddc step=load_image cost=0ms
[id-photo] requestId=90b8e70ddc step=matting cost=10ms
[id-photo-be] faceDetector=None
[id-photo-be] faceCount=None
[id-photo-be] faceBox=None
[id-photo-be] mattingEngine=None
[id-photo-be] rembgModel=None
[id-photo-be] engine=hivision engineVersion=multi-engine-reset-20260613-local model=rmbg-1.4
[id-photo-be] foregroundPath=None
[id-photo-be] maskPath=None
[id-photo-be] cropParams=None
[id-photo-be] prepare success preparedId=39ef421b-3267-40b3-bc23-de412bc9ad9a
[id-photo] requestId=90b8e70ddc total=4590ms success=true preparedId=39ef421b-3267-40b3-bc23-de412bc9ad9a
INFO:     127.0.0.1:57282 - "POST /api/id-photo/prepare HTTP/1.1" 200 OK
[id-photo-be] prepare start requestId=34e1d54cae
[id-photo] requestId=34e1d54cae step=load_image cost=0ms
[id-photo] requestId=34e1d54cae step=matting cost=10ms
[id-photo-be] faceDetector=None
[id-photo-be] faceCount=None
[id-photo-be] faceBox=None
[id-photo-be] mattingEngine=None
[id-photo-be] rembgModel=None
[id-photo-be] engine=hivision engineVersion=multi-engine-reset-20260613-local model=rmbg-1.4
[id-photo-be] foregroundPath=None
[id-photo-be] maskPath=None
[id-photo-be] cropParams=None
[id-photo-be] prepare success preparedId=b32a7b19-a218-453a-87d7-10f08220bbcf
[id-photo] requestId=34e1d54cae total=4522ms success=true preparedId=b32a7b19-a218-453a-87d7-10f08220bbcf
INFO:     127.0.0.1:59813 - "POST /api/id-photo/prepare HTTP/1.1" 200 OK
[id-photo-be] prepare start requestId=ba9e5ffadd
[id-photo] requestId=ba9e5ffadd step=load_image cost=0ms
[id-photo] requestId=ba9e5ffadd step=matting cost=10ms
[id-photo-be] faceDetector=None
[id-photo-be] faceCount=None
[id-photo-be] faceBox=None
[id-photo-be] mattingEngine=None
[id-photo-be] rembgModel=None
[id-photo-be] engine=hivision engineVersion=multi-engine-reset-20260613-local model=rmbg-1.4
[id-photo-be] foregroundPath=None
[id-photo-be] maskPath=None
[id-photo-be] cropParams=None
[id-photo-be] prepare success preparedId=1f17105b-9b9a-484f-a7e0-698a9467b244
[id-photo] requestId=ba9e5ffadd total=4354ms success=true preparedId=1f17105b-9b9a-484f-a7e0-698a9467b244
INFO:     127.0.0.1:61052 - "POST /api/id-photo/prepare HTTP/1.1" 200 OK
[id-photo-be] prepare start requestId=b0bbb06106
[id-photo] requestId=b0bbb06106 step=load_image cost=0ms
[id-photo] requestId=b0bbb06106 step=matting cost=10ms
[id-photo-be] faceDetector=None
[id-photo-be] faceCount=None
[id-photo-be] faceBox=None
[id-photo-be] mattingEngine=None
[id-photo-be] rembgModel=None
[id-photo-be] engine=hivision engineVersion=multi-engine-reset-20260613-local model=rmbg-1.4
[id-photo-be] foregroundPath=None
[id-photo-be] maskPath=None
[id-photo-be] cropParams=None
[id-photo-be] prepare success preparedId=ac869cd2-7a04-45e9-aae7-c353e1700781
[id-photo] requestId=b0bbb06106 total=4878ms success=true preparedId=ac869cd2-7a04-45e9-aae7-c353e1700781
INFO:     127.0.0.1:57557 - "POST /api/id-photo/prepare HTTP/1.1" 200 OK
[id-photo-be] prepare start requestId=bbb37c8ccb
[id-photo] requestId=bbb37c8ccb step=load_image cost=0ms
[id-photo] requestId=bbb37c8ccb step=matting cost=10ms
[id-photo-be] faceDetector=None
[id-photo-be] faceCount=None
[id-photo-be] faceBox=None
[id-photo-be] mattingEngine=None
[id-photo-be] rembgModel=None
[id-photo-be] engine=hivision engineVersion=multi-engine-reset-20260613-local model=rmbg-1.4
[id-photo-be] foregroundPath=None
[id-photo-be] maskPath=None
[id-photo-be] cropParams=None
[id-photo-be] prepare success preparedId=b00ed42f-e541-4269-92ab-3140f1c3154a
[id-photo] requestId=bbb37c8ccb total=4801ms success=true preparedId=b00ed42f-e541-4269-92ab-3140f1c3154a
INFO:     127.0.0.1:60941 - "POST /api/id-photo/prepare HTTP/1.1" 200 OK
[id-photo-be] prepare start requestId=f773a6d4e6
[id-photo] requestId=f773a6d4e6 step=load_image cost=0ms
[id-photo] requestId=f773a6d4e6 step=matting cost=10ms
[id-photo-be] faceDetector=None
[id-photo-be] faceCount=None
[id-photo-be] faceBox=None
[id-photo-be] mattingEngine=None
[id-photo-be] rembgModel=None
[id-photo-be] engine=hivision engineVersion=multi-engine-reset-20260613-local model=rmbg-1.4
[id-photo-be] foregroundPath=None
[id-photo-be] maskPath=None
[id-photo-be] cropParams=None
[id-photo-be] prepare success preparedId=41ee83d6-c06f-4751-9075-cef605e716af
[id-photo] requestId=f773a6d4e6 total=6442ms success=true preparedId=41ee83d6-c06f-4751-9075-cef605e716af
INFO:     127.0.0.1:49363 - "POST /api/id-photo/prepare HTTP/1.1" 200 OK
[id-photo-be] prepare start requestId=db6c00bc8b
[id-photo] requestId=db6c00bc8b step=load_image cost=0ms
[id-photo] requestId=db6c00bc8b step=matting cost=10ms
[id-photo-be] faceDetector=None
[id-photo-be] faceCount=None
[id-photo-be] faceBox=None
[id-photo-be] mattingEngine=None
[id-photo-be] rembgModel=None
[id-photo-be] engine=hivision engineVersion=multi-engine-reset-20260613-local model=rmbg-1.4
[id-photo-be] foregroundPath=None
[id-photo-be] maskPath=None
[id-photo-be] cropParams=None
[id-photo-be] prepare success preparedId=e8d0b674-2999-4d70-9366-79349f96a764
[id-photo] requestId=db6c00bc8b total=4543ms success=true preparedId=e8d0b674-2999-4d70-9366-79349f96a764
INFO:     127.0.0.1:64530 - "POST /api/id-photo/prepare HTTP/1.1" 200 OK
[id-photo-be] prepare start requestId=68f3b88b8c
[id-photo] requestId=68f3b88b8c step=load_image cost=0ms
[id-photo] requestId=68f3b88b8c step=matting cost=10ms
[id-photo-be] faceDetector=None
[id-photo-be] faceCount=None
[id-photo-be] faceBox=None
[id-photo-be] mattingEngine=None
[id-photo-be] rembgModel=None
[id-photo-be] engine=hivision engineVersion=multi-engine-reset-20260613-local model=rmbg-1.4
[id-photo-be] foregroundPath=None
[id-photo-be] maskPath=None
[id-photo-be] cropParams=None
[id-photo-be] prepare success preparedId=f1824840-dc97-4f78-b578-0a40e606923e
[id-photo] requestId=68f3b88b8c total=4746ms success=true preparedId=f1824840-dc97-4f78-b578-0a40e606923e
INFO:     127.0.0.1:60883 - "POST /api/id-photo/prepare HTTP/1.1" 200 OK
[id-photo-be] prepare start requestId=bf73717992
[id-photo] requestId=bf73717992 step=load_image cost=0ms
[id-photo] requestId=bf73717992 step=matting cost=10ms
[id-photo-be] faceDetector=None
[id-photo-be] faceCount=None
[id-photo-be] faceBox=None
[id-photo-be] mattingEngine=None
[id-photo-be] rembgModel=None
[id-photo-be] engine=hivision engineVersion=multi-engine-reset-20260613-local model=rmbg-1.4
[id-photo-be] foregroundPath=None
[id-photo-be] maskPath=None
[id-photo-be] cropParams=None
[id-photo-be] prepare success preparedId=9695f17d-c882-4bca-b4f9-64a81a7a7f78
[id-photo] requestId=bf73717992 total=5793ms success=true preparedId=9695f17d-c882-4bca-b4f9-64a81a7a7f78
INFO:     127.0.0.1:61745 - "POST /api/id-photo/prepare HTTP/1.1" 200 OK
[id-photo-be] prepare start requestId=ea8c1e9fe2
[id-photo] requestId=ea8c1e9fe2 step=load_image cost=0ms
[id-photo] requestId=ea8c1e9fe2 step=matting cost=10ms
[id-photo-be] faceDetector=None
[id-photo-be] faceCount=None
[id-photo-be] faceBox=None
[id-photo-be] mattingEngine=None
[id-photo-be] rembgModel=None
[id-photo-be] engine=hivision engineVersion=multi-engine-reset-20260613-local model=rmbg-1.4
[id-photo-be] foregroundPath=None
[id-photo-be] maskPath=None
[id-photo-be] cropParams=None
[id-photo-be] prepare success preparedId=cbce84bc-312c-4962-9692-be40d659bbaf
[id-photo] requestId=ea8c1e9fe2 total=6099ms success=true preparedId=cbce84bc-312c-4962-9692-be40d659bbaf
INFO:     127.0.0.1:54637 - "POST /api/id-photo/prepare HTTP/1.1" 200 OK
[id-photo-be] prepare start requestId=8fb2010b7c
[id-photo] requestId=8fb2010b7c step=load_image cost=0ms
INFO:     127.0.0.1:53490 - "POST /api/id-photo/prepare HTTP/1.1" 400 Bad Request
[id-photo-be] prepare start requestId=a824b3ddae
[id-photo] requestId=a824b3ddae step=load_image cost=0ms
[id-photo] requestId=a824b3ddae step=matting cost=10ms
[id-photo-be] faceDetector=None
[id-photo-be] faceCount=None
[id-photo-be] faceBox=None
[id-photo-be] mattingEngine=None
[id-photo-be] rembgModel=None
[id-photo-be] engine=hivision engineVersion=multi-engine-reset-20260613-local model=rmbg-1.4
[id-photo-be] foregroundPath=None
[id-photo-be] maskPath=None
[id-photo-be] cropParams=None
[id-photo-be] prepare success preparedId=e18fe493-7c43-4837-8d9c-79d0a409777a
[id-photo] requestId=a824b3ddae total=4815ms success=true preparedId=e18fe493-7c43-4837-8d9c-79d0a409777a
INFO:     127.0.0.1:50665 - "POST /api/id-photo/prepare HTTP/1.1" 200 OK
[id-photo-be] prepare start requestId=f5eee5bd1f
[id-photo] requestId=f5eee5bd1f step=load_image cost=0ms
[id-photo] requestId=f5eee5bd1f step=matting cost=10ms
[id-photo-be] faceDetector=None
[id-photo-be] faceCount=None
[id-photo-be] faceBox=None
[id-photo-be] mattingEngine=None
[id-photo-be] rembgModel=None
[id-photo-be] engine=hivision engineVersion=multi-engine-reset-20260613-local model=rmbg-1.4
[id-photo-be] foregroundPath=None
[id-photo-be] maskPath=None
[id-photo-be] cropParams=None
[id-photo-be] prepare success preparedId=a545944a-5af1-42c7-a629-5196705bb499
[id-photo] requestId=f5eee5bd1f total=4536ms success=true preparedId=a545944a-5af1-42c7-a629-5196705bb499
INFO:     127.0.0.1:50971 - "POST /api/id-photo/prepare HTTP/1.1" 200 OK
[id-photo-be] prepare start requestId=96c95a3f64
[id-photo] requestId=96c95a3f64 step=load_image cost=0ms
[id-photo] requestId=96c95a3f64 step=matting cost=10ms
[id-photo-be] faceDetector=None
[id-photo-be] faceCount=None
[id-photo-be] faceBox=None
[id-photo-be] mattingEngine=None
[id-photo-be] rembgModel=None
[id-photo-be] engine=hivision engineVersion=multi-engine-reset-20260613-local model=rmbg-1.4
[id-photo-be] foregroundPath=None
[id-photo-be] maskPath=None
[id-photo-be] cropParams=None
[id-photo-be] prepare success preparedId=b806fa23-38c0-47ca-bca8-7e0490c1f6ab
[id-photo] requestId=96c95a3f64 total=4413ms success=true preparedId=b806fa23-38c0-47ca-bca8-7e0490c1f6ab
INFO:     127.0.0.1:55967 - "POST /api/id-photo/prepare HTTP/1.1" 200 OK
[id-photo-be] prepare start requestId=1a8938beef
[id-photo] requestId=1a8938beef step=load_image cost=0ms
[id-photo] requestId=1a8938beef step=matting cost=10ms
[id-photo-be] faceDetector=None
[id-photo-be] faceCount=None
[id-photo-be] faceBox=None
[id-photo-be] mattingEngine=None
[id-photo-be] rembgModel=None
[id-photo-be] engine=hivision engineVersion=multi-engine-reset-20260613-local model=rmbg-1.4
[id-photo-be] foregroundPath=None
[id-photo-be] maskPath=None
[id-photo-be] cropParams=None
[id-photo-be] prepare success preparedId=915c60aa-ea2d-40fb-85b0-8cffc9e1eaf1
[id-photo] requestId=1a8938beef total=5227ms success=true preparedId=915c60aa-ea2d-40fb-85b0-8cffc9e1eaf1
INFO:     127.0.0.1:50630 - "POST /api/id-photo/prepare HTTP/1.1" 200 OK
[id-photo-be] prepare start requestId=e8f018fdd6
[id-photo] requestId=e8f018fdd6 step=load_image cost=0ms
[id-photo] requestId=e8f018fdd6 step=matting cost=10ms
[id-photo-be] faceDetector=None
[id-photo-be] faceCount=None
[id-photo-be] faceBox=None
[id-photo-be] mattingEngine=None
[id-photo-be] rembgModel=None
[id-photo-be] engine=hivision engineVersion=multi-engine-reset-20260613-local model=rmbg-1.4
[id-photo-be] foregroundPath=None
[id-photo-be] maskPath=None
[id-photo-be] cropParams=None
[id-photo-be] prepare success preparedId=a8f1c958-52ff-4908-9ce8-75975233f02c
[id-photo] requestId=e8f018fdd6 total=4580ms success=true preparedId=a8f1c958-52ff-4908-9ce8-75975233f02c
INFO:     127.0.0.1:63607 - "POST /api/id-photo/prepare HTTP/1.1" 200 OK
[id-photo-be] prepare start requestId=81e36be7bb
[id-photo] requestId=81e36be7bb step=load_image cost=0ms
[id-photo] requestId=81e36be7bb step=matting cost=10ms
[id-photo-be] faceDetector=None
[id-photo-be] faceCount=None
[id-photo-be] faceBox=None
[id-photo-be] mattingEngine=None
[id-photo-be] rembgModel=None
[id-photo-be] engine=hivision engineVersion=multi-engine-reset-20260613-local model=rmbg-1.4
[id-photo-be] foregroundPath=None
[id-photo-be] maskPath=None
[id-photo-be] cropParams=None
[id-photo-be] prepare success preparedId=aa2e3eac-088a-482b-8dea-8e0fee50ee81
[id-photo] requestId=81e36be7bb total=5260ms success=true preparedId=aa2e3eac-088a-482b-8dea-8e0fee50ee81
INFO:     127.0.0.1:52185 - "POST /api/id-photo/prepare HTTP/1.1" 200 OK
[id-photo-be] prepare start requestId=9e3432d509
[id-photo] requestId=9e3432d509 step=load_image cost=0ms
[id-photo] requestId=9e3432d509 step=matting cost=10ms
[id-photo-be] faceDetector=None
[id-photo-be] faceCount=None
[id-photo-be] faceBox=None
[id-photo-be] mattingEngine=None
[id-photo-be] rembgModel=None
[id-photo-be] engine=hivision engineVersion=multi-engine-reset-20260613-local model=rmbg-1.4
[id-photo-be] foregroundPath=None
[id-photo-be] maskPath=None
[id-photo-be] cropParams=None
[id-photo-be] prepare success preparedId=3303d187-5c9b-4b81-a651-b24931d4c4d0
[id-photo] requestId=9e3432d509 total=4746ms success=true preparedId=3303d187-5c9b-4b81-a651-b24931d4c4d0
INFO:     127.0.0.1:64477 - "POST /api/id-photo/prepare HTTP/1.1" 200 OK
[id-photo-be] prepare start requestId=c33654892a
[id-photo] requestId=c33654892a step=load_image cost=0ms
[id-photo] requestId=c33654892a step=matting cost=10ms
[id-photo-be] faceDetector=None
[id-photo-be] faceCount=None
[id-photo-be] faceBox=None
[id-photo-be] mattingEngine=None
[id-photo-be] rembgModel=None
[id-photo-be] engine=hivision engineVersion=multi-engine-reset-20260613-local model=rmbg-1.4
[id-photo-be] foregroundPath=None
[id-photo-be] maskPath=None
[id-photo-be] cropParams=None
[id-photo-be] prepare success preparedId=7984f65b-3a7d-40ac-9991-d7100a9c6b1e
[id-photo] requestId=c33654892a total=5669ms success=true preparedId=7984f65b-3a7d-40ac-9991-d7100a9c6b1e
INFO:     127.0.0.1:54611 - "POST /api/id-photo/prepare HTTP/1.1" 200 OK
[id-photo-be] prepare start requestId=fc3019fe18
[id-photo] requestId=fc3019fe18 step=load_image cost=0ms
[id-photo] requestId=fc3019fe18 step=matting cost=10ms
[id-photo-be] faceDetector=None
[id-photo-be] faceCount=None
[id-photo-be] faceBox=None
[id-photo-be] mattingEngine=None
[id-photo-be] rembgModel=None
[id-photo-be] engine=hivision engineVersion=multi-engine-reset-20260613-local model=rmbg-1.4
[id-photo-be] foregroundPath=None
[id-photo-be] maskPath=None
[id-photo-be] cropParams=None
[id-photo-be] prepare success preparedId=07f39443-0956-4f13-b7c0-b6d6f178f30a
[id-photo] requestId=fc3019fe18 total=4568ms success=true preparedId=07f39443-0956-4f13-b7c0-b6d6f178f30a
INFO:     127.0.0.1:55456 - "POST /api/id-photo/prepare HTTP/1.1" 200 OK
[id-photo-be] prepare start requestId=49ae977680
[id-photo] requestId=49ae977680 step=load_image cost=0ms
[id-photo] requestId=49ae977680 step=matting cost=10ms
[id-photo-be] faceDetector=None
[id-photo-be] faceCount=None
[id-photo-be] faceBox=None
[id-photo-be] mattingEngine=None
[id-photo-be] rembgModel=None
[id-photo-be] engine=hivision engineVersion=multi-engine-reset-20260613-local model=rmbg-1.4
[id-photo-be] foregroundPath=None
[id-photo-be] maskPath=None
[id-photo-be] cropParams=None
[id-photo-be] prepare success preparedId=60d8de75-ecc5-4252-a4a6-479a8bee6a55
[id-photo] requestId=49ae977680 total=4947ms success=true preparedId=60d8de75-ecc5-4252-a4a6-479a8bee6a55
INFO:     127.0.0.1:59088 - "POST /api/id-photo/prepare HTTP/1.1" 200 OK
[id-photo-be] prepare start requestId=e2b4ef5c9f
[id-photo] requestId=e2b4ef5c9f step=load_image cost=0ms
INFO:     127.0.0.1:60759 - "POST /api/id-photo/prepare HTTP/1.1" 400 Bad Request
[id-photo-be] prepare start requestId=9a9d29f901
[id-photo] requestId=9a9d29f901 step=load_image cost=0ms
[id-photo] requestId=9a9d29f901 step=matting cost=10ms
[id-photo-be] faceDetector=None
[id-photo-be] faceCount=None
[id-photo-be] faceBox=None
[id-photo-be] mattingEngine=None
[id-photo-be] rembgModel=None
[id-photo-be] engine=hivision engineVersion=multi-engine-reset-20260613-local model=rmbg-1.4
[id-photo-be] foregroundPath=None
[id-photo-be] maskPath=None
[id-photo-be] cropParams=None
[id-photo-be] prepare success preparedId=3c283ebc-5cee-4524-bcd9-0ce9f0e12966
[id-photo] requestId=9a9d29f901 total=4697ms success=true preparedId=3c283ebc-5cee-4524-bcd9-0ce9f0e12966
INFO:     127.0.0.1:60760 - "POST /api/id-photo/prepare HTTP/1.1" 200 OK
[id-photo-be] prepare start requestId=80f582c139
[id-photo] requestId=80f582c139 step=load_image cost=0ms
[id-photo] requestId=80f582c139 step=matting cost=10ms
[id-photo-be] faceDetector=None
[id-photo-be] faceCount=None
[id-photo-be] faceBox=None
[id-photo-be] mattingEngine=None
[id-photo-be] rembgModel=None
[id-photo-be] engine=hivision engineVersion=multi-engine-reset-20260613-local model=rmbg-1.4
[id-photo-be] foregroundPath=None
[id-photo-be] maskPath=None
[id-photo-be] cropParams=None
[id-photo-be] prepare success preparedId=03377e37-f0bd-427c-95d3-370691e4703a
[id-photo] requestId=80f582c139 total=24436ms success=true preparedId=03377e37-f0bd-427c-95d3-370691e4703a
INFO:     127.0.0.1:60964 - "POST /api/id-photo/prepare HTTP/1.1" 200 OK
[id-photo-be] prepare start requestId=153ebb6157
[id-photo] requestId=153ebb6157 step=load_image cost=0ms
[id-photo] requestId=153ebb6157 step=matting cost=10ms
[id-photo-be] faceDetector=None
[id-photo-be] faceCount=None
[id-photo-be] faceBox=None
[id-photo-be] mattingEngine=None
[id-photo-be] rembgModel=None
[id-photo-be] engine=hivision engineVersion=multi-engine-reset-20260613-local model=rmbg-1.4
[id-photo-be] foregroundPath=None
[id-photo-be] maskPath=None
[id-photo-be] cropParams=None
[id-photo-be] prepare success preparedId=101990ae-fea4-4e06-96ba-ff5bb5f42025
[id-photo] requestId=153ebb6157 total=5617ms success=true preparedId=101990ae-fea4-4e06-96ba-ff5bb5f42025
INFO:     127.0.0.1:54877 - "POST /api/id-photo/prepare HTTP/1.1" 200 OK
[id-photo-be] prepare start requestId=8c7a003543
[id-photo] requestId=8c7a003543 step=load_image cost=0ms
[id-photo] requestId=8c7a003543 step=matting cost=10ms
[id-photo-be] faceDetector=None
[id-photo-be] faceCount=None
[id-photo-be] faceBox=None
[id-photo-be] mattingEngine=None
[id-photo-be] rembgModel=None
[id-photo-be] engine=hivision engineVersion=multi-engine-reset-20260613-local model=rmbg-1.4
[id-photo-be] foregroundPath=None
[id-photo-be] maskPath=None
[id-photo-be] cropParams=None
[id-photo-be] prepare success preparedId=9ac300c1-3b40-48b1-9032-906c5a16c55b
[id-photo] requestId=8c7a003543 total=5025ms success=true preparedId=9ac300c1-3b40-48b1-9032-906c5a16c55b
INFO:     127.0.0.1:63868 - "POST /api/id-photo/prepare HTTP/1.1" 200 OK
[id-photo-be] prepare start requestId=e0860f8af4
[id-photo] requestId=e0860f8af4 step=load_image cost=0ms
[id-photo] requestId=e0860f8af4 step=matting cost=10ms
[id-photo-be] faceDetector=None
[id-photo-be] faceCount=None
[id-photo-be] faceBox=None
[id-photo-be] mattingEngine=None
[id-photo-be] rembgModel=None
[id-photo-be] engine=hivision engineVersion=multi-engine-reset-20260613-local model=rmbg-1.4
[id-photo-be] foregroundPath=None
[id-photo-be] maskPath=None
[id-photo-be] cropParams=None
[id-photo-be] prepare success preparedId=6043c7d8-9046-4695-b7df-71c05ebb69c7
[id-photo] requestId=e0860f8af4 total=4489ms success=true preparedId=6043c7d8-9046-4695-b7df-71c05ebb69c7
INFO:     127.0.0.1:54928 - "POST /api/id-photo/prepare HTTP/1.1" 200 OK
[id-photo-be] prepare start requestId=837f2d0435
[id-photo] requestId=837f2d0435 step=load_image cost=0ms
[id-photo] requestId=837f2d0435 step=matting cost=10ms
[id-photo-be] faceDetector=None
[id-photo-be] faceCount=None
[id-photo-be] faceBox=None
[id-photo-be] mattingEngine=None
[id-photo-be] rembgModel=None
[id-photo-be] engine=hivision engineVersion=multi-engine-reset-20260613-local model=rmbg-1.4
[id-photo-be] foregroundPath=None
[id-photo-be] maskPath=None
[id-photo-be] cropParams=None
[id-photo-be] prepare success preparedId=e39641d6-b99e-4a72-a773-f9ae7b93d0a5
[id-photo] requestId=837f2d0435 total=5149ms success=true preparedId=e39641d6-b99e-4a72-a773-f9ae7b93d0a5
INFO:     127.0.0.1:62145 - "POST /api/id-photo/prepare HTTP/1.1" 200 OK
[id-photo-be] prepare start requestId=25a9ae843b
[id-photo] requestId=25a9ae843b step=load_image cost=0ms
[id-photo] requestId=25a9ae843b step=matting cost=10ms
[id-photo-be] faceDetector=None
[id-photo-be] faceCount=None
[id-photo-be] faceBox=None
[id-photo-be] mattingEngine=None
[id-photo-be] rembgModel=None
[id-photo-be] engine=hivision engineVersion=multi-engine-reset-20260613-local model=rmbg-1.4
[id-photo-be] foregroundPath=None
[id-photo-be] maskPath=None
[id-photo-be] cropParams=None
[id-photo-be] prepare success preparedId=5cc5012d-45e2-49e9-a152-f8ab688c6b81
[id-photo] requestId=25a9ae843b total=5396ms success=true preparedId=5cc5012d-45e2-49e9-a152-f8ab688c6b81
INFO:     127.0.0.1:62686 - "POST /api/id-photo/prepare HTTP/1.1" 200 OK
[id-photo-be] prepare start requestId=5a638469a3
[id-photo] requestId=5a638469a3 step=load_image cost=0ms
[id-photo] requestId=5a638469a3 step=matting cost=10ms
[id-photo-be] faceDetector=None
[id-photo-be] faceCount=None
[id-photo-be] faceBox=None
[id-photo-be] mattingEngine=None
[id-photo-be] rembgModel=None
[id-photo-be] engine=hivision engineVersion=multi-engine-reset-20260613-local model=rmbg-1.4
[id-photo-be] foregroundPath=None
[id-photo-be] maskPath=None
[id-photo-be] cropParams=None
[id-photo-be] prepare success preparedId=cb2b3605-e15a-4d6a-8c1a-30bd09ca5793
[id-photo] requestId=5a638469a3 total=24613ms success=true preparedId=cb2b3605-e15a-4d6a-8c1a-30bd09ca5793
INFO:     127.0.0.1:56541 - "POST /api/id-photo/prepare HTTP/1.1" 200 OK
[id-photo-be] prepare start requestId=3878728e11
[id-photo] requestId=3878728e11 step=load_image cost=0ms
[id-photo] requestId=3878728e11 step=matting cost=10ms
[id-photo-be] faceDetector=None
[id-photo-be] faceCount=None
[id-photo-be] faceBox=None
[id-photo-be] mattingEngine=None
[id-photo-be] rembgModel=None
[id-photo-be] engine=hivision engineVersion=multi-engine-reset-20260613-local model=rmbg-1.4
[id-photo-be] foregroundPath=None
[id-photo-be] maskPath=None
[id-photo-be] cropParams=None
[id-photo-be] prepare success preparedId=a9eadd4f-8c1e-4ad9-9c94-b02ba6a70ca8
[id-photo] requestId=3878728e11 total=5361ms success=true preparedId=a9eadd4f-8c1e-4ad9-9c94-b02ba6a70ca8
INFO:     127.0.0.1:64968 - "POST /api/id-photo/prepare HTTP/1.1" 200 OK
[id-photo-be] prepare start requestId=e4d9169294
[id-photo] requestId=e4d9169294 step=load_image cost=0ms
[id-photo] requestId=e4d9169294 step=matting cost=10ms
[id-photo-be] faceDetector=None
[id-photo-be] faceCount=None
[id-photo-be] faceBox=None
[id-photo-be] mattingEngine=None
[id-photo-be] rembgModel=None
[id-photo-be] engine=hivision engineVersion=multi-engine-reset-20260613-local model=rmbg-1.4
[id-photo-be] foregroundPath=None
[id-photo-be] maskPath=None
[id-photo-be] cropParams=None
[id-photo-be] prepare success preparedId=3b6c4085-7c31-4aac-a0fb-ac066ece29e4
[id-photo] requestId=e4d9169294 total=4525ms success=true preparedId=3b6c4085-7c31-4aac-a0fb-ac066ece29e4
INFO:     127.0.0.1:54760 - "POST /api/id-photo/prepare HTTP/1.1" 200 OK
[id-photo-be] prepare start requestId=8fbdd7004b
[id-photo] requestId=8fbdd7004b step=load_image cost=0ms
[id-photo] requestId=8fbdd7004b step=matting cost=10ms
[id-photo-be] faceDetector=None
[id-photo-be] faceCount=None
[id-photo-be] faceBox=None
[id-photo-be] mattingEngine=None
[id-photo-be] rembgModel=None
[id-photo-be] engine=hivision engineVersion=multi-engine-reset-20260613-local model=rmbg-1.4
[id-photo-be] foregroundPath=None
[id-photo-be] maskPath=None
[id-photo-be] cropParams=None
[id-photo-be] prepare success preparedId=576f3339-580f-46dd-bd60-4348e5242a70
[id-photo] requestId=8fbdd7004b total=4651ms success=true preparedId=576f3339-580f-46dd-bd60-4348e5242a70
INFO:     127.0.0.1:65089 - "POST /api/id-photo/prepare HTTP/1.1" 200 OK
[id-photo-be] prepare start requestId=1d8956ec58
[id-photo] requestId=1d8956ec58 step=load_image cost=0ms
INFO:     127.0.0.1:61981 - "POST /api/id-photo/prepare HTTP/1.1" 400 Bad Request
[id-photo-be] prepare start requestId=a250b99714
[id-photo] requestId=a250b99714 step=load_image cost=0ms
[id-photo] requestId=a250b99714 step=matting cost=10ms
[id-photo-be] faceDetector=None
[id-photo-be] faceCount=None
[id-photo-be] faceBox=None
[id-photo-be] mattingEngine=None
[id-photo-be] rembgModel=None
[id-photo-be] engine=hivision engineVersion=multi-engine-reset-20260613-local model=rmbg-1.4
[id-photo-be] foregroundPath=None
[id-photo-be] maskPath=None
[id-photo-be] cropParams=None
[id-photo-be] prepare success preparedId=390c4886-0467-4aa7-9ebd-735efb2e2bf8
[id-photo] requestId=a250b99714 total=4542ms success=true preparedId=390c4886-0467-4aa7-9ebd-735efb2e2bf8
INFO:     127.0.0.1:50245 - "POST /api/id-photo/prepare HTTP/1.1" 200 OK
[id-photo-be] prepare start requestId=88ec065d93
[id-photo] requestId=88ec065d93 step=load_image cost=0ms
[id-photo] requestId=88ec065d93 step=matting cost=10ms
[id-photo-be] faceDetector=None
[id-photo-be] faceCount=None
[id-photo-be] faceBox=None
[id-photo-be] mattingEngine=None
[id-photo-be] rembgModel=None
[id-photo-be] engine=hivision engineVersion=multi-engine-reset-20260613-local model=rmbg-1.4
[id-photo-be] foregroundPath=None
[id-photo-be] maskPath=None
[id-photo-be] cropParams=None
[id-photo-be] prepare success preparedId=371767aa-ef53-48c8-809e-749665566826
[id-photo] requestId=88ec065d93 total=6008ms success=true preparedId=371767aa-ef53-48c8-809e-749665566826
INFO:     127.0.0.1:56198 - "POST /api/id-photo/prepare HTTP/1.1" 200 OK
[id-photo-be] prepare start requestId=a91c8bd70c
[id-photo] requestId=a91c8bd70c step=load_image cost=0ms
[id-photo] requestId=a91c8bd70c step=matting cost=10ms
[id-photo-be] faceDetector=None
[id-photo-be] faceCount=None
[id-photo-be] faceBox=None
[id-photo-be] mattingEngine=None
[id-photo-be] rembgModel=None
[id-photo-be] engine=hivision engineVersion=multi-engine-reset-20260613-local model=rmbg-1.4
[id-photo-be] foregroundPath=None
[id-photo-be] maskPath=None
[id-photo-be] cropParams=None
[id-photo-be] prepare success preparedId=b37895f4-8cfa-4221-8d66-52fc27ae7a03
[id-photo] requestId=a91c8bd70c total=4736ms success=true preparedId=b37895f4-8cfa-4221-8d66-52fc27ae7a03
INFO:     127.0.0.1:55819 - "POST /api/id-photo/prepare HTTP/1.1" 200 OK
[id-photo-be] prepare start requestId=46d0f142cf
[id-photo] requestId=46d0f142cf step=load_image cost=0ms
[id-photo] requestId=46d0f142cf step=matting cost=10ms
[id-photo-be] faceDetector=None
[id-photo-be] faceCount=None
[id-photo-be] faceBox=None
[id-photo-be] mattingEngine=None
[id-photo-be] rembgModel=None
[id-photo-be] engine=hivision engineVersion=multi-engine-reset-20260613-local model=rmbg-1.4
[id-photo-be] foregroundPath=None
[id-photo-be] maskPath=None
[id-photo-be] cropParams=None
[id-photo-be] prepare success preparedId=efe89c34-c34c-4fe7-bd24-2d2be32758ef
[id-photo] requestId=46d0f142cf total=5664ms success=true preparedId=efe89c34-c34c-4fe7-bd24-2d2be32758ef
INFO:     127.0.0.1:65183 - "POST /api/id-photo/prepare HTTP/1.1" 200 OK
[id-photo-be] prepare start requestId=96575cd556
[id-photo] requestId=96575cd556 step=load_image cost=0ms
[id-photo] requestId=96575cd556 step=matting cost=10ms
[id-photo-be] faceDetector=None
[id-photo-be] faceCount=None
[id-photo-be] faceBox=None
[id-photo-be] mattingEngine=None
[id-photo-be] rembgModel=None
[id-photo-be] engine=hivision engineVersion=multi-engine-reset-20260613-local model=rmbg-1.4
[id-photo-be] foregroundPath=None
[id-photo-be] maskPath=None
[id-photo-be] cropParams=None
[id-photo-be] prepare success preparedId=98bca59c-1b49-4fe0-98c7-c14c484a5a44
[id-photo] requestId=96575cd556 total=5011ms success=true preparedId=98bca59c-1b49-4fe0-98c7-c14c484a5a44
INFO:     127.0.0.1:56578 - "POST /api/id-photo/prepare HTTP/1.1" 200 OK
[id-photo-be] prepare start requestId=27b10c06a8
[id-photo] requestId=27b10c06a8 step=load_image cost=0ms
[id-photo] requestId=27b10c06a8 step=matting cost=10ms
[id-photo-be] faceDetector=None
[id-photo-be] faceCount=None
[id-photo-be] faceBox=None
[id-photo-be] mattingEngine=None
[id-photo-be] rembgModel=None
[id-photo-be] engine=hivision engineVersion=multi-engine-reset-20260613-local model=rmbg-1.4
[id-photo-be] foregroundPath=None
[id-photo-be] maskPath=None
[id-photo-be] cropParams=None
[id-photo-be] prepare success preparedId=e391825d-49d7-41d3-b6e3-89fe156614d9
[id-photo] requestId=27b10c06a8 total=5680ms success=true preparedId=e391825d-49d7-41d3-b6e3-89fe156614d9
INFO:     127.0.0.1:53094 - "POST /api/id-photo/prepare HTTP/1.1" 200 OK
[id-photo-be] prepare start requestId=c45301ce52
[id-photo] requestId=c45301ce52 step=load_image cost=0ms
[id-photo] requestId=c45301ce52 step=matting cost=10ms
[id-photo-be] faceDetector=None
[id-photo-be] faceCount=None
[id-photo-be] faceBox=None
[id-photo-be] mattingEngine=None
[id-photo-be] rembgModel=None
[id-photo-be] engine=hivision engineVersion=multi-engine-reset-20260613-local model=rmbg-1.4
[id-photo-be] foregroundPath=None
[id-photo-be] maskPath=None
[id-photo-be] cropParams=None
[id-photo-be] prepare success preparedId=a3f6f72c-94f9-4b1d-b3e1-c65a93387925
[id-photo] requestId=c45301ce52 total=5078ms success=true preparedId=a3f6f72c-94f9-4b1d-b3e1-c65a93387925
INFO:     127.0.0.1:61328 - "POST /api/id-photo/prepare HTTP/1.1" 200 OK
[id-photo-be] prepare start requestId=a294a478d7
[id-photo] requestId=a294a478d7 step=load_image cost=0ms
[id-photo] requestId=a294a478d7 step=matting cost=10ms
[id-photo-be] faceDetector=None
[id-photo-be] faceCount=None
[id-photo-be] faceBox=None
[id-photo-be] mattingEngine=None
[id-photo-be] rembgModel=None
[id-photo-be] engine=hivision engineVersion=multi-engine-reset-20260613-local model=rmbg-1.4
[id-photo-be] foregroundPath=None
[id-photo-be] maskPath=None
[id-photo-be] cropParams=None
[id-photo-be] prepare success preparedId=3d824c42-a22c-4404-84bc-b2ab02cfe605
[id-photo] requestId=a294a478d7 total=6499ms success=true preparedId=3d824c42-a22c-4404-84bc-b2ab02cfe605
INFO:     127.0.0.1:57432 - "POST /api/id-photo/prepare HTTP/1.1" 200 OK
[id-photo-be] prepare start requestId=277e241610
[id-photo] requestId=277e241610 step=load_image cost=0ms
[id-photo] requestId=277e241610 step=matting cost=10ms
[id-photo-be] faceDetector=None
[id-photo-be] faceCount=None
[id-photo-be] faceBox=None
[id-photo-be] mattingEngine=None
[id-photo-be] rembgModel=None
[id-photo-be] engine=hivision engineVersion=multi-engine-reset-20260613-local model=rmbg-1.4
[id-photo-be] foregroundPath=None
[id-photo-be] maskPath=None
[id-photo-be] cropParams=None
[id-photo-be] prepare success preparedId=6e44681c-cb7e-4b64-8a03-5cb0d4a32dcc
[id-photo] requestId=277e241610 total=5259ms success=true preparedId=6e44681c-cb7e-4b64-8a03-5cb0d4a32dcc
INFO:     127.0.0.1:50272 - "POST /api/id-photo/prepare HTTP/1.1" 200 OK
[id-photo-be] prepare start requestId=7da62af074
[id-photo] requestId=7da62af074 step=load_image cost=0ms
[id-photo] requestId=7da62af074 step=matting cost=10ms
[id-photo-be] faceDetector=None
[id-photo-be] faceCount=None
[id-photo-be] faceBox=None
[id-photo-be] mattingEngine=None
[id-photo-be] rembgModel=None
[id-photo-be] engine=hivision engineVersion=multi-engine-reset-20260613-local model=rmbg-1.4
[id-photo-be] foregroundPath=None
[id-photo-be] maskPath=None
[id-photo-be] cropParams=None
[id-photo-be] prepare success preparedId=6b747892-3af5-492d-9b23-921879d22210
[id-photo] requestId=7da62af074 total=4956ms success=true preparedId=6b747892-3af5-492d-9b23-921879d22210
INFO:     127.0.0.1:52548 - "POST /api/id-photo/prepare HTTP/1.1" 200 OK
[id-photo-be] prepare start requestId=ae844f6cac
[id-photo] requestId=ae844f6cac step=load_image cost=0ms
[id-photo] requestId=ae844f6cac step=matting cost=10ms
[id-photo-be] faceDetector=None
[id-photo-be] faceCount=None
[id-photo-be] faceBox=None
[id-photo-be] mattingEngine=None
[id-photo-be] rembgModel=None
[id-photo-be] engine=hivision engineVersion=multi-engine-reset-20260613-local model=rmbg-1.4
[id-photo-be] foregroundPath=None
[id-photo-be] maskPath=None
[id-photo-be] cropParams=None
[id-photo-be] prepare success preparedId=b86eb94d-71ca-4229-aed5-fff793cf7735
[id-photo] requestId=ae844f6cac total=6155ms success=true preparedId=b86eb94d-71ca-4229-aed5-fff793cf7735
INFO:     127.0.0.1:59231 - "POST /api/id-photo/prepare HTTP/1.1" 200 OK
[id-photo-be] prepare start requestId=cc21542e63
[id-photo] requestId=cc21542e63 step=load_image cost=0ms
INFO:     127.0.0.1:65264 - "POST /api/id-photo/prepare HTTP/1.1" 400 Bad Request
[id-photo-be] prepare start requestId=231f4cb66e
[id-photo] requestId=231f4cb66e step=load_image cost=0ms
[id-photo] requestId=231f4cb66e step=matting cost=10ms
[id-photo-be] faceDetector=None
[id-photo-be] faceCount=None
[id-photo-be] faceBox=None
[id-photo-be] mattingEngine=None
[id-photo-be] rembgModel=None
[id-photo-be] engine=hivision engineVersion=multi-engine-reset-20260613-local model=rmbg-1.4
[id-photo-be] foregroundPath=None
[id-photo-be] maskPath=None
[id-photo-be] cropParams=None
[id-photo-be] prepare success preparedId=9dc55305-9b29-45e5-896b-9904d31322bf
[id-photo] requestId=231f4cb66e total=6226ms success=true preparedId=9dc55305-9b29-45e5-896b-9904d31322bf
INFO:     127.0.0.1:54582 - "POST /api/id-photo/prepare HTTP/1.1" 200 OK
[id-photo-be] prepare start requestId=23cf6dda91
[id-photo] requestId=23cf6dda91 step=load_image cost=0ms
[id-photo] requestId=23cf6dda91 step=matting cost=10ms
[id-photo-be] faceDetector=None
[id-photo-be] faceCount=None
[id-photo-be] faceBox=None
[id-photo-be] mattingEngine=None
[id-photo-be] rembgModel=None
[id-photo-be] engine=hivision engineVersion=multi-engine-reset-20260613-local model=rmbg-1.4
[id-photo-be] foregroundPath=None
[id-photo-be] maskPath=None
[id-photo-be] cropParams=None
[id-photo-be] prepare success preparedId=136b1d82-f345-4613-9636-2796c6493239
[id-photo] requestId=23cf6dda91 total=5010ms success=true preparedId=136b1d82-f345-4613-9636-2796c6493239
INFO:     127.0.0.1:55328 - "POST /api/id-photo/prepare HTTP/1.1" 200 OK
[id-photo-be] prepare start requestId=cccdca645a
[id-photo] requestId=cccdca645a step=load_image cost=0ms
[id-photo] requestId=cccdca645a step=matting cost=10ms
[id-photo-be] faceDetector=None
[id-photo-be] faceCount=None
[id-photo-be] faceBox=None
[id-photo-be] mattingEngine=None
[id-photo-be] rembgModel=None
[id-photo-be] engine=hivision engineVersion=multi-engine-reset-20260613-local model=rmbg-1.4
[id-photo-be] foregroundPath=None
[id-photo-be] maskPath=None
[id-photo-be] cropParams=None
[id-photo-be] prepare success preparedId=c6e766b4-cfe6-4d88-b1ca-3301320cb72c
[id-photo] requestId=cccdca645a total=4950ms success=true preparedId=c6e766b4-cfe6-4d88-b1ca-3301320cb72c
INFO:     127.0.0.1:52253 - "POST /api/id-photo/prepare HTTP/1.1" 200 OK
[id-photo-be] prepare start requestId=ec123ee2cc
[id-photo] requestId=ec123ee2cc step=load_image cost=0ms
INFO:     127.0.0.1:61110 - "POST /api/id-photo/prepare HTTP/1.1" 400 Bad Request
[id-photo-be] prepare start requestId=6090a6b148
[id-photo] requestId=6090a6b148 step=load_image cost=0ms
[id-photo] requestId=6090a6b148 step=matting cost=10ms
[id-photo-be] faceDetector=None
[id-photo-be] faceCount=None
[id-photo-be] faceBox=None
[id-photo-be] mattingEngine=None
[id-photo-be] rembgModel=None
[id-photo-be] engine=hivision engineVersion=multi-engine-reset-20260613-local model=rmbg-1.4
[id-photo-be] foregroundPath=None
[id-photo-be] maskPath=None
[id-photo-be] cropParams=None
[id-photo-be] prepare success preparedId=7fb88c3d-cf11-41e0-a257-312d189be61d
[id-photo] requestId=6090a6b148 total=4540ms success=true preparedId=7fb88c3d-cf11-41e0-a257-312d189be61d
INFO:     127.0.0.1:50568 - "POST /api/id-photo/prepare HTTP/1.1" 200 OK
[id-photo-be] prepare start requestId=583c87de3d
[id-photo] requestId=583c87de3d step=load_image cost=0ms
[id-photo] requestId=583c87de3d step=matting cost=10ms
[id-photo-be] faceDetector=None
[id-photo-be] faceCount=None
[id-photo-be] faceBox=None
[id-photo-be] mattingEngine=None
[id-photo-be] rembgModel=None
[id-photo-be] engine=hivision engineVersion=multi-engine-reset-20260613-local model=rmbg-1.4
[id-photo-be] foregroundPath=None
[id-photo-be] maskPath=None
[id-photo-be] cropParams=None
[id-photo-be] prepare success preparedId=12ada4ff-19f8-4b4e-a728-864902bd2b67
[id-photo] requestId=583c87de3d total=6834ms success=true preparedId=12ada4ff-19f8-4b4e-a728-864902bd2b67
INFO:     127.0.0.1:52940 - "POST /api/id-photo/prepare HTTP/1.1" 200 OK
[id-photo-be] prepare start requestId=34c6e2c4c9
[id-photo] requestId=34c6e2c4c9 step=load_image cost=0ms
[id-photo] requestId=34c6e2c4c9 step=matting cost=10ms
[id-photo-be] faceDetector=None
[id-photo-be] faceCount=None
[id-photo-be] faceBox=None
[id-photo-be] mattingEngine=None
[id-photo-be] rembgModel=None
[id-photo-be] engine=hivision engineVersion=multi-engine-reset-20260613-local model=rmbg-1.4
[id-photo-be] foregroundPath=None
[id-photo-be] maskPath=None
[id-photo-be] cropParams=None
[id-photo-be] prepare success preparedId=ece6e3a4-41bc-4db8-9981-6c5413ffaea3
[id-photo] requestId=34c6e2c4c9 total=5514ms success=true preparedId=ece6e3a4-41bc-4db8-9981-6c5413ffaea3
INFO:     127.0.0.1:53183 - "POST /api/id-photo/prepare HTTP/1.1" 200 OK
[id-photo-be] prepare start requestId=36311923ed
[id-photo] requestId=36311923ed step=load_image cost=0ms
[id-photo] requestId=36311923ed step=matting cost=10ms
[id-photo-be] faceDetector=None
[id-photo-be] faceCount=None
[id-photo-be] faceBox=None
[id-photo-be] mattingEngine=None
[id-photo-be] rembgModel=None
[id-photo-be] engine=hivision engineVersion=multi-engine-reset-20260613-local model=rmbg-1.4
[id-photo-be] foregroundPath=None
[id-photo-be] maskPath=None
[id-photo-be] cropParams=None
[id-photo-be] prepare success preparedId=221d6910-ed49-46ad-a869-57c992777419
[id-photo] requestId=36311923ed total=6874ms success=true preparedId=221d6910-ed49-46ad-a869-57c992777419
INFO:     127.0.0.1:61401 - "POST /api/id-photo/prepare HTTP/1.1" 200 OK
[id-photo-be] prepare start requestId=2a22965c25
[id-photo] requestId=2a22965c25 step=load_image cost=0ms
[id-photo] requestId=2a22965c25 step=matting cost=10ms
[id-photo-be] faceDetector=None
[id-photo-be] faceCount=None
[id-photo-be] faceBox=None
[id-photo-be] mattingEngine=None
[id-photo-be] rembgModel=None
[id-photo-be] engine=hivision engineVersion=multi-engine-reset-20260613-local model=rmbg-1.4
[id-photo-be] foregroundPath=None
[id-photo-be] maskPath=None
[id-photo-be] cropParams=None
[id-photo-be] prepare success preparedId=04090fd7-9464-4867-9cf0-d5dc0698e81d
[id-photo] requestId=2a22965c25 total=6220ms success=true preparedId=04090fd7-9464-4867-9cf0-d5dc0698e81d
INFO:     127.0.0.1:52766 - "POST /api/id-photo/prepare HTTP/1.1" 200 OK
[id-photo-be] prepare start requestId=48499d3b04
[id-photo] requestId=48499d3b04 step=load_image cost=0ms
[id-photo] requestId=48499d3b04 step=matting cost=10ms
[id-photo-be] faceDetector=None
[id-photo-be] faceCount=None
[id-photo-be] faceBox=None
[id-photo-be] mattingEngine=None
[id-photo-be] rembgModel=None
[id-photo-be] engine=hivision engineVersion=multi-engine-reset-20260613-local model=rmbg-1.4
[id-photo-be] foregroundPath=None
[id-photo-be] maskPath=None
[id-photo-be] cropParams=None
[id-photo-be] prepare success preparedId=dce0af09-d1e8-4232-af68-8087e10b21c0
[id-photo] requestId=48499d3b04 total=16172ms success=true preparedId=dce0af09-d1e8-4232-af68-8087e10b21c0
INFO:     127.0.0.1:50511 - "POST /api/id-photo/prepare HTTP/1.1" 200 OK
[id-photo-be] prepare start requestId=f4cf895e1e
[id-photo] requestId=f4cf895e1e step=load_image cost=0ms
[id-photo] requestId=f4cf895e1e step=matting cost=10ms
[id-photo-be] faceDetector=None
[id-photo-be] faceCount=None
[id-photo-be] faceBox=None
[id-photo-be] mattingEngine=None
[id-photo-be] rembgModel=None
[id-photo-be] engine=hivision engineVersion=multi-engine-reset-20260613-local model=rmbg-1.4
[id-photo-be] foregroundPath=None
[id-photo-be] maskPath=None
[id-photo-be] cropParams=None
[id-photo-be] prepare success preparedId=f85e92de-7732-4e6c-861a-e46e8241c8bc
[id-photo] requestId=f4cf895e1e total=7061ms success=true preparedId=f85e92de-7732-4e6c-861a-e46e8241c8bc
INFO:     127.0.0.1:64151 - "POST /api/id-photo/prepare HTTP/1.1" 200 OK
[id-photo-be] prepare start requestId=3d7cb4716e
[id-photo] requestId=3d7cb4716e step=load_image cost=0ms
[id-photo] requestId=3d7cb4716e step=matting cost=10ms
[id-photo-be] faceDetector=None
[id-photo-be] faceCount=None
[id-photo-be] faceBox=None
[id-photo-be] mattingEngine=None
[id-photo-be] rembgModel=None
[id-photo-be] engine=hivision engineVersion=multi-engine-reset-20260613-local model=rmbg-1.4
[id-photo-be] foregroundPath=None
[id-photo-be] maskPath=None
[id-photo-be] cropParams=None
[id-photo-be] prepare success preparedId=a5a4ea55-c615-4f3a-9247-9ba0ddf5760e
[id-photo] requestId=3d7cb4716e total=4846ms success=true preparedId=a5a4ea55-c615-4f3a-9247-9ba0ddf5760e
INFO:     127.0.0.1:54434 - "POST /api/id-photo/prepare HTTP/1.1" 200 OK
[id-photo-be] prepare start requestId=f7784bb9f9
[id-photo] requestId=f7784bb9f9 step=load_image cost=0ms
[id-photo] requestId=f7784bb9f9 step=matting cost=10ms
[id-photo-be] faceDetector=None
[id-photo-be] faceCount=None
[id-photo-be] faceBox=None
[id-photo-be] mattingEngine=None
[id-photo-be] rembgModel=None
[id-photo-be] engine=hivision engineVersion=multi-engine-reset-20260613-local model=rmbg-1.4
[id-photo-be] foregroundPath=None
[id-photo-be] maskPath=None
[id-photo-be] cropParams=None
[id-photo-be] prepare success preparedId=af057fa4-3166-492f-bf7a-50267e2cdde2
[id-photo] requestId=f7784bb9f9 total=4608ms success=true preparedId=af057fa4-3166-492f-bf7a-50267e2cdde2
INFO:     127.0.0.1:57081 - "POST /api/id-photo/prepare HTTP/1.1" 200 OK
[id-photo-be] prepare start requestId=73a13fea1d
[id-photo] requestId=73a13fea1d step=load_image cost=0ms
[id-photo] requestId=73a13fea1d step=matting cost=10ms
[id-photo-be] faceDetector=None
[id-photo-be] faceCount=None
[id-photo-be] faceBox=None
[id-photo-be] mattingEngine=None
[id-photo-be] rembgModel=None
[id-photo-be] engine=hivision engineVersion=multi-engine-reset-20260613-local model=rmbg-1.4
[id-photo-be] foregroundPath=None
[id-photo-be] maskPath=None
[id-photo-be] cropParams=None
[id-photo-be] prepare success preparedId=7f6cdaca-f2cc-4ea8-b5e1-f5aaebef6cf4
[id-photo] requestId=73a13fea1d total=4937ms success=true preparedId=7f6cdaca-f2cc-4ea8-b5e1-f5aaebef6cf4
INFO:     127.0.0.1:55858 - "POST /api/id-photo/prepare HTTP/1.1" 200 OK
[id-photo-be] prepare start requestId=d0ac6935f0
[id-photo] requestId=d0ac6935f0 step=load_image cost=0ms
[id-photo] requestId=d0ac6935f0 step=matting cost=10ms
[id-photo-be] faceDetector=None
[id-photo-be] faceCount=None
[id-photo-be] faceBox=None
[id-photo-be] mattingEngine=None
[id-photo-be] rembgModel=None
[id-photo-be] engine=hivision engineVersion=multi-engine-reset-20260613-local model=rmbg-1.4
[id-photo-be] foregroundPath=None
[id-photo-be] maskPath=None
[id-photo-be] cropParams=None
[id-photo-be] prepare success preparedId=2b1fbe65-8cac-4f59-b217-7e22efbca712
[id-photo] requestId=d0ac6935f0 total=5420ms success=true preparedId=2b1fbe65-8cac-4f59-b217-7e22efbca712
INFO:     127.0.0.1:57208 - "POST /api/id-photo/prepare HTTP/1.1" 200 OK
[id-photo-be] prepare start requestId=570415489a
[id-photo] requestId=570415489a step=load_image cost=0ms
[id-photo] requestId=570415489a step=matting cost=10ms
[id-photo-be] faceDetector=None
[id-photo-be] faceCount=None
[id-photo-be] faceBox=None
[id-photo-be] mattingEngine=None
[id-photo-be] rembgModel=None
[id-photo-be] engine=hivision engineVersion=multi-engine-reset-20260613-local model=rmbg-1.4
[id-photo-be] foregroundPath=None
[id-photo-be] maskPath=None
[id-photo-be] cropParams=None
[id-photo-be] prepare success preparedId=47390207-9119-4d60-a00e-e73304da5aaf
[id-photo] requestId=570415489a total=4663ms success=true preparedId=47390207-9119-4d60-a00e-e73304da5aaf
INFO:     127.0.0.1:52519 - "POST /api/id-photo/prepare HTTP/1.1" 200 OK
[id-photo-be] prepare start requestId=f4462fa436
[id-photo] requestId=f4462fa436 step=load_image cost=0ms
[id-photo] requestId=f4462fa436 step=matting cost=10ms
[id-photo-be] faceDetector=None
[id-photo-be] faceCount=None
[id-photo-be] faceBox=None
[id-photo-be] mattingEngine=None
[id-photo-be] rembgModel=None
[id-photo-be] engine=hivision engineVersion=multi-engine-reset-20260613-local model=rmbg-1.4
[id-photo-be] foregroundPath=None
[id-photo-be] maskPath=None
[id-photo-be] cropParams=None
[id-photo-be] prepare success preparedId=eaa41cdd-dfba-4f4d-ba6e-add6f9b06329
[id-photo] requestId=f4462fa436 total=5014ms success=true preparedId=eaa41cdd-dfba-4f4d-ba6e-add6f9b06329
INFO:     127.0.0.1:62177 - "POST /api/id-photo/prepare HTTP/1.1" 200 OK
[id-photo-be] prepare start requestId=b831f50a43
[id-photo] requestId=b831f50a43 step=load_image cost=0ms
[id-photo] requestId=b831f50a43 step=matting cost=10ms
[id-photo-be] faceDetector=None
[id-photo-be] faceCount=None
[id-photo-be] faceBox=None
[id-photo-be] mattingEngine=None
[id-photo-be] rembgModel=None
[id-photo-be] engine=hivision engineVersion=multi-engine-reset-20260613-local model=rmbg-1.4
[id-photo-be] foregroundPath=None
[id-photo-be] maskPath=None
[id-photo-be] cropParams=None
[id-photo-be] prepare success preparedId=59f71abf-f0e0-4e64-8307-68b679bfa056
[id-photo] requestId=b831f50a43 total=5072ms success=true preparedId=59f71abf-f0e0-4e64-8307-68b679bfa056
INFO:     127.0.0.1:50514 - "POST /api/id-photo/prepare HTTP/1.1" 200 OK
[id-photo-be] prepare start requestId=7c1cf2e0e5
[id-photo] requestId=7c1cf2e0e5 step=load_image cost=0ms
[id-photo] requestId=7c1cf2e0e5 step=matting cost=10ms
[id-photo-be] faceDetector=None
[id-photo-be] faceCount=None
[id-photo-be] faceBox=None
[id-photo-be] mattingEngine=None
[id-photo-be] rembgModel=None
[id-photo-be] engine=hivision engineVersion=multi-engine-reset-20260613-local model=rmbg-1.4
[id-photo-be] foregroundPath=None
[id-photo-be] maskPath=None
[id-photo-be] cropParams=None
[id-photo-be] prepare success preparedId=9b19b94e-af7d-42c6-99cc-28efad569f88
[id-photo] requestId=7c1cf2e0e5 total=4884ms success=true preparedId=9b19b94e-af7d-42c6-99cc-28efad569f88
INFO:     127.0.0.1:60106 - "POST /api/id-photo/prepare HTTP/1.1" 200 OK
[id-photo-be] prepare start requestId=af85b98786
[id-photo] requestId=af85b98786 step=load_image cost=0ms
[id-photo] requestId=af85b98786 step=matting cost=10ms
[id-photo-be] faceDetector=None
[id-photo-be] faceCount=None
[id-photo-be] faceBox=None
[id-photo-be] mattingEngine=None
[id-photo-be] rembgModel=None
[id-photo-be] engine=hivision engineVersion=multi-engine-reset-20260613-local model=rmbg-1.4
[id-photo-be] foregroundPath=None
[id-photo-be] maskPath=None
[id-photo-be] cropParams=None
[id-photo-be] prepare success preparedId=ad1da479-d921-4dc4-8b55-73570a8bee16
[id-photo] requestId=af85b98786 total=4687ms success=true preparedId=ad1da479-d921-4dc4-8b55-73570a8bee16
INFO:     127.0.0.1:57848 - "POST /api/id-photo/prepare HTTP/1.1" 200 OK
[id-photo-be] prepare start requestId=89873223f5
[id-photo] requestId=89873223f5 step=load_image cost=0ms
[id-photo] requestId=89873223f5 step=matting cost=10ms
[id-photo-be] faceDetector=None
[id-photo-be] faceCount=None
[id-photo-be] faceBox=None
[id-photo-be] mattingEngine=None
[id-photo-be] rembgModel=None
[id-photo-be] engine=hivision engineVersion=multi-engine-reset-20260613-local model=rmbg-1.4
[id-photo-be] foregroundPath=None
[id-photo-be] maskPath=None
[id-photo-be] cropParams=None
[id-photo-be] prepare success preparedId=819e1d4f-7aa3-4645-aaae-7cc8ce42ed80
[id-photo] requestId=89873223f5 total=4866ms success=true preparedId=819e1d4f-7aa3-4645-aaae-7cc8ce42ed80
INFO:     127.0.0.1:51342 - "POST /api/id-photo/prepare HTTP/1.1" 200 OK
[id-photo-be] prepare start requestId=9425726ff9
[id-photo] requestId=9425726ff9 step=load_image cost=0ms
INFO:     127.0.0.1:63330 - "POST /api/id-photo/prepare HTTP/1.1" 400 Bad Request
[id-photo-be] prepare start requestId=d37022fa35
[id-photo] requestId=d37022fa35 step=load_image cost=0ms
[id-photo] requestId=d37022fa35 step=matting cost=10ms
[id-photo-be] faceDetector=None
[id-photo-be] faceCount=None
[id-photo-be] faceBox=None
[id-photo-be] mattingEngine=None
[id-photo-be] rembgModel=None
[id-photo-be] engine=hivision engineVersion=multi-engine-reset-20260613-local model=rmbg-1.4
[id-photo-be] foregroundPath=None
[id-photo-be] maskPath=None
[id-photo-be] cropParams=None
[id-photo-be] prepare success preparedId=a11074da-ff34-49d5-8c56-10a766c3d003
[id-photo] requestId=d37022fa35 total=4627ms success=true preparedId=a11074da-ff34-49d5-8c56-10a766c3d003
INFO:     127.0.0.1:60180 - "POST /api/id-photo/prepare HTTP/1.1" 200 OK
[id-photo-be] prepare start requestId=3da771d6d8
[id-photo] requestId=3da771d6d8 step=load_image cost=0ms
[id-photo] requestId=3da771d6d8 step=matting cost=10ms
[id-photo-be] faceDetector=None
[id-photo-be] faceCount=None
[id-photo-be] faceBox=None
[id-photo-be] mattingEngine=None
[id-photo-be] rembgModel=None
[id-photo-be] engine=hivision engineVersion=multi-engine-reset-20260613-local model=rmbg-1.4
[id-photo-be] foregroundPath=None
[id-photo-be] maskPath=None
[id-photo-be] cropParams=None
[id-photo-be] prepare success preparedId=785c4aea-416d-42ed-a0d6-99fbd7166583
[id-photo] requestId=3da771d6d8 total=4593ms success=true preparedId=785c4aea-416d-42ed-a0d6-99fbd7166583
INFO:     127.0.0.1:56285 - "POST /api/id-photo/prepare HTTP/1.1" 200 OK
[id-photo-be] prepare start requestId=414f361d22
[id-photo] requestId=414f361d22 step=load_image cost=0ms
[id-photo] requestId=414f361d22 step=matting cost=10ms
[id-photo-be] faceDetector=None
[id-photo-be] faceCount=None
[id-photo-be] faceBox=None
[id-photo-be] mattingEngine=None
[id-photo-be] rembgModel=None
[id-photo-be] engine=hivision engineVersion=multi-engine-reset-20260613-local model=rmbg-1.4
[id-photo-be] foregroundPath=None
[id-photo-be] maskPath=None
[id-photo-be] cropParams=None
[id-photo-be] prepare success preparedId=84d97453-91a9-4082-986f-130e4d6b04f0
[id-photo] requestId=414f361d22 total=6623ms success=true preparedId=84d97453-91a9-4082-986f-130e4d6b04f0
INFO:     127.0.0.1:60170 - "POST /api/id-photo/prepare HTTP/1.1" 200 OK
[id-photo-be] prepare start requestId=fc768da273
[id-photo] requestId=fc768da273 step=load_image cost=0ms
INFO:     127.0.0.1:53528 - "POST /api/id-photo/prepare HTTP/1.1" 400 Bad Request
[id-photo-be] prepare start requestId=f29db97804
[id-photo] requestId=f29db97804 step=load_image cost=0ms
[id-photo] requestId=f29db97804 step=matting cost=10ms
[id-photo-be] faceDetector=None
[id-photo-be] faceCount=None
[id-photo-be] faceBox=None
[id-photo-be] mattingEngine=None
[id-photo-be] rembgModel=None
[id-photo-be] engine=hivision engineVersion=multi-engine-reset-20260613-local model=rmbg-1.4
[id-photo-be] foregroundPath=None
[id-photo-be] maskPath=None
[id-photo-be] cropParams=None
[id-photo-be] prepare success preparedId=0278a35f-1d77-4b13-b1ba-0e7d29b4f093
[id-photo] requestId=f29db97804 total=4834ms success=true preparedId=0278a35f-1d77-4b13-b1ba-0e7d29b4f093
INFO:     127.0.0.1:52525 - "POST /api/id-photo/prepare HTTP/1.1" 200 OK
[id-photo-be] prepare start requestId=b9a2b2c9c5
[id-photo] requestId=b9a2b2c9c5 step=load_image cost=0ms
[id-photo] requestId=b9a2b2c9c5 step=matting cost=10ms
[id-photo-be] faceDetector=None
[id-photo-be] faceCount=None
[id-photo-be] faceBox=None
[id-photo-be] mattingEngine=None
[id-photo-be] rembgModel=None
[id-photo-be] engine=hivision engineVersion=multi-engine-reset-20260613-local model=rmbg-1.4
[id-photo-be] foregroundPath=None
[id-photo-be] maskPath=None
[id-photo-be] cropParams=None
[id-photo-be] prepare success preparedId=b018112c-5a96-4b96-bc8d-6fd82ee6dd54
[id-photo] requestId=b9a2b2c9c5 total=4518ms success=true preparedId=b018112c-5a96-4b96-bc8d-6fd82ee6dd54
INFO:     127.0.0.1:57798 - "POST /api/id-photo/prepare HTTP/1.1" 200 OK
[id-photo-be] prepare start requestId=77a79cca6d
[id-photo] requestId=77a79cca6d step=load_image cost=0ms
[id-photo] requestId=77a79cca6d step=matting cost=10ms
[id-photo-be] faceDetector=None
[id-photo-be] faceCount=None
[id-photo-be] faceBox=None
[id-photo-be] mattingEngine=None
[id-photo-be] rembgModel=None
[id-photo-be] engine=hivision engineVersion=multi-engine-reset-20260613-local model=rmbg-1.4
[id-photo-be] foregroundPath=None
[id-photo-be] maskPath=None
[id-photo-be] cropParams=None
[id-photo-be] prepare success preparedId=732051b0-9657-47f0-929b-f14c80995f80
[id-photo] requestId=77a79cca6d total=6324ms success=true preparedId=732051b0-9657-47f0-929b-f14c80995f80
INFO:     127.0.0.1:62396 - "POST /api/id-photo/prepare HTTP/1.1" 200 OK
[id-photo-be] prepare start requestId=653e7b8991
[id-photo] requestId=653e7b8991 step=load_image cost=0ms
[id-photo] requestId=653e7b8991 step=matting cost=10ms
[id-photo-be] faceDetector=None
[id-photo-be] faceCount=None
[id-photo-be] faceBox=None
[id-photo-be] mattingEngine=None
[id-photo-be] rembgModel=None
[id-photo-be] engine=hivision engineVersion=multi-engine-reset-20260613-local model=rmbg-1.4
[id-photo-be] foregroundPath=None
[id-photo-be] maskPath=None
[id-photo-be] cropParams=None
[id-photo-be] prepare success preparedId=3a5b39d0-4604-417d-9450-06bb6e87b9e6
[id-photo] requestId=653e7b8991 total=4884ms success=true preparedId=3a5b39d0-4604-417d-9450-06bb6e87b9e6
INFO:     127.0.0.1:63391 - "POST /api/id-photo/prepare HTTP/1.1" 200 OK
[id-photo-be] prepare start requestId=e9c8960d64
[id-photo] requestId=e9c8960d64 step=load_image cost=0ms
[id-photo] requestId=e9c8960d64 step=matting cost=10ms
[id-photo-be] faceDetector=None
[id-photo-be] faceCount=None
[id-photo-be] faceBox=None
[id-photo-be] mattingEngine=None
[id-photo-be] rembgModel=None
[id-photo-be] engine=hivision engineVersion=multi-engine-reset-20260613-local model=rmbg-1.4
[id-photo-be] foregroundPath=None
[id-photo-be] maskPath=None
[id-photo-be] cropParams=None
[id-photo-be] prepare success preparedId=4ae80f10-a77f-46ac-83cd-97f3df1d94a8
[id-photo] requestId=e9c8960d64 total=6399ms success=true preparedId=4ae80f10-a77f-46ac-83cd-97f3df1d94a8
INFO:     127.0.0.1:53905 - "POST /api/id-photo/prepare HTTP/1.1" 200 OK
[id-photo-be] prepare start requestId=27df2648b7
[id-photo] requestId=27df2648b7 step=load_image cost=0ms
[id-photo] requestId=27df2648b7 step=matting cost=10ms
[id-photo-be] faceDetector=None
[id-photo-be] faceCount=None
[id-photo-be] faceBox=None
[id-photo-be] mattingEngine=None
[id-photo-be] rembgModel=None
[id-photo-be] engine=hivision engineVersion=multi-engine-reset-20260613-local model=rmbg-1.4
[id-photo-be] foregroundPath=None
[id-photo-be] maskPath=None
[id-photo-be] cropParams=None
[id-photo-be] prepare success preparedId=2408f955-c2e6-4e88-a324-abf79276839d
[id-photo] requestId=27df2648b7 total=24480ms success=true preparedId=2408f955-c2e6-4e88-a324-abf79276839d
INFO:     127.0.0.1:51066 - "POST /api/id-photo/prepare HTTP/1.1" 200 OK
[id-photo-be] prepare start requestId=c9fa7a1f33
[id-photo] requestId=c9fa7a1f33 step=load_image cost=0ms
[id-photo] requestId=c9fa7a1f33 step=matting cost=10ms
[id-photo-be] faceDetector=None
[id-photo-be] faceCount=None
[id-photo-be] faceBox=None
[id-photo-be] mattingEngine=None
[id-photo-be] rembgModel=None
[id-photo-be] engine=hivision engineVersion=multi-engine-reset-20260613-local model=rmbg-1.4
[id-photo-be] foregroundPath=None
[id-photo-be] maskPath=None
[id-photo-be] cropParams=None
[id-photo-be] prepare success preparedId=d8aeef86-56b1-422d-b7e8-f708cb799d9a
[id-photo] requestId=c9fa7a1f33 total=4518ms success=true preparedId=d8aeef86-56b1-422d-b7e8-f708cb799d9a
INFO:     127.0.0.1:59644 - "POST /api/id-photo/prepare HTTP/1.1" 200 OK
[id-photo-be] prepare start requestId=ca250d11c3
[id-photo] requestId=ca250d11c3 step=load_image cost=0ms
[id-photo] requestId=ca250d11c3 step=matting cost=10ms
[id-photo-be] faceDetector=None
[id-photo-be] faceCount=None
[id-photo-be] faceBox=None
[id-photo-be] mattingEngine=None
[id-photo-be] rembgModel=None
[id-photo-be] engine=hivision engineVersion=multi-engine-reset-20260613-local model=rmbg-1.4
[id-photo-be] foregroundPath=None
[id-photo-be] maskPath=None
[id-photo-be] cropParams=None
[id-photo-be] prepare success preparedId=034a8124-e0e5-444c-ba25-1c2d888cded6
[id-photo] requestId=ca250d11c3 total=5004ms success=true preparedId=034a8124-e0e5-444c-ba25-1c2d888cded6
INFO:     127.0.0.1:65111 - "POST /api/id-photo/prepare HTTP/1.1" 200 OK
[id-photo-be] prepare start requestId=f51f89dcd0
[id-photo] requestId=f51f89dcd0 step=load_image cost=0ms
INFO:     127.0.0.1:49682 - "POST /api/id-photo/prepare HTTP/1.1" 400 Bad Request
[id-photo-be] prepare start requestId=e806be4ec1
[id-photo] requestId=e806be4ec1 step=load_image cost=0ms
[id-photo] requestId=e806be4ec1 step=matting cost=10ms
[id-photo-be] faceDetector=None
[id-photo-be] faceCount=None
[id-photo-be] faceBox=None
[id-photo-be] mattingEngine=None
[id-photo-be] rembgModel=None
[id-photo-be] engine=hivision engineVersion=multi-engine-reset-20260613-local model=rmbg-1.4
[id-photo-be] foregroundPath=None
[id-photo-be] maskPath=None
[id-photo-be] cropParams=None
[id-photo-be] prepare success preparedId=8c1aa485-b411-4afe-8fa3-7d8d479e2f34
[id-photo] requestId=e806be4ec1 total=4505ms success=true preparedId=8c1aa485-b411-4afe-8fa3-7d8d479e2f34
INFO:     127.0.0.1:63495 - "POST /api/id-photo/prepare HTTP/1.1" 200 OK
[id-photo-be] prepare start requestId=b823b603ef
[id-photo] requestId=b823b603ef step=load_image cost=0ms
[id-photo] requestId=b823b603ef step=matting cost=10ms
[id-photo-be] faceDetector=None
[id-photo-be] faceCount=None
[id-photo-be] faceBox=None
[id-photo-be] mattingEngine=None
[id-photo-be] rembgModel=None
[id-photo-be] engine=hivision engineVersion=multi-engine-reset-20260613-local model=rmbg-1.4
[id-photo-be] foregroundPath=None
[id-photo-be] maskPath=None
[id-photo-be] cropParams=None
[id-photo-be] prepare success preparedId=ebbdb827-742f-4f23-8cff-cbb18858a459
[id-photo] requestId=b823b603ef total=5315ms success=true preparedId=ebbdb827-742f-4f23-8cff-cbb18858a459
INFO:     127.0.0.1:65134 - "POST /api/id-photo/prepare HTTP/1.1" 200 OK
[id-photo-be] prepare start requestId=d7223f8c3a
[id-photo] requestId=d7223f8c3a step=load_image cost=0ms
[id-photo] requestId=d7223f8c3a step=matting cost=10ms
[id-photo-be] faceDetector=None
[id-photo-be] faceCount=None
[id-photo-be] faceBox=None
[id-photo-be] mattingEngine=None
[id-photo-be] rembgModel=None
[id-photo-be] engine=hivision engineVersion=multi-engine-reset-20260613-local model=rmbg-1.4
[id-photo-be] foregroundPath=None
[id-photo-be] maskPath=None
[id-photo-be] cropParams=None
[id-photo-be] prepare success preparedId=7e357771-0f65-4deb-9b83-5dc18d853917
[id-photo] requestId=d7223f8c3a total=5613ms success=true preparedId=7e357771-0f65-4deb-9b83-5dc18d853917
INFO:     127.0.0.1:55538 - "POST /api/id-photo/prepare HTTP/1.1" 200 OK
[id-photo-be] prepare start requestId=ea67b3b318
[id-photo] requestId=ea67b3b318 step=load_image cost=0ms
[id-photo] requestId=ea67b3b318 step=matting cost=10ms
[id-photo-be] faceDetector=None
[id-photo-be] faceCount=None
[id-photo-be] faceBox=None
[id-photo-be] mattingEngine=None
[id-photo-be] rembgModel=None
[id-photo-be] engine=hivision engineVersion=multi-engine-reset-20260613-local model=rmbg-1.4
[id-photo-be] foregroundPath=None
[id-photo-be] maskPath=None
[id-photo-be] cropParams=None
[id-photo-be] prepare success preparedId=2bcaea65-0c37-40e3-b558-d27f19c91738
[id-photo] requestId=ea67b3b318 total=4751ms success=true preparedId=2bcaea65-0c37-40e3-b558-d27f19c91738
INFO:     127.0.0.1:55553 - "POST /api/id-photo/prepare HTTP/1.1" 200 OK
[id-photo-be] prepare start requestId=0f492adedc
[id-photo] requestId=0f492adedc step=load_image cost=0ms
[id-photo] requestId=0f492adedc step=matting cost=10ms
[id-photo-be] faceDetector=None
[id-photo-be] faceCount=None
[id-photo-be] faceBox=None
[id-photo-be] mattingEngine=None
[id-photo-be] rembgModel=None
[id-photo-be] engine=hivision engineVersion=multi-engine-reset-20260613-local model=rmbg-1.4
[id-photo-be] foregroundPath=None
[id-photo-be] maskPath=None
[id-photo-be] cropParams=None
[id-photo-be] prepare success preparedId=06f02a8c-5dfa-4d09-9b68-f1c24923fd15
[id-photo] requestId=0f492adedc total=4655ms success=true preparedId=06f02a8c-5dfa-4d09-9b68-f1c24923fd15
INFO:     127.0.0.1:65267 - "POST /api/id-photo/prepare HTTP/1.1" 200 OK
[id-photo-be] prepare start requestId=37fe270da2
[id-photo] requestId=37fe270da2 step=load_image cost=0ms
INFO:     127.0.0.1:61275 - "POST /api/id-photo/prepare HTTP/1.1" 400 Bad Request
[id-photo-be] prepare start requestId=c821675816
[id-photo] requestId=c821675816 step=load_image cost=0ms
[id-photo] requestId=c821675816 step=matting cost=10ms
[id-photo-be] faceDetector=None
[id-photo-be] faceCount=None
[id-photo-be] faceBox=None
[id-photo-be] mattingEngine=None
[id-photo-be] rembgModel=None
[id-photo-be] engine=hivision engineVersion=multi-engine-reset-20260613-local model=rmbg-1.4
[id-photo-be] foregroundPath=None
[id-photo-be] maskPath=None
[id-photo-be] cropParams=None
[id-photo-be] prepare success preparedId=2039296d-3e3a-42f8-8f4d-33100be89c1c
[id-photo] requestId=c821675816 total=4488ms success=true preparedId=2039296d-3e3a-42f8-8f4d-33100be89c1c
INFO:     127.0.0.1:55569 - "POST /api/id-photo/prepare HTTP/1.1" 200 OK
[id-photo-be] prepare start requestId=133af5344c
[id-photo] requestId=133af5344c step=load_image cost=0ms
[id-photo] requestId=133af5344c step=matting cost=10ms
[id-photo-be] faceDetector=None
[id-photo-be] faceCount=None
[id-photo-be] faceBox=None
[id-photo-be] mattingEngine=None
[id-photo-be] rembgModel=None
[id-photo-be] engine=hivision engineVersion=multi-engine-reset-20260613-local model=rmbg-1.4
[id-photo-be] foregroundPath=None
[id-photo-be] maskPath=None
[id-photo-be] cropParams=None
[id-photo-be] prepare success preparedId=fbde0e29-a0a4-4b65-9007-c69e296102f5
[id-photo] requestId=133af5344c total=5596ms success=true preparedId=fbde0e29-a0a4-4b65-9007-c69e296102f5
INFO:     127.0.0.1:62298 - "POST /api/id-photo/prepare HTTP/1.1" 200 OK
[id-photo-be] prepare start requestId=62d7b33bec
[id-photo] requestId=62d7b33bec step=load_image cost=0ms
[id-photo] requestId=62d7b33bec step=matting cost=10ms
[id-photo-be] faceDetector=None
[id-photo-be] faceCount=None
[id-photo-be] faceBox=None
[id-photo-be] mattingEngine=None
[id-photo-be] rembgModel=None
[id-photo-be] engine=hivision engineVersion=multi-engine-reset-20260613-local model=rmbg-1.4
[id-photo-be] foregroundPath=None
[id-photo-be] maskPath=None
[id-photo-be] cropParams=None
[id-photo-be] prepare success preparedId=6a565347-23d1-44a4-be53-81f644348120
[id-photo] requestId=62d7b33bec total=4576ms success=true preparedId=6a565347-23d1-44a4-be53-81f644348120
INFO:     127.0.0.1:49671 - "POST /api/id-photo/prepare HTTP/1.1" 200 OK
[id-photo-be] prepare start requestId=ff2230ded4
[id-photo] requestId=ff2230ded4 step=load_image cost=0ms
[id-photo] requestId=ff2230ded4 step=matting cost=10ms
[id-photo-be] faceDetector=None
[id-photo-be] faceCount=None
[id-photo-be] faceBox=None
[id-photo-be] mattingEngine=None
[id-photo-be] rembgModel=None
[id-photo-be] engine=hivision engineVersion=multi-engine-reset-20260613-local model=rmbg-1.4
[id-photo-be] foregroundPath=None
[id-photo-be] maskPath=None
[id-photo-be] cropParams=None
[id-photo-be] prepare success preparedId=75ea1de6-6001-4295-8c47-ff1c02a1370c
[id-photo] requestId=ff2230ded4 total=4499ms success=true preparedId=75ea1de6-6001-4295-8c47-ff1c02a1370c
INFO:     127.0.0.1:59188 - "POST /api/id-photo/prepare HTTP/1.1" 200 OK
[id-photo-be] prepare start requestId=dea01677a8
[id-photo] requestId=dea01677a8 step=load_image cost=0ms
[id-photo] requestId=dea01677a8 step=matting cost=10ms
[id-photo-be] faceDetector=None
[id-photo-be] faceCount=None
[id-photo-be] faceBox=None
[id-photo-be] mattingEngine=None
[id-photo-be] rembgModel=None
[id-photo-be] engine=hivision engineVersion=multi-engine-reset-20260613-local model=rmbg-1.4
[id-photo-be] foregroundPath=None
[id-photo-be] maskPath=None
[id-photo-be] cropParams=None
[id-photo-be] prepare success preparedId=3d5787c0-0088-4c32-9217-6173db6abf7b
[id-photo] requestId=dea01677a8 total=5309ms success=true preparedId=3d5787c0-0088-4c32-9217-6173db6abf7b
INFO:     127.0.0.1:62173 - "POST /api/id-photo/prepare HTTP/1.1" 200 OK
[id-photo-be] prepare start requestId=415a5524ae
[id-photo] requestId=415a5524ae step=load_image cost=0ms
[id-photo] requestId=415a5524ae step=matting cost=10ms
[id-photo-be] faceDetector=None
[id-photo-be] faceCount=None
[id-photo-be] faceBox=None
[id-photo-be] mattingEngine=None
[id-photo-be] rembgModel=None
[id-photo-be] engine=hivision engineVersion=multi-engine-reset-20260613-local model=rmbg-1.4
[id-photo-be] foregroundPath=None
[id-photo-be] maskPath=None
[id-photo-be] cropParams=None
[id-photo-be] prepare success preparedId=a3ab39aa-d2af-43bf-b932-3a8c3d899fe0
[id-photo] requestId=415a5524ae total=4440ms success=true preparedId=a3ab39aa-d2af-43bf-b932-3a8c3d899fe0
INFO:     127.0.0.1:58628 - "POST /api/id-photo/prepare HTTP/1.1" 200 OK
[id-photo-be] prepare start requestId=7618015743
[id-photo] requestId=7618015743 step=load_image cost=0ms
[id-photo] requestId=7618015743 step=matting cost=10ms
[id-photo-be] faceDetector=None
[id-photo-be] faceCount=None
[id-photo-be] faceBox=None
[id-photo-be] mattingEngine=None
[id-photo-be] rembgModel=None
[id-photo-be] engine=hivision engineVersion=multi-engine-reset-20260613-local model=rmbg-1.4
[id-photo-be] foregroundPath=None
[id-photo-be] maskPath=None
[id-photo-be] cropParams=None
[id-photo-be] prepare success preparedId=bb689104-0a8f-4dec-a4fe-1d231b24db2d
[id-photo] requestId=7618015743 total=4422ms success=true preparedId=bb689104-0a8f-4dec-a4fe-1d231b24db2d
INFO:     127.0.0.1:51670 - "POST /api/id-photo/prepare HTTP/1.1" 200 OK
[id-photo-be] prepare start requestId=0856fb11c1
[id-photo] requestId=0856fb11c1 step=load_image cost=0ms
INFO:     127.0.0.1:50981 - "POST /api/id-photo/prepare HTTP/1.1" 400 Bad Request
[id-photo-be] prepare start requestId=1e4280929c
[id-photo] requestId=1e4280929c step=load_image cost=0ms
INFO:     127.0.0.1:60060 - "POST /api/id-photo/prepare HTTP/1.1" 400 Bad Request
[id-photo-be] prepare start requestId=72bfc22097
[id-photo] requestId=72bfc22097 step=load_image cost=0ms
[id-photo] requestId=72bfc22097 step=matting cost=10ms
[id-photo-be] faceDetector=None
[id-photo-be] faceCount=None
[id-photo-be] faceBox=None
[id-photo-be] mattingEngine=None
[id-photo-be] rembgModel=None
[id-photo-be] engine=hivision engineVersion=multi-engine-reset-20260613-local model=rmbg-1.4
[id-photo-be] foregroundPath=None
[id-photo-be] maskPath=None
[id-photo-be] cropParams=None
[id-photo-be] prepare success preparedId=ede452b8-ba77-4323-9011-5c77fe03aa4d
[id-photo] requestId=72bfc22097 total=6180ms success=true preparedId=ede452b8-ba77-4323-9011-5c77fe03aa4d
INFO:     127.0.0.1:58438 - "POST /api/id-photo/prepare HTTP/1.1" 200 OK
[id-photo-be] prepare start requestId=339f01f78b
[id-photo] requestId=339f01f78b step=load_image cost=0ms
INFO:     127.0.0.1:53569 - "POST /api/id-photo/prepare HTTP/1.1" 400 Bad Request
[id-photo-be] prepare start requestId=25bbe614dc
[id-photo] requestId=25bbe614dc step=load_image cost=0ms
INFO:     127.0.0.1:55023 - "POST /api/id-photo/prepare HTTP/1.1" 400 Bad Request
[id-photo-be] prepare start requestId=57c06c28b7
[id-photo] requestId=57c06c28b7 step=load_image cost=0ms
[id-photo] requestId=57c06c28b7 step=matting cost=10ms
[id-photo-be] faceDetector=None
[id-photo-be] faceCount=None
[id-photo-be] faceBox=None
[id-photo-be] mattingEngine=None
[id-photo-be] rembgModel=None
[id-photo-be] engine=hivision engineVersion=multi-engine-reset-20260613-local model=rmbg-1.4
[id-photo-be] foregroundPath=None
[id-photo-be] maskPath=None
[id-photo-be] cropParams=None
[id-photo-be] prepare success preparedId=78bfcbb0-5bc0-4080-804e-e9f5b773d511
[id-photo] requestId=57c06c28b7 total=5359ms success=true preparedId=78bfcbb0-5bc0-4080-804e-e9f5b773d511
INFO:     127.0.0.1:62937 - "POST /api/id-photo/prepare HTTP/1.1" 200 OK
[id-photo-be] prepare start requestId=5046242044
[id-photo] requestId=5046242044 step=load_image cost=0ms
[id-photo] requestId=5046242044 step=matting cost=10ms
[id-photo-be] faceDetector=None
[id-photo-be] faceCount=None
[id-photo-be] faceBox=None
[id-photo-be] mattingEngine=None
[id-photo-be] rembgModel=None
[id-photo-be] engine=hivision engineVersion=multi-engine-reset-20260613-local model=rmbg-1.4
[id-photo-be] foregroundPath=None
[id-photo-be] maskPath=None
[id-photo-be] cropParams=None
[id-photo-be] prepare success preparedId=d560628b-3b7f-4b4e-bece-439a20880ea4
[id-photo] requestId=5046242044 total=6930ms success=true preparedId=d560628b-3b7f-4b4e-bece-439a20880ea4
INFO:     127.0.0.1:57214 - "POST /api/id-photo/prepare HTTP/1.1" 200 OK
[id-photo-be] prepare start requestId=ada6fabc1c
[id-photo] requestId=ada6fabc1c step=load_image cost=0ms
[id-photo] requestId=ada6fabc1c step=matting cost=10ms
[id-photo-be] faceDetector=None
[id-photo-be] faceCount=None
[id-photo-be] faceBox=None
[id-photo-be] mattingEngine=None
[id-photo-be] rembgModel=None
[id-photo-be] engine=hivision engineVersion=multi-engine-reset-20260613-local model=rmbg-1.4
[id-photo-be] foregroundPath=None
[id-photo-be] maskPath=None
[id-photo-be] cropParams=None
[id-photo-be] prepare success preparedId=9851ed53-0bfd-4e4d-95dc-e511a877b570
[id-photo] requestId=ada6fabc1c total=5384ms success=true preparedId=9851ed53-0bfd-4e4d-95dc-e511a877b570
INFO:     127.0.0.1:60625 - "POST /api/id-photo/prepare HTTP/1.1" 200 OK
[id-photo-be] prepare start requestId=d72e7916fe
[id-photo] requestId=d72e7916fe step=load_image cost=0ms
[id-photo] requestId=d72e7916fe step=matting cost=10ms
[id-photo-be] faceDetector=None
[id-photo-be] faceCount=None
[id-photo-be] faceBox=None
[id-photo-be] mattingEngine=None
[id-photo-be] rembgModel=None
[id-photo-be] engine=hivision engineVersion=multi-engine-reset-20260613-local model=rmbg-1.4
[id-photo-be] foregroundPath=None
[id-photo-be] maskPath=None
[id-photo-be] cropParams=None
[id-photo-be] prepare success preparedId=d9b1b360-8c4d-4149-b498-f61e0a1f9a55
[id-photo] requestId=d72e7916fe total=4992ms success=true preparedId=d9b1b360-8c4d-4149-b498-f61e0a1f9a55
INFO:     127.0.0.1:57954 - "POST /api/id-photo/prepare HTTP/1.1" 200 OK
[id-photo-be] prepare start requestId=fb7429dea0
[id-photo] requestId=fb7429dea0 step=load_image cost=0ms
[id-photo] requestId=fb7429dea0 step=matting cost=10ms
[id-photo-be] faceDetector=None
[id-photo-be] faceCount=None
[id-photo-be] faceBox=None
[id-photo-be] mattingEngine=None
[id-photo-be] rembgModel=None
[id-photo-be] engine=hivision engineVersion=multi-engine-reset-20260613-local model=rmbg-1.4
[id-photo-be] foregroundPath=None
[id-photo-be] maskPath=None
[id-photo-be] cropParams=None
[id-photo-be] prepare success preparedId=a2d62e91-003b-4517-8dae-5aede3f963b4
[id-photo] requestId=fb7429dea0 total=5723ms success=true preparedId=a2d62e91-003b-4517-8dae-5aede3f963b4
INFO:     127.0.0.1:61369 - "POST /api/id-photo/prepare HTTP/1.1" 200 OK
[id-photo-be] prepare start requestId=8f26e92cd9
[id-photo] requestId=8f26e92cd9 step=load_image cost=0ms
[id-photo-be] prepare start requestId=20a01f5ca6
[id-photo] requestId=20a01f5ca6 step=load_image cost=0ms
[id-photo] requestId=8f26e92cd9 step=matting cost=10ms
[id-photo-be] faceDetector=None
[id-photo-be] faceCount=None
[id-photo-be] faceBox=None
[id-photo-be] mattingEngine=None
[id-photo-be] rembgModel=None
[id-photo-be] engine=hivision engineVersion=multi-engine-reset-20260613-local model=rmbg-1.4
[id-photo-be] foregroundPath=None
[id-photo-be] maskPath=None
[id-photo-be] cropParams=None
[id-photo-be] prepare success preparedId=19a0e969-b092-48ae-a67b-67ea83fff215
[id-photo] requestId=8f26e92cd9 total=5632ms success=true preparedId=19a0e969-b092-48ae-a67b-67ea83fff215
INFO:     127.0.0.1:64153 - "POST /api/id-photo/prepare HTTP/1.1" 200 OK
[id-photo-be] prepare start requestId=50138a6d9d
[id-photo] requestId=50138a6d9d step=load_image cost=0ms
[id-photo] requestId=20a01f5ca6 step=matting cost=10ms
[id-photo-be] faceDetector=None
[id-photo-be] faceCount=None
[id-photo-be] faceBox=None
[id-photo-be] mattingEngine=None
[id-photo-be] rembgModel=None
[id-photo-be] engine=hivision engineVersion=multi-engine-reset-20260613-local model=rmbg-1.4
[id-photo-be] foregroundPath=None
[id-photo-be] maskPath=None
[id-photo-be] cropParams=None
[id-photo-be] prepare success preparedId=ddee04ec-7692-4d54-8a6b-48d0dff588c6
[id-photo] requestId=20a01f5ca6 total=6486ms success=true preparedId=ddee04ec-7692-4d54-8a6b-48d0dff588c6
INFO:     127.0.0.1:52810 - "POST /api/id-photo/prepare HTTP/1.1" 200 OK
[id-photo-be] compose start preparedId=ddee04ec-7692-4d54-8a6b-48d0dff588c6 requestId=29ebc2ea31
[id-photo] requestId=29ebc2ea31 step=save_output cost=95ms
[id-photo-be] bgColor=None
[id-photo-be] outputSize=None
[id-photo-be] backgroundPureColor=None
[id-photo-be] originalBackgroundRemoved=None
[id-photo-be] usedForegroundPng=None
[id-photo-be] usedOriginalImageDirectly=None
[id-photo-be] engine=hivision engineVersion=multi-engine-reset-20260613-local model=rmbg-1.4
[id-photo-be] finalImageUrl=/outputs/5d616f7cf7f441a4b261d8982cc18dc4.jpg?v=29ebc2ea31-1781852512327-825d5375e940
[id-photo-be] compose success
[id-photo] requestId=29ebc2ea31 total=104ms success=true finalImageUrl=/outputs/5d616f7cf7f441a4b261d8982cc18dc4.jpg?v=29ebc2ea31-1781852512327-825d5375e940
INFO:     127.0.0.1:54170 - "POST /api/id-photo/compose HTTP/1.1" 200 OK
INFO:     127.0.0.1:52810 - "GET /outputs/5d616f7cf7f441a4b261d8982cc18dc4.jpg?v=29ebc2ea31-1781852512327-825d5375e940 HTTP/1.1" 200 OK
INFO:     127.0.0.1:61671 - "GET /outputs/5d616f7cf7f441a4b261d8982cc18dc4.jpg?v=29ebc2ea31-1781852512327-825d5375e940 HTTP/1.1" 200 OK
[id-photo] requestId=50138a6d9d step=matting cost=10ms
[id-photo-be] faceDetector=None
[id-photo-be] faceCount=None
[id-photo-be] faceBox=None
[id-photo-be] mattingEngine=None
[id-photo-be] rembgModel=None
[id-photo-be] engine=hivision engineVersion=multi-engine-reset-20260613-local model=rmbg-1.4
[id-photo-be] foregroundPath=None
[id-photo-be] maskPath=None
[id-photo-be] cropParams=None
[id-photo-be] prepare success preparedId=67ee7496-29a2-4177-9847-3bce43dd1dd1
[id-photo] requestId=50138a6d9d total=5230ms success=true preparedId=67ee7496-29a2-4177-9847-3bce43dd1dd1
INFO:     127.0.0.1:59493 - "POST /api/id-photo/prepare HTTP/1.1" 200 OK
[id-photo-be] prepare start requestId=85e551fc00
[id-photo] requestId=85e551fc00 step=load_image cost=0ms
[id-photo] requestId=85e551fc00 step=matting cost=10ms
[id-photo-be] faceDetector=None
[id-photo-be] faceCount=None
[id-photo-be] faceBox=None
[id-photo-be] mattingEngine=None
[id-photo-be] rembgModel=None
[id-photo-be] engine=hivision engineVersion=multi-engine-reset-20260613-local model=rmbg-1.4
[id-photo-be] foregroundPath=None
[id-photo-be] maskPath=None
[id-photo-be] cropParams=None
[id-photo-be] prepare success preparedId=bfcf0e7f-a1ae-4761-9e6b-3076c7accd70
[id-photo] requestId=85e551fc00 total=4656ms success=true preparedId=bfcf0e7f-a1ae-4761-9e6b-3076c7accd70
INFO:     127.0.0.1:52909 - "POST /api/id-photo/prepare HTTP/1.1" 200 OK
[id-photo-be] prepare start requestId=e06e9f3078
[id-photo] requestId=e06e9f3078 step=load_image cost=0ms
[id-photo] requestId=e06e9f3078 step=matting cost=10ms
[id-photo-be] faceDetector=None
[id-photo-be] faceCount=None
[id-photo-be] faceBox=None
[id-photo-be] mattingEngine=None
[id-photo-be] rembgModel=None
[id-photo-be] engine=hivision engineVersion=multi-engine-reset-20260613-local model=rmbg-1.4
[id-photo-be] foregroundPath=None
[id-photo-be] maskPath=None
[id-photo-be] cropParams=None
[id-photo-be] prepare success preparedId=5e656bcb-babc-4df5-9e40-c5a8cd485a62
[id-photo] requestId=e06e9f3078 total=5374ms success=true preparedId=5e656bcb-babc-4df5-9e40-c5a8cd485a62
INFO:     127.0.0.1:61478 - "POST /api/id-photo/prepare HTTP/1.1" 200 OK
[id-photo-be] prepare start requestId=d3c01dcdd1
[id-photo] requestId=d3c01dcdd1 step=load_image cost=0ms
[id-photo] requestId=d3c01dcdd1 step=matting cost=10ms
[id-photo-be] faceDetector=None
[id-photo-be] faceCount=None
[id-photo-be] faceBox=None
[id-photo-be] mattingEngine=None
[id-photo-be] rembgModel=None
[id-photo-be] engine=hivision engineVersion=multi-engine-reset-20260613-local model=rmbg-1.4
[id-photo-be] foregroundPath=None
[id-photo-be] maskPath=None
[id-photo-be] cropParams=None
[id-photo-be] prepare success preparedId=2f7ab99e-29aa-48e9-b92a-ff35005d70ca
[id-photo] requestId=d3c01dcdd1 total=5298ms success=true preparedId=2f7ab99e-29aa-48e9-b92a-ff35005d70ca
INFO:     127.0.0.1:60388 - "POST /api/id-photo/prepare HTTP/1.1" 200 OK
[id-photo-be] prepare start requestId=a2e8beca1b
[id-photo] requestId=a2e8beca1b step=load_image cost=0ms
[id-photo] requestId=a2e8beca1b step=matting cost=10ms
[id-photo-be] faceDetector=None
[id-photo-be] faceCount=None
[id-photo-be] faceBox=None
[id-photo-be] mattingEngine=None
[id-photo-be] rembgModel=None
[id-photo-be] engine=hivision engineVersion=multi-engine-reset-20260613-local model=rmbg-1.4
[id-photo-be] foregroundPath=None
[id-photo-be] maskPath=None
[id-photo-be] cropParams=None
[id-photo-be] prepare success preparedId=4e3c8dff-4573-49ac-afbe-153e94670112
[id-photo] requestId=a2e8beca1b total=5057ms success=true preparedId=4e3c8dff-4573-49ac-afbe-153e94670112
INFO:     127.0.0.1:51995 - "POST /api/id-photo/prepare HTTP/1.1" 200 OK
[id-photo-be] prepare start requestId=43ec45994a
[id-photo] requestId=43ec45994a step=load_image cost=0ms
[id-photo] requestId=43ec45994a step=matting cost=10ms
[id-photo-be] faceDetector=None
[id-photo-be] faceCount=None
[id-photo-be] faceBox=None
[id-photo-be] mattingEngine=None
[id-photo-be] rembgModel=None
[id-photo-be] engine=hivision engineVersion=multi-engine-reset-20260613-local model=rmbg-1.4
[id-photo-be] foregroundPath=None
[id-photo-be] maskPath=None
[id-photo-be] cropParams=None
[id-photo-be] prepare success preparedId=9ce191ba-f4a4-485f-bb36-846c1d066013
[id-photo] requestId=43ec45994a total=6504ms success=true preparedId=9ce191ba-f4a4-485f-bb36-846c1d066013
INFO:     127.0.0.1:52677 - "POST /api/id-photo/prepare HTTP/1.1" 200 OK
[id-photo-be] prepare start requestId=0c38c77e9d
[id-photo] requestId=0c38c77e9d step=load_image cost=0ms
[id-photo] requestId=0c38c77e9d step=matting cost=10ms
[id-photo-be] faceDetector=None
[id-photo-be] faceCount=None
[id-photo-be] faceBox=None
[id-photo-be] mattingEngine=None
[id-photo-be] rembgModel=None
[id-photo-be] engine=hivision engineVersion=multi-engine-reset-20260613-local model=rmbg-1.4
[id-photo-be] foregroundPath=None
[id-photo-be] maskPath=None
[id-photo-be] cropParams=None
[id-photo-be] prepare success preparedId=c742f523-db58-40a3-9ad8-2b58a11f06ba
[id-photo] requestId=0c38c77e9d total=5440ms success=true preparedId=c742f523-db58-40a3-9ad8-2b58a11f06ba
INFO:     127.0.0.1:58188 - "POST /api/id-photo/prepare HTTP/1.1" 200 OK
[id-photo-be] prepare start requestId=469f9e68ce
[id-photo] requestId=469f9e68ce step=load_image cost=0ms
[id-photo] requestId=469f9e68ce step=matting cost=10ms
[id-photo-be] faceDetector=None
[id-photo-be] faceCount=None
[id-photo-be] faceBox=None
[id-photo-be] mattingEngine=None
[id-photo-be] rembgModel=None
[id-photo-be] engine=hivision engineVersion=multi-engine-reset-20260613-local model=rmbg-1.4
[id-photo-be] foregroundPath=None
[id-photo-be] maskPath=None
[id-photo-be] cropParams=None
[id-photo-be] prepare success preparedId=1fda1b36-5309-4695-b90c-989f3925d026
[id-photo] requestId=469f9e68ce total=4942ms success=true preparedId=1fda1b36-5309-4695-b90c-989f3925d026
INFO:     127.0.0.1:61341 - "POST /api/id-photo/prepare HTTP/1.1" 200 OK
[id-photo-be] prepare start requestId=b48025e802
[id-photo] requestId=b48025e802 step=load_image cost=0ms
[id-photo] requestId=b48025e802 step=matting cost=10ms
[id-photo-be] faceDetector=None
[id-photo-be] faceCount=None
[id-photo-be] faceBox=None
[id-photo-be] mattingEngine=None
[id-photo-be] rembgModel=None
[id-photo-be] engine=hivision engineVersion=multi-engine-reset-20260613-local model=rmbg-1.4
[id-photo-be] foregroundPath=None
[id-photo-be] maskPath=None
[id-photo-be] cropParams=None
[id-photo-be] prepare success preparedId=becf8a75-d6a3-4aad-9de5-97fa01994a32
[id-photo] requestId=b48025e802 total=5161ms success=true preparedId=becf8a75-d6a3-4aad-9de5-97fa01994a32
INFO:     127.0.0.1:59316 - "POST /api/id-photo/prepare HTTP/1.1" 200 OK
[id-photo-be] prepare start requestId=54d669bb8d
[id-photo] requestId=54d669bb8d step=load_image cost=0ms
[id-photo] requestId=54d669bb8d step=matting cost=10ms
[id-photo-be] faceDetector=None
[id-photo-be] faceCount=None
[id-photo-be] faceBox=None
[id-photo-be] mattingEngine=None
[id-photo-be] rembgModel=None
[id-photo-be] engine=hivision engineVersion=multi-engine-reset-20260613-local model=rmbg-1.4
[id-photo-be] foregroundPath=None
[id-photo-be] maskPath=None
[id-photo-be] cropParams=None
[id-photo-be] prepare success preparedId=f2dbcfc1-c115-4f94-8a5f-c5f801d78515
[id-photo] requestId=54d669bb8d total=5369ms success=true preparedId=f2dbcfc1-c115-4f94-8a5f-c5f801d78515
INFO:     127.0.0.1:57163 - "POST /api/id-photo/prepare HTTP/1.1" 200 OK
[id-photo-be] prepare start requestId=cf6ab3a409
[id-photo] requestId=cf6ab3a409 step=load_image cost=0ms
[id-photo] requestId=cf6ab3a409 step=matting cost=10ms
[id-photo-be] faceDetector=None
[id-photo-be] faceCount=None
[id-photo-be] faceBox=None
[id-photo-be] mattingEngine=None
[id-photo-be] rembgModel=None
[id-photo-be] engine=hivision engineVersion=multi-engine-reset-20260613-local model=rmbg-1.4
[id-photo-be] foregroundPath=None
[id-photo-be] maskPath=None
[id-photo-be] cropParams=None
[id-photo-be] prepare success preparedId=1607c6df-bec9-44f5-bb03-2ee3de25c959
[id-photo] requestId=cf6ab3a409 total=5190ms success=true preparedId=1607c6df-bec9-44f5-bb03-2ee3de25c959
INFO:     127.0.0.1:60055 - "POST /api/id-photo/prepare HTTP/1.1" 200 OK
[id-photo-be] prepare start requestId=c160cbd3a6
[id-photo] requestId=c160cbd3a6 step=load_image cost=0ms
[id-photo] requestId=c160cbd3a6 step=matting cost=10ms
[id-photo-be] faceDetector=None
[id-photo-be] faceCount=None
[id-photo-be] faceBox=None
[id-photo-be] mattingEngine=None
[id-photo-be] rembgModel=None
[id-photo-be] engine=hivision engineVersion=multi-engine-reset-20260613-local model=rmbg-1.4
[id-photo-be] foregroundPath=None
[id-photo-be] maskPath=None
[id-photo-be] cropParams=None
[id-photo-be] prepare success preparedId=8121006f-4ec5-4d25-be85-85a5f3401d44
[id-photo] requestId=c160cbd3a6 total=5246ms success=true preparedId=8121006f-4ec5-4d25-be85-85a5f3401d44
INFO:     127.0.0.1:51896 - "POST /api/id-photo/prepare HTTP/1.1" 200 OK
[id-photo-be] prepare start requestId=8dcca4ad9d
[id-photo] requestId=8dcca4ad9d step=load_image cost=0ms
[id-photo] requestId=8dcca4ad9d step=matting cost=10ms
[id-photo-be] faceDetector=None
[id-photo-be] faceCount=None
[id-photo-be] faceBox=None
[id-photo-be] mattingEngine=None
[id-photo-be] rembgModel=None
[id-photo-be] engine=hivision engineVersion=multi-engine-reset-20260613-local model=rmbg-1.4
[id-photo-be] foregroundPath=None
[id-photo-be] maskPath=None
[id-photo-be] cropParams=None
[id-photo-be] prepare success preparedId=82e39b28-942e-4720-9894-5dd1352bf28c
[id-photo] requestId=8dcca4ad9d total=5801ms success=true preparedId=82e39b28-942e-4720-9894-5dd1352bf28c
INFO:     127.0.0.1:59842 - "POST /api/id-photo/prepare HTTP/1.1" 200 OK
[id-photo-be] prepare start requestId=f5784654b8
[id-photo] requestId=f5784654b8 step=load_image cost=0ms
[id-photo] requestId=f5784654b8 step=matting cost=10ms
[id-photo-be] faceDetector=None
[id-photo-be] faceCount=None
[id-photo-be] faceBox=None
[id-photo-be] mattingEngine=None
[id-photo-be] rembgModel=None
[id-photo-be] engine=hivision engineVersion=multi-engine-reset-20260613-local model=rmbg-1.4
[id-photo-be] foregroundPath=None
[id-photo-be] maskPath=None
[id-photo-be] cropParams=None
[id-photo-be] prepare success preparedId=04ebcbd5-9ab6-47e7-b748-4ddf137f11c7
[id-photo] requestId=f5784654b8 total=4962ms success=true preparedId=04ebcbd5-9ab6-47e7-b748-4ddf137f11c7
INFO:     127.0.0.1:49810 - "POST /api/id-photo/prepare HTTP/1.1" 200 OK
[id-photo-be] prepare start requestId=b773340a69
[id-photo] requestId=b773340a69 step=load_image cost=0ms
[id-photo] requestId=b773340a69 step=matting cost=10ms
[id-photo-be] faceDetector=None
[id-photo-be] faceCount=None
[id-photo-be] faceBox=None
[id-photo-be] mattingEngine=None
[id-photo-be] rembgModel=None
[id-photo-be] engine=hivision engineVersion=multi-engine-reset-20260613-local model=rmbg-1.4
[id-photo-be] foregroundPath=None
[id-photo-be] maskPath=None
[id-photo-be] cropParams=None
[id-photo-be] prepare success preparedId=75aee0c9-8b68-491d-b2b3-7085486db8b9
[id-photo] requestId=b773340a69 total=5261ms success=true preparedId=75aee0c9-8b68-491d-b2b3-7085486db8b9
INFO:     127.0.0.1:65354 - "POST /api/id-photo/prepare HTTP/1.1" 200 OK
[id-photo-be] prepare start requestId=3ab07c7b5c
[id-photo] requestId=3ab07c7b5c step=load_image cost=0ms
[id-photo] requestId=3ab07c7b5c step=matting cost=10ms
[id-photo-be] faceDetector=None
[id-photo-be] faceCount=None
[id-photo-be] faceBox=None
[id-photo-be] mattingEngine=None
[id-photo-be] rembgModel=None
[id-photo-be] engine=hivision engineVersion=multi-engine-reset-20260613-local model=rmbg-1.4
[id-photo-be] foregroundPath=None
[id-photo-be] maskPath=None
[id-photo-be] cropParams=None
[id-photo-be] prepare success preparedId=c25d2172-4359-4a10-a495-92dc3ab8128d
[id-photo] requestId=3ab07c7b5c total=4554ms success=true preparedId=c25d2172-4359-4a10-a495-92dc3ab8128d
INFO:     127.0.0.1:51984 - "POST /api/id-photo/prepare HTTP/1.1" 200 OK
[id-photo-be] prepare start requestId=e3fdf27093
[id-photo] requestId=e3fdf27093 step=load_image cost=0ms
INFO:     127.0.0.1:51184 - "POST /api/id-photo/prepare HTTP/1.1" 400 Bad Request
[id-photo-be] prepare start requestId=30186d6d98
[id-photo] requestId=30186d6d98 step=load_image cost=0ms
[id-photo] requestId=30186d6d98 step=matting cost=10ms
[id-photo-be] faceDetector=None
[id-photo-be] faceCount=None
[id-photo-be] faceBox=None
[id-photo-be] mattingEngine=None
[id-photo-be] rembgModel=None
[id-photo-be] engine=hivision engineVersion=multi-engine-reset-20260613-local model=rmbg-1.4
[id-photo-be] foregroundPath=None
[id-photo-be] maskPath=None
[id-photo-be] cropParams=None
[id-photo-be] prepare success preparedId=78af4bb6-dc3f-43d9-8b0d-3b360d99213e
[id-photo] requestId=30186d6d98 total=4699ms success=true preparedId=78af4bb6-dc3f-43d9-8b0d-3b360d99213e
INFO:     127.0.0.1:60463 - "POST /api/id-photo/prepare HTTP/1.1" 200 OK
[id-photo-be] prepare start requestId=071a22685b
[id-photo] requestId=071a22685b step=load_image cost=0ms
[id-photo] requestId=071a22685b step=matting cost=10ms
[id-photo-be] faceDetector=None
[id-photo-be] faceCount=None
[id-photo-be] faceBox=None
[id-photo-be] mattingEngine=None
[id-photo-be] rembgModel=None
[id-photo-be] engine=hivision engineVersion=multi-engine-reset-20260613-local model=rmbg-1.4
[id-photo-be] foregroundPath=None
[id-photo-be] maskPath=None
[id-photo-be] cropParams=None
[id-photo-be] prepare success preparedId=0b880a7e-4e4d-451c-9ef8-8a231e257027
[id-photo] requestId=071a22685b total=5110ms success=true preparedId=0b880a7e-4e4d-451c-9ef8-8a231e257027
INFO:     127.0.0.1:53764 - "POST /api/id-photo/prepare HTTP/1.1" 200 OK
[id-photo-be] prepare start requestId=ac27c3137b
[id-photo] requestId=ac27c3137b step=load_image cost=0ms
[id-photo] requestId=ac27c3137b step=matting cost=10ms
[id-photo-be] faceDetector=None
[id-photo-be] faceCount=None
[id-photo-be] faceBox=None
[id-photo-be] mattingEngine=None
[id-photo-be] rembgModel=None
[id-photo-be] engine=hivision engineVersion=multi-engine-reset-20260613-local model=rmbg-1.4
[id-photo-be] foregroundPath=None
[id-photo-be] maskPath=None
[id-photo-be] cropParams=None
[id-photo-be] prepare success preparedId=03332621-8f08-42ad-8098-92676c64b39d
[id-photo] requestId=ac27c3137b total=5034ms success=true preparedId=03332621-8f08-42ad-8098-92676c64b39d
INFO:     127.0.0.1:61221 - "POST /api/id-photo/prepare HTTP/1.1" 200 OK
[id-photo-be] prepare start requestId=bbe844df3c
[id-photo] requestId=bbe844df3c step=load_image cost=0ms
[id-photo] requestId=bbe844df3c step=matting cost=10ms
[id-photo-be] faceDetector=None
[id-photo-be] faceCount=None
[id-photo-be] faceBox=None
[id-photo-be] mattingEngine=None
[id-photo-be] rembgModel=None
[id-photo-be] engine=hivision engineVersion=multi-engine-reset-20260613-local model=rmbg-1.4
[id-photo-be] foregroundPath=None
[id-photo-be] maskPath=None
[id-photo-be] cropParams=None
[id-photo-be] prepare success preparedId=e4df8187-3788-489c-b6d0-014e05373d7a
[id-photo] requestId=bbe844df3c total=4731ms success=true preparedId=e4df8187-3788-489c-b6d0-014e05373d7a
INFO:     127.0.0.1:61392 - "POST /api/id-photo/prepare HTTP/1.1" 200 OK
[id-photo-be] prepare start requestId=d5cce08bd6
[id-photo] requestId=d5cce08bd6 step=load_image cost=0ms
[id-photo] requestId=d5cce08bd6 step=matting cost=10ms
[id-photo-be] faceDetector=None
[id-photo-be] faceCount=None
[id-photo-be] faceBox=None
[id-photo-be] mattingEngine=None
[id-photo-be] rembgModel=None
[id-photo-be] engine=hivision engineVersion=multi-engine-reset-20260613-local model=rmbg-1.4
[id-photo-be] foregroundPath=None
[id-photo-be] maskPath=None
[id-photo-be] cropParams=None
[id-photo-be] prepare success preparedId=194d84aa-2c8d-4fb2-9b5c-9403a7490efc
[id-photo] requestId=d5cce08bd6 total=5841ms success=true preparedId=194d84aa-2c8d-4fb2-9b5c-9403a7490efc
INFO:     127.0.0.1:51607 - "POST /api/id-photo/prepare HTTP/1.1" 200 OK
[id-photo-be] prepare start requestId=78edfa8332
[id-photo] requestId=78edfa8332 step=load_image cost=0ms
[id-photo] requestId=78edfa8332 step=matting cost=10ms
[id-photo-be] faceDetector=None
[id-photo-be] faceCount=None
[id-photo-be] faceBox=None
[id-photo-be] mattingEngine=None
[id-photo-be] rembgModel=None
[id-photo-be] engine=hivision engineVersion=multi-engine-reset-20260613-local model=rmbg-1.4
[id-photo-be] foregroundPath=None
[id-photo-be] maskPath=None
[id-photo-be] cropParams=None
[id-photo-be] prepare success preparedId=bdf580f5-53b4-4d7e-970a-0c15e9c9f74e
[id-photo] requestId=78edfa8332 total=4788ms success=true preparedId=bdf580f5-53b4-4d7e-970a-0c15e9c9f74e
INFO:     127.0.0.1:54744 - "POST /api/id-photo/prepare HTTP/1.1" 200 OK
[id-photo-be] prepare start requestId=9d2b27adeb
[id-photo] requestId=9d2b27adeb step=load_image cost=0ms
[id-photo] requestId=9d2b27adeb step=matting cost=10ms
[id-photo-be] faceDetector=None
[id-photo-be] faceCount=None
[id-photo-be] faceBox=None
[id-photo-be] mattingEngine=None
[id-photo-be] rembgModel=None
[id-photo-be] engine=hivision engineVersion=multi-engine-reset-20260613-local model=rmbg-1.4
[id-photo-be] foregroundPath=None
[id-photo-be] maskPath=None
[id-photo-be] cropParams=None
[id-photo-be] prepare success preparedId=81dfd497-dca7-49ef-acee-61a90c5b7e26
[id-photo] requestId=9d2b27adeb total=5063ms success=true preparedId=81dfd497-dca7-49ef-acee-61a90c5b7e26
INFO:     127.0.0.1:58911 - "POST /api/id-photo/prepare HTTP/1.1" 200 OK
[id-photo-be] prepare start requestId=73c602a8b4
[id-photo] requestId=73c602a8b4 step=load_image cost=0ms
[id-photo] requestId=73c602a8b4 step=matting cost=10ms
[id-photo-be] faceDetector=None
[id-photo-be] faceCount=None
[id-photo-be] faceBox=None
[id-photo-be] mattingEngine=None
[id-photo-be] rembgModel=None
[id-photo-be] engine=hivision engineVersion=multi-engine-reset-20260613-local model=rmbg-1.4
[id-photo-be] foregroundPath=None
[id-photo-be] maskPath=None
[id-photo-be] cropParams=None
[id-photo-be] prepare success preparedId=10511aee-fab9-40b7-98b4-1786b5408d4c
[id-photo] requestId=73c602a8b4 total=4736ms success=true preparedId=10511aee-fab9-40b7-98b4-1786b5408d4c
INFO:     127.0.0.1:53118 - "POST /api/id-photo/prepare HTTP/1.1" 200 OK
[id-photo-be] prepare start requestId=5298c76d66
[id-photo] requestId=5298c76d66 step=load_image cost=0ms
[id-photo] requestId=5298c76d66 step=matting cost=10ms
[id-photo-be] faceDetector=None
[id-photo-be] faceCount=None
[id-photo-be] faceBox=None
[id-photo-be] mattingEngine=None
[id-photo-be] rembgModel=None
[id-photo-be] engine=hivision engineVersion=multi-engine-reset-20260613-local model=rmbg-1.4
[id-photo-be] foregroundPath=None
[id-photo-be] maskPath=None
[id-photo-be] cropParams=None
[id-photo-be] prepare success preparedId=1006df78-d706-41f5-827e-cfb7b04edffd
[id-photo] requestId=5298c76d66 total=4512ms success=true preparedId=1006df78-d706-41f5-827e-cfb7b04edffd
INFO:     127.0.0.1:64728 - "POST /api/id-photo/prepare HTTP/1.1" 200 OK
[id-photo-be] prepare start requestId=e17fba8530
[id-photo] requestId=e17fba8530 step=load_image cost=0ms
[id-photo] requestId=e17fba8530 step=matting cost=10ms
[id-photo-be] faceDetector=None
[id-photo-be] faceCount=None
[id-photo-be] faceBox=None
[id-photo-be] mattingEngine=None
[id-photo-be] rembgModel=None
[id-photo-be] engine=hivision engineVersion=multi-engine-reset-20260613-local model=rmbg-1.4
[id-photo-be] foregroundPath=None
[id-photo-be] maskPath=None
[id-photo-be] cropParams=None
[id-photo-be] prepare success preparedId=a5215f96-478a-4dc1-952b-eb03b242b370
[id-photo] requestId=e17fba8530 total=4773ms success=true preparedId=a5215f96-478a-4dc1-952b-eb03b242b370
INFO:     127.0.0.1:57522 - "POST /api/id-photo/prepare HTTP/1.1" 200 OK
[id-photo-be] prepare start requestId=4992aae941
[id-photo] requestId=4992aae941 step=load_image cost=0ms
[id-photo] requestId=4992aae941 step=matting cost=10ms
[id-photo-be] faceDetector=None
[id-photo-be] faceCount=None
[id-photo-be] faceBox=None
[id-photo-be] mattingEngine=None
[id-photo-be] rembgModel=None
[id-photo-be] engine=hivision engineVersion=multi-engine-reset-20260613-local model=rmbg-1.4
[id-photo-be] foregroundPath=None
[id-photo-be] maskPath=None
[id-photo-be] cropParams=None
[id-photo-be] prepare success preparedId=23023bfc-9828-4a10-939d-9afea488e953
[id-photo] requestId=4992aae941 total=5466ms success=true preparedId=23023bfc-9828-4a10-939d-9afea488e953
INFO:     127.0.0.1:64927 - "POST /api/id-photo/prepare HTTP/1.1" 200 OK
[id-photo-be] prepare start requestId=2abbf6f936
[id-photo] requestId=2abbf6f936 step=load_image cost=0ms
[id-photo] requestId=2abbf6f936 step=matting cost=10ms
[id-photo-be] faceDetector=None
[id-photo-be] faceCount=None
[id-photo-be] faceBox=None
[id-photo-be] mattingEngine=None
[id-photo-be] rembgModel=None
[id-photo-be] engine=hivision engineVersion=multi-engine-reset-20260613-local model=rmbg-1.4
[id-photo-be] foregroundPath=None
[id-photo-be] maskPath=None
[id-photo-be] cropParams=None
[id-photo-be] prepare success preparedId=a8ca1a8c-c202-4fab-8f3b-527abcc362c3
[id-photo] requestId=2abbf6f936 total=4762ms success=true preparedId=a8ca1a8c-c202-4fab-8f3b-527abcc362c3
INFO:     127.0.0.1:62549 - "POST /api/id-photo/prepare HTTP/1.1" 200 OK
[id-photo-be] prepare start requestId=15b849f3d1
[id-photo] requestId=15b849f3d1 step=load_image cost=0ms
[id-photo] requestId=15b849f3d1 step=matting cost=10ms
[id-photo-be] faceDetector=None
[id-photo-be] faceCount=None
[id-photo-be] faceBox=None
[id-photo-be] mattingEngine=None
[id-photo-be] rembgModel=None
[id-photo-be] engine=hivision engineVersion=multi-engine-reset-20260613-local model=rmbg-1.4
[id-photo-be] foregroundPath=None
[id-photo-be] maskPath=None
[id-photo-be] cropParams=None
[id-photo-be] prepare success preparedId=d19bdcdc-1934-4b19-923c-4afc1692534e
[id-photo] requestId=15b849f3d1 total=5083ms success=true preparedId=d19bdcdc-1934-4b19-923c-4afc1692534e
INFO:     127.0.0.1:61400 - "POST /api/id-photo/prepare HTTP/1.1" 200 OK
[id-photo-be] prepare start requestId=8225e624ff
[id-photo] requestId=8225e624ff step=load_image cost=0ms
[id-photo] requestId=8225e624ff step=matting cost=10ms
[id-photo-be] faceDetector=None
[id-photo-be] faceCount=None
[id-photo-be] faceBox=None
[id-photo-be] mattingEngine=None
[id-photo-be] rembgModel=None
[id-photo-be] engine=hivision engineVersion=multi-engine-reset-20260613-local model=rmbg-1.4
[id-photo-be] foregroundPath=None
[id-photo-be] maskPath=None
[id-photo-be] cropParams=None
[id-photo-be] prepare success preparedId=b2e94cb3-bca4-4641-b446-e9f93b64d96d
[id-photo] requestId=8225e624ff total=4510ms success=true preparedId=b2e94cb3-bca4-4641-b446-e9f93b64d96d
INFO:     127.0.0.1:55774 - "POST /api/id-photo/prepare HTTP/1.1" 200 OK
[id-photo-be] prepare start requestId=39a2bae661
[id-photo] requestId=39a2bae661 step=load_image cost=0ms
[id-photo] requestId=39a2bae661 step=matting cost=10ms
[id-photo-be] faceDetector=None
[id-photo-be] faceCount=None
[id-photo-be] faceBox=None
[id-photo-be] mattingEngine=None
[id-photo-be] rembgModel=None
[id-photo-be] engine=hivision engineVersion=multi-engine-reset-20260613-local model=rmbg-1.4
[id-photo-be] foregroundPath=None
[id-photo-be] maskPath=None
[id-photo-be] cropParams=None
[id-photo-be] prepare success preparedId=32423d4c-0219-4eac-ada4-4c8c27b6e9f9
[id-photo] requestId=39a2bae661 total=6041ms success=true preparedId=32423d4c-0219-4eac-ada4-4c8c27b6e9f9
INFO:     127.0.0.1:60896 - "POST /api/id-photo/prepare HTTP/1.1" 200 OK
[id-photo-be] prepare start requestId=83cf99ff97
[id-photo] requestId=83cf99ff97 step=load_image cost=0ms
[id-photo] requestId=83cf99ff97 step=matting cost=10ms
[id-photo-be] faceDetector=None
[id-photo-be] faceCount=None
[id-photo-be] faceBox=None
[id-photo-be] mattingEngine=None
[id-photo-be] rembgModel=None
[id-photo-be] engine=hivision engineVersion=multi-engine-reset-20260613-local model=rmbg-1.4
[id-photo-be] foregroundPath=None
[id-photo-be] maskPath=None
[id-photo-be] cropParams=None
[id-photo-be] prepare success preparedId=19305b08-19cd-4ea1-a39a-62e6991e2935
[id-photo] requestId=83cf99ff97 total=6328ms success=true preparedId=19305b08-19cd-4ea1-a39a-62e6991e2935
INFO:     127.0.0.1:50743 - "POST /api/id-photo/prepare HTTP/1.1" 200 OK
[id-photo-be] prepare start requestId=cbed6d65a3
[id-photo] requestId=cbed6d65a3 step=load_image cost=0ms
[id-photo] requestId=cbed6d65a3 step=matting cost=10ms
[id-photo-be] faceDetector=None
[id-photo-be] faceCount=None
[id-photo-be] faceBox=None
[id-photo-be] mattingEngine=None
[id-photo-be] rembgModel=None
[id-photo-be] engine=hivision engineVersion=multi-engine-reset-20260613-local model=rmbg-1.4
[id-photo-be] foregroundPath=None
[id-photo-be] maskPath=None
[id-photo-be] cropParams=None
[id-photo-be] prepare success preparedId=904795a3-db87-4c2c-afa9-f37e294d2aba
[id-photo] requestId=cbed6d65a3 total=4836ms success=true preparedId=904795a3-db87-4c2c-afa9-f37e294d2aba
INFO:     127.0.0.1:63132 - "POST /api/id-photo/prepare HTTP/1.1" 200 OK
[id-photo-be] prepare start requestId=7a5aea1a9f
[id-photo] requestId=7a5aea1a9f step=load_image cost=0ms
[id-photo] requestId=7a5aea1a9f step=matting cost=10ms
[id-photo-be] faceDetector=None
[id-photo-be] faceCount=None
[id-photo-be] faceBox=None
[id-photo-be] mattingEngine=None
[id-photo-be] rembgModel=None
[id-photo-be] engine=hivision engineVersion=multi-engine-reset-20260613-local model=rmbg-1.4
[id-photo-be] foregroundPath=None
[id-photo-be] maskPath=None
[id-photo-be] cropParams=None
[id-photo-be] prepare success preparedId=acd06a71-727c-41ea-8882-b50802347f48
[id-photo] requestId=7a5aea1a9f total=5729ms success=true preparedId=acd06a71-727c-41ea-8882-b50802347f48
INFO:     127.0.0.1:50204 - "POST /api/id-photo/prepare HTTP/1.1" 200 OK
[id-photo-be] prepare start requestId=98da0466fc
[id-photo] requestId=98da0466fc step=load_image cost=0ms
[id-photo] requestId=98da0466fc step=matting cost=10ms
[id-photo-be] faceDetector=None
[id-photo-be] faceCount=None
[id-photo-be] faceBox=None
[id-photo-be] mattingEngine=None
[id-photo-be] rembgModel=None
[id-photo-be] engine=hivision engineVersion=multi-engine-reset-20260613-local model=rmbg-1.4
[id-photo-be] foregroundPath=None
[id-photo-be] maskPath=None
[id-photo-be] cropParams=None
[id-photo-be] prepare success preparedId=20be0a26-42d6-42e7-9fd8-e8f35320de53
[id-photo] requestId=98da0466fc total=4751ms success=true preparedId=20be0a26-42d6-42e7-9fd8-e8f35320de53
INFO:     127.0.0.1:60436 - "POST /api/id-photo/prepare HTTP/1.1" 200 OK
[id-photo-be] prepare start requestId=d235ee4371
[id-photo] requestId=d235ee4371 step=load_image cost=0ms
[id-photo] requestId=d235ee4371 step=matting cost=10ms
[id-photo-be] faceDetector=None
[id-photo-be] faceCount=None
[id-photo-be] faceBox=None
[id-photo-be] mattingEngine=None
[id-photo-be] rembgModel=None
[id-photo-be] engine=hivision engineVersion=multi-engine-reset-20260613-local model=rmbg-1.4
[id-photo-be] foregroundPath=None
[id-photo-be] maskPath=None
[id-photo-be] cropParams=None
[id-photo-be] prepare success preparedId=3b6ee3cf-f96e-4f9f-821e-25759eb8168a
[id-photo] requestId=d235ee4371 total=5475ms success=true preparedId=3b6ee3cf-f96e-4f9f-821e-25759eb8168a
INFO:     127.0.0.1:56434 - "POST /api/id-photo/prepare HTTP/1.1" 200 OK
[id-photo-be] prepare start requestId=e6d5f89fe8
[id-photo] requestId=e6d5f89fe8 step=load_image cost=0ms
[id-photo] requestId=e6d5f89fe8 step=matting cost=10ms
[id-photo-be] faceDetector=None
[id-photo-be] faceCount=None
[id-photo-be] faceBox=None
[id-photo-be] mattingEngine=None
[id-photo-be] rembgModel=None
[id-photo-be] engine=hivision engineVersion=multi-engine-reset-20260613-local model=rmbg-1.4
[id-photo-be] foregroundPath=None
[id-photo-be] maskPath=None
[id-photo-be] cropParams=None
[id-photo-be] prepare success preparedId=92de36c4-bfb8-4b77-be66-adf1f7809345
[id-photo] requestId=e6d5f89fe8 total=5314ms success=true preparedId=92de36c4-bfb8-4b77-be66-adf1f7809345
INFO:     127.0.0.1:60845 - "POST /api/id-photo/prepare HTTP/1.1" 200 OK
[id-photo-be] prepare start requestId=01b1d30238
[id-photo] requestId=01b1d30238 step=load_image cost=0ms
[id-photo] requestId=01b1d30238 step=matting cost=10ms
[id-photo-be] faceDetector=None
[id-photo-be] faceCount=None
[id-photo-be] faceBox=None
[id-photo-be] mattingEngine=None
[id-photo-be] rembgModel=None
[id-photo-be] engine=hivision engineVersion=multi-engine-reset-20260613-local model=rmbg-1.4
[id-photo-be] foregroundPath=None
[id-photo-be] maskPath=None
[id-photo-be] cropParams=None
[id-photo-be] prepare success preparedId=202024c5-7a6e-48f4-bae1-396ff5dca798
[id-photo] requestId=01b1d30238 total=6486ms success=true preparedId=202024c5-7a6e-48f4-bae1-396ff5dca798
INFO:     127.0.0.1:51257 - "POST /api/id-photo/prepare HTTP/1.1" 200 OK
[id-photo-be] prepare start requestId=80c7642cf4
[id-photo] requestId=80c7642cf4 step=load_image cost=0ms
[id-photo] requestId=80c7642cf4 step=matting cost=10ms
[id-photo-be] faceDetector=None
[id-photo-be] faceCount=None
[id-photo-be] faceBox=None
[id-photo-be] mattingEngine=None
[id-photo-be] rembgModel=None
[id-photo-be] engine=hivision engineVersion=multi-engine-reset-20260613-local model=rmbg-1.4
[id-photo-be] foregroundPath=None
[id-photo-be] maskPath=None
[id-photo-be] cropParams=None
[id-photo-be] prepare success preparedId=497ee4df-4fbe-425e-aec6-9db7cdbe2749
[id-photo] requestId=80c7642cf4 total=6959ms success=true preparedId=497ee4df-4fbe-425e-aec6-9db7cdbe2749
INFO:     127.0.0.1:53420 - "POST /api/id-photo/prepare HTTP/1.1" 200 OK
[id-photo-be] prepare start requestId=5129a2b790
[id-photo] requestId=5129a2b790 step=load_image cost=0ms
[id-photo] requestId=5129a2b790 step=matting cost=10ms
[id-photo-be] faceDetector=None
[id-photo-be] faceCount=None
[id-photo-be] faceBox=None
[id-photo-be] mattingEngine=None
[id-photo-be] rembgModel=None
[id-photo-be] engine=hivision engineVersion=multi-engine-reset-20260613-local model=rmbg-1.4
[id-photo-be] foregroundPath=None
[id-photo-be] maskPath=None
[id-photo-be] cropParams=None
[id-photo-be] prepare success preparedId=f474c7a8-04af-4049-9d4e-cdf5f1bc8021
[id-photo] requestId=5129a2b790 total=5048ms success=true preparedId=f474c7a8-04af-4049-9d4e-cdf5f1bc8021
INFO:     127.0.0.1:50702 - "POST /api/id-photo/prepare HTTP/1.1" 200 OK
[id-photo-be] prepare start requestId=64992d012a
[id-photo] requestId=64992d012a step=load_image cost=0ms
[id-photo] requestId=64992d012a step=matting cost=10ms
[id-photo-be] faceDetector=None
[id-photo-be] faceCount=None
[id-photo-be] faceBox=None
[id-photo-be] mattingEngine=None
[id-photo-be] rembgModel=None
[id-photo-be] engine=hivision engineVersion=multi-engine-reset-20260613-local model=rmbg-1.4
[id-photo-be] foregroundPath=None
[id-photo-be] maskPath=None
[id-photo-be] cropParams=None
[id-photo-be] prepare success preparedId=9fd11443-bb0c-4a10-9e00-b0dbb22e2bdf
[id-photo] requestId=64992d012a total=5245ms success=true preparedId=9fd11443-bb0c-4a10-9e00-b0dbb22e2bdf
INFO:     127.0.0.1:59428 - "POST /api/id-photo/prepare HTTP/1.1" 200 OK
[id-photo-be] prepare start requestId=6bbb3e251b
[id-photo] requestId=6bbb3e251b step=load_image cost=0ms
[id-photo] requestId=6bbb3e251b step=matting cost=10ms
[id-photo-be] faceDetector=None
[id-photo-be] faceCount=None
[id-photo-be] faceBox=None
[id-photo-be] mattingEngine=None
[id-photo-be] rembgModel=None
[id-photo-be] engine=hivision engineVersion=multi-engine-reset-20260613-local model=rmbg-1.4
[id-photo-be] foregroundPath=None
[id-photo-be] maskPath=None
[id-photo-be] cropParams=None
[id-photo-be] prepare success preparedId=435d6b18-53a9-41a1-abdc-f7adbc3c3de9
[id-photo] requestId=6bbb3e251b total=7464ms success=true preparedId=435d6b18-53a9-41a1-abdc-f7adbc3c3de9
INFO:     127.0.0.1:59492 - "POST /api/id-photo/prepare HTTP/1.1" 200 OK
[id-photo-be] prepare start requestId=26c24dea68
[id-photo] requestId=26c24dea68 step=load_image cost=0ms
[id-photo] requestId=26c24dea68 step=matting cost=10ms
[id-photo-be] faceDetector=None
[id-photo-be] faceCount=None
[id-photo-be] faceBox=None
[id-photo-be] mattingEngine=None
[id-photo-be] rembgModel=None
[id-photo-be] engine=hivision engineVersion=multi-engine-reset-20260613-local model=rmbg-1.4
[id-photo-be] foregroundPath=None
[id-photo-be] maskPath=None
[id-photo-be] cropParams=None
[id-photo-be] prepare success preparedId=0feb95db-1d37-4797-8ce5-d2437302673e
[id-photo] requestId=26c24dea68 total=5378ms success=true preparedId=0feb95db-1d37-4797-8ce5-d2437302673e
INFO:     127.0.0.1:60219 - "POST /api/id-photo/prepare HTTP/1.1" 200 OK
[id-photo-be] prepare start requestId=81f420a862
[id-photo] requestId=81f420a862 step=load_image cost=0ms
INFO:     127.0.0.1:64986 - "POST /api/id-photo/prepare HTTP/1.1" 400 Bad Request
[id-photo-be] prepare start requestId=4370a15482
[id-photo] requestId=4370a15482 step=load_image cost=0ms
[id-photo] requestId=4370a15482 step=matting cost=10ms
[id-photo-be] faceDetector=None
[id-photo-be] faceCount=None
[id-photo-be] faceBox=None
[id-photo-be] mattingEngine=None
[id-photo-be] rembgModel=None
[id-photo-be] engine=hivision engineVersion=multi-engine-reset-20260613-local model=rmbg-1.4
[id-photo-be] foregroundPath=None
[id-photo-be] maskPath=None
[id-photo-be] cropParams=None
[id-photo-be] prepare success preparedId=0062ff83-94ce-4c06-a41f-455141acc58c
[id-photo] requestId=4370a15482 total=5901ms success=true preparedId=0062ff83-94ce-4c06-a41f-455141acc58c
INFO:     127.0.0.1:64987 - "POST /api/id-photo/prepare HTTP/1.1" 200 OK
[id-photo-be] prepare start requestId=a2386acf8e
[id-photo] requestId=a2386acf8e step=load_image cost=0ms
[id-photo] requestId=a2386acf8e step=matting cost=10ms
[id-photo-be] faceDetector=None
[id-photo-be] faceCount=None
[id-photo-be] faceBox=None
[id-photo-be] mattingEngine=None
[id-photo-be] rembgModel=None
[id-photo-be] engine=hivision engineVersion=multi-engine-reset-20260613-local model=rmbg-1.4
[id-photo-be] foregroundPath=None
[id-photo-be] maskPath=None
[id-photo-be] cropParams=None
[id-photo-be] prepare success preparedId=56338794-da01-4288-b5c9-df5014839e72
[id-photo] requestId=a2386acf8e total=6042ms success=true preparedId=56338794-da01-4288-b5c9-df5014839e72
INFO:     127.0.0.1:60211 - "POST /api/id-photo/prepare HTTP/1.1" 200 OK
[id-photo-be] prepare start requestId=fecb613e31
[id-photo] requestId=fecb613e31 step=load_image cost=0ms
[id-photo] requestId=fecb613e31 step=matting cost=10ms
[id-photo-be] faceDetector=None
[id-photo-be] faceCount=None
[id-photo-be] faceBox=None
[id-photo-be] mattingEngine=None
[id-photo-be] rembgModel=None
[id-photo-be] engine=hivision engineVersion=multi-engine-reset-20260613-local model=rmbg-1.4
[id-photo-be] foregroundPath=None
[id-photo-be] maskPath=None
[id-photo-be] cropParams=None
[id-photo-be] prepare success preparedId=51cbf42b-2d14-4228-bb04-51bfab7caafe
[id-photo] requestId=fecb613e31 total=6510ms success=true preparedId=51cbf42b-2d14-4228-bb04-51bfab7caafe
INFO:     127.0.0.1:58087 - "POST /api/id-photo/prepare HTTP/1.1" 200 OK
[id-photo-be] prepare start requestId=9b93d86e54
[id-photo] requestId=9b93d86e54 step=load_image cost=0ms
[id-photo] requestId=9b93d86e54 step=matting cost=10ms
[id-photo-be] faceDetector=None
[id-photo-be] faceCount=None
[id-photo-be] faceBox=None
[id-photo-be] mattingEngine=None
[id-photo-be] rembgModel=None
[id-photo-be] engine=hivision engineVersion=multi-engine-reset-20260613-local model=rmbg-1.4
[id-photo-be] foregroundPath=None
[id-photo-be] maskPath=None
[id-photo-be] cropParams=None
[id-photo-be] prepare success preparedId=d9c0802d-7a06-4863-80d4-65c286d8c150
[id-photo] requestId=9b93d86e54 total=4964ms success=true preparedId=d9c0802d-7a06-4863-80d4-65c286d8c150
INFO:     127.0.0.1:64716 - "POST /api/id-photo/prepare HTTP/1.1" 200 OK
[id-photo-be] prepare start requestId=9834940111
[id-photo] requestId=9834940111 step=load_image cost=0ms
[id-photo] requestId=9834940111 step=matting cost=10ms
[id-photo-be] faceDetector=None
[id-photo-be] faceCount=None
[id-photo-be] faceBox=None
[id-photo-be] mattingEngine=None
[id-photo-be] rembgModel=None
[id-photo-be] engine=hivision engineVersion=multi-engine-reset-20260613-local model=rmbg-1.4
[id-photo-be] foregroundPath=None
[id-photo-be] maskPath=None
[id-photo-be] cropParams=None
[id-photo-be] prepare success preparedId=25eb1ce4-80e1-41a8-a5c8-f5cbfd6a4268
[id-photo] requestId=9834940111 total=5494ms success=true preparedId=25eb1ce4-80e1-41a8-a5c8-f5cbfd6a4268
INFO:     127.0.0.1:57983 - "POST /api/id-photo/prepare HTTP/1.1" 200 OK
[id-photo-be] prepare start requestId=4e11bbb193
[id-photo] requestId=4e11bbb193 step=load_image cost=0ms
[id-photo] requestId=4e11bbb193 step=matting cost=10ms
[id-photo-be] faceDetector=None
[id-photo-be] faceCount=None
[id-photo-be] faceBox=None
[id-photo-be] mattingEngine=None
[id-photo-be] rembgModel=None
[id-photo-be] engine=hivision engineVersion=multi-engine-reset-20260613-local model=rmbg-1.4
[id-photo-be] foregroundPath=None
[id-photo-be] maskPath=None
[id-photo-be] cropParams=None
[id-photo-be] prepare success preparedId=10fcbb1c-230d-4589-8587-0a049237b955
[id-photo] requestId=4e11bbb193 total=4498ms success=true preparedId=10fcbb1c-230d-4589-8587-0a049237b955
INFO:     127.0.0.1:59728 - "POST /api/id-photo/prepare HTTP/1.1" 200 OK
[id-photo-be] prepare start requestId=fda701c6b6
[id-photo] requestId=fda701c6b6 step=load_image cost=0ms
[id-photo] requestId=fda701c6b6 step=matting cost=10ms
[id-photo-be] faceDetector=None
[id-photo-be] faceCount=None
[id-photo-be] faceBox=None
[id-photo-be] mattingEngine=None
[id-photo-be] rembgModel=None
[id-photo-be] engine=hivision engineVersion=multi-engine-reset-20260613-local model=rmbg-1.4
[id-photo-be] foregroundPath=None
[id-photo-be] maskPath=None
[id-photo-be] cropParams=None
[id-photo-be] prepare success preparedId=42d59ef8-aba7-4ef1-a2f4-716b97321447
[id-photo] requestId=fda701c6b6 total=6418ms success=true preparedId=42d59ef8-aba7-4ef1-a2f4-716b97321447
INFO:     127.0.0.1:64452 - "POST /api/id-photo/prepare HTTP/1.1" 200 OK
[id-photo-be] prepare start requestId=5f58d93f94
[id-photo] requestId=5f58d93f94 step=load_image cost=0ms
[id-photo] requestId=5f58d93f94 step=matting cost=10ms
[id-photo-be] faceDetector=None
[id-photo-be] faceCount=None
[id-photo-be] faceBox=None
[id-photo-be] mattingEngine=None
[id-photo-be] rembgModel=None
[id-photo-be] engine=hivision engineVersion=multi-engine-reset-20260613-local model=rmbg-1.4
[id-photo-be] foregroundPath=None
[id-photo-be] maskPath=None
[id-photo-be] cropParams=None
[id-photo-be] prepare success preparedId=3af70424-f79c-4144-987e-f8145315f0fb
[id-photo] requestId=5f58d93f94 total=5001ms success=true preparedId=3af70424-f79c-4144-987e-f8145315f0fb
INFO:     127.0.0.1:52119 - "POST /api/id-photo/prepare HTTP/1.1" 200 OK
[id-photo-be] prepare start requestId=11fddd14bf
[id-photo] requestId=11fddd14bf step=load_image cost=0ms
[id-photo] requestId=11fddd14bf step=matting cost=10ms
[id-photo-be] faceDetector=None
[id-photo-be] faceCount=None
[id-photo-be] faceBox=None
[id-photo-be] mattingEngine=None
[id-photo-be] rembgModel=None
[id-photo-be] engine=hivision engineVersion=multi-engine-reset-20260613-local model=rmbg-1.4
[id-photo-be] foregroundPath=None
[id-photo-be] maskPath=None
[id-photo-be] cropParams=None
[id-photo-be] prepare success preparedId=e3a59cd0-d601-4360-bab3-c6ebce81f89d
[id-photo] requestId=11fddd14bf total=5094ms success=true preparedId=e3a59cd0-d601-4360-bab3-c6ebce81f89d
INFO:     127.0.0.1:52334 - "POST /api/id-photo/prepare HTTP/1.1" 200 OK
[id-photo-be] prepare start requestId=2b18ab5a69
[id-photo] requestId=2b18ab5a69 step=load_image cost=0ms
[id-photo] requestId=2b18ab5a69 step=matting cost=10ms
[id-photo-be] faceDetector=None
[id-photo-be] faceCount=None
[id-photo-be] faceBox=None
[id-photo-be] mattingEngine=None
[id-photo-be] rembgModel=None
[id-photo-be] engine=hivision engineVersion=multi-engine-reset-20260613-local model=rmbg-1.4
[id-photo-be] foregroundPath=None
[id-photo-be] maskPath=None
[id-photo-be] cropParams=None
[id-photo-be] prepare success preparedId=454720be-fea0-497b-a457-c908e5155f47
[id-photo] requestId=2b18ab5a69 total=7770ms success=true preparedId=454720be-fea0-497b-a457-c908e5155f47
INFO:     127.0.0.1:60481 - "POST /api/id-photo/prepare HTTP/1.1" 200 OK
[id-photo-be] prepare start requestId=bb4e6a5076
[id-photo] requestId=bb4e6a5076 step=load_image cost=0ms
[id-photo] requestId=bb4e6a5076 step=matting cost=10ms
[id-photo-be] faceDetector=None
[id-photo-be] faceCount=None
[id-photo-be] faceBox=None
[id-photo-be] mattingEngine=None
[id-photo-be] rembgModel=None
[id-photo-be] engine=hivision engineVersion=multi-engine-reset-20260613-local model=rmbg-1.4
[id-photo-be] foregroundPath=None
[id-photo-be] maskPath=None
[id-photo-be] cropParams=None
[id-photo-be] prepare success preparedId=9e6e7966-5ea1-41a6-ab55-238195bbbd3b
[id-photo] requestId=bb4e6a5076 total=4692ms success=true preparedId=9e6e7966-5ea1-41a6-ab55-238195bbbd3b
INFO:     127.0.0.1:61530 - "POST /api/id-photo/prepare HTTP/1.1" 200 OK
[id-photo-be] prepare start requestId=dc7201422c
[id-photo] requestId=dc7201422c step=load_image cost=0ms
[id-photo] requestId=dc7201422c step=matting cost=10ms
[id-photo-be] faceDetector=None
[id-photo-be] faceCount=None
[id-photo-be] faceBox=None
[id-photo-be] mattingEngine=None
[id-photo-be] rembgModel=None
[id-photo-be] engine=hivision engineVersion=multi-engine-reset-20260613-local model=rmbg-1.4
[id-photo-be] foregroundPath=None
[id-photo-be] maskPath=None
[id-photo-be] cropParams=None
[id-photo-be] prepare success preparedId=a2e58718-f420-488d-a0f1-054d992fc4fa
[id-photo] requestId=dc7201422c total=5435ms success=true preparedId=a2e58718-f420-488d-a0f1-054d992fc4fa
INFO:     127.0.0.1:55691 - "POST /api/id-photo/prepare HTTP/1.1" 200 OK
[id-photo-be] prepare start requestId=f06a696976
[id-photo] requestId=f06a696976 step=load_image cost=0ms
[id-photo] requestId=f06a696976 step=matting cost=10ms
[id-photo-be] faceDetector=None
[id-photo-be] faceCount=None
[id-photo-be] faceBox=None
[id-photo-be] mattingEngine=None
[id-photo-be] rembgModel=None
[id-photo-be] engine=hivision engineVersion=multi-engine-reset-20260613-local model=rmbg-1.4
[id-photo-be] foregroundPath=None
[id-photo-be] maskPath=None
[id-photo-be] cropParams=None
[id-photo-be] prepare success preparedId=2e8524d6-7d4b-4bb1-8a0b-73c16454c985
[id-photo] requestId=f06a696976 total=4953ms success=true preparedId=2e8524d6-7d4b-4bb1-8a0b-73c16454c985
INFO:     127.0.0.1:54484 - "POST /api/id-photo/prepare HTTP/1.1" 200 OK
[id-photo-be] prepare start requestId=6caaf2febc
[id-photo] requestId=6caaf2febc step=load_image cost=0ms
[id-photo] requestId=6caaf2febc step=matting cost=10ms
[id-photo-be] faceDetector=None
[id-photo-be] faceCount=None
[id-photo-be] faceBox=None
[id-photo-be] mattingEngine=None
[id-photo-be] rembgModel=None
[id-photo-be] engine=hivision engineVersion=multi-engine-reset-20260613-local model=rmbg-1.4
[id-photo-be] foregroundPath=None
[id-photo-be] maskPath=None
[id-photo-be] cropParams=None
[id-photo-be] prepare success preparedId=e9b5cb8e-975c-4c13-8d9e-e3bdd154effe
[id-photo] requestId=6caaf2febc total=4570ms success=true preparedId=e9b5cb8e-975c-4c13-8d9e-e3bdd154effe
INFO:     127.0.0.1:64825 - "POST /api/id-photo/prepare HTTP/1.1" 200 OK
[id-photo-be] prepare start requestId=a603ce9c8f
[id-photo] requestId=a603ce9c8f step=load_image cost=0ms
[id-photo] requestId=a603ce9c8f step=matting cost=10ms
[id-photo-be] faceDetector=None
[id-photo-be] faceCount=None
[id-photo-be] faceBox=None
[id-photo-be] mattingEngine=None
[id-photo-be] rembgModel=None
[id-photo-be] engine=hivision engineVersion=multi-engine-reset-20260613-local model=rmbg-1.4
[id-photo-be] foregroundPath=None
[id-photo-be] maskPath=None
[id-photo-be] cropParams=None
[id-photo-be] prepare success preparedId=411f0ce7-4ea9-4316-bb36-c4644950fbc5
[id-photo] requestId=a603ce9c8f total=6581ms success=true preparedId=411f0ce7-4ea9-4316-bb36-c4644950fbc5
INFO:     127.0.0.1:58882 - "POST /api/id-photo/prepare HTTP/1.1" 200 OK
[id-photo-be] prepare start requestId=df4f60e630
[id-photo] requestId=df4f60e630 step=load_image cost=0ms
[id-photo] requestId=df4f60e630 step=matting cost=10ms
[id-photo-be] faceDetector=None
[id-photo-be] faceCount=None
[id-photo-be] faceBox=None
[id-photo-be] mattingEngine=None
[id-photo-be] rembgModel=None
[id-photo-be] engine=hivision engineVersion=multi-engine-reset-20260613-local model=rmbg-1.4
[id-photo-be] foregroundPath=None
[id-photo-be] maskPath=None
[id-photo-be] cropParams=None
[id-photo-be] prepare success preparedId=39dc96df-ac41-47ac-9716-5a47b802a5d0
[id-photo] requestId=df4f60e630 total=4552ms success=true preparedId=39dc96df-ac41-47ac-9716-5a47b802a5d0
INFO:     127.0.0.1:50999 - "POST /api/id-photo/prepare HTTP/1.1" 200 OK
[id-photo-be] prepare start requestId=31b5611998
[id-photo] requestId=31b5611998 step=load_image cost=0ms
[id-photo] requestId=31b5611998 step=matting cost=10ms
[id-photo-be] faceDetector=None
[id-photo-be] faceCount=None
[id-photo-be] faceBox=None
[id-photo-be] mattingEngine=None
[id-photo-be] rembgModel=None
[id-photo-be] engine=hivision engineVersion=multi-engine-reset-20260613-local model=rmbg-1.4
[id-photo-be] foregroundPath=None
[id-photo-be] maskPath=None
[id-photo-be] cropParams=None
[id-photo-be] prepare success preparedId=aaefcc09-9840-43b2-883e-7456f4fda851
[id-photo] requestId=31b5611998 total=4493ms success=true preparedId=aaefcc09-9840-43b2-883e-7456f4fda851
INFO:     127.0.0.1:50993 - "POST /api/id-photo/prepare HTTP/1.1" 200 OK
[id-photo-be] prepare start requestId=23a4aa53cc
[id-photo] requestId=23a4aa53cc step=load_image cost=0ms
[id-photo] requestId=23a4aa53cc step=matting cost=10ms
[id-photo-be] faceDetector=None
[id-photo-be] faceCount=None
[id-photo-be] faceBox=None
[id-photo-be] mattingEngine=None
[id-photo-be] rembgModel=None
[id-photo-be] engine=hivision engineVersion=multi-engine-reset-20260613-local model=rmbg-1.4
[id-photo-be] foregroundPath=None
[id-photo-be] maskPath=None
[id-photo-be] cropParams=None
[id-photo-be] prepare success preparedId=29eb0e2d-2bf9-4f1c-ae2b-fdd309953b60
[id-photo] requestId=23a4aa53cc total=6295ms success=true preparedId=29eb0e2d-2bf9-4f1c-ae2b-fdd309953b60
INFO:     127.0.0.1:50745 - "POST /api/id-photo/prepare HTTP/1.1" 200 OK
[id-photo-be] prepare start requestId=6b87cb0873
[id-photo] requestId=6b87cb0873 step=load_image cost=0ms
[id-photo] requestId=6b87cb0873 step=matting cost=10ms
[id-photo-be] faceDetector=None
[id-photo-be] faceCount=None
[id-photo-be] faceBox=None
[id-photo-be] mattingEngine=None
[id-photo-be] rembgModel=None
[id-photo-be] engine=hivision engineVersion=multi-engine-reset-20260613-local model=rmbg-1.4
[id-photo-be] foregroundPath=None
[id-photo-be] maskPath=None
[id-photo-be] cropParams=None
[id-photo-be] prepare success preparedId=a3f2999c-8171-493b-94fe-757293f8532c
[id-photo] requestId=6b87cb0873 total=4763ms success=true preparedId=a3f2999c-8171-493b-94fe-757293f8532c
INFO:     127.0.0.1:61018 - "POST /api/id-photo/prepare HTTP/1.1" 200 OK
[id-photo-be] prepare start requestId=9752a5ece7
[id-photo] requestId=9752a5ece7 step=load_image cost=0ms
[id-photo] requestId=9752a5ece7 step=matting cost=10ms
[id-photo-be] faceDetector=None
[id-photo-be] faceCount=None
[id-photo-be] faceBox=None
[id-photo-be] mattingEngine=None
[id-photo-be] rembgModel=None
[id-photo-be] engine=hivision engineVersion=multi-engine-reset-20260613-local model=rmbg-1.4
[id-photo-be] foregroundPath=None
[id-photo-be] maskPath=None
[id-photo-be] cropParams=None
[id-photo-be] prepare success preparedId=f749da70-0c96-4c63-86ff-8de5f5417cde
[id-photo] requestId=9752a5ece7 total=4723ms success=true preparedId=f749da70-0c96-4c63-86ff-8de5f5417cde
INFO:     127.0.0.1:62504 - "POST /api/id-photo/prepare HTTP/1.1" 200 OK
[id-photo-be] prepare start requestId=0f88498437
[id-photo] requestId=0f88498437 step=load_image cost=0ms
[id-photo] requestId=0f88498437 step=matting cost=10ms
[id-photo-be] faceDetector=None
[id-photo-be] faceCount=None
[id-photo-be] faceBox=None
[id-photo-be] mattingEngine=None
[id-photo-be] rembgModel=None
[id-photo-be] engine=hivision engineVersion=multi-engine-reset-20260613-local model=rmbg-1.4
[id-photo-be] foregroundPath=None
[id-photo-be] maskPath=None
[id-photo-be] cropParams=None
[id-photo-be] prepare success preparedId=3c2679fd-af9f-4c08-b38a-af997a7709dd
[id-photo] requestId=0f88498437 total=5825ms success=true preparedId=3c2679fd-af9f-4c08-b38a-af997a7709dd
INFO:     127.0.0.1:64288 - "POST /api/id-photo/prepare HTTP/1.1" 200 OK
[id-photo-be] prepare start requestId=5397d0be3e
[id-photo] requestId=5397d0be3e step=load_image cost=0ms
[id-photo] requestId=5397d0be3e step=matting cost=10ms
[id-photo-be] faceDetector=None
[id-photo-be] faceCount=None
[id-photo-be] faceBox=None
[id-photo-be] mattingEngine=None
[id-photo-be] rembgModel=None
[id-photo-be] engine=hivision engineVersion=multi-engine-reset-20260613-local model=rmbg-1.4
[id-photo-be] foregroundPath=None
[id-photo-be] maskPath=None
[id-photo-be] cropParams=None
[id-photo-be] prepare success preparedId=48292d89-7713-4ab4-b46f-251eab2f3ae4
[id-photo] requestId=5397d0be3e total=5452ms success=true preparedId=48292d89-7713-4ab4-b46f-251eab2f3ae4
INFO:     127.0.0.1:49877 - "POST /api/id-photo/prepare HTTP/1.1" 200 OK
[id-photo-be] prepare start requestId=90c6c1382c
[id-photo] requestId=90c6c1382c step=load_image cost=0ms
INFO:     127.0.0.1:65372 - "POST /api/id-photo/prepare HTTP/1.1" 400 Bad Request
[id-photo-be] prepare start requestId=fbdeae2016
[id-photo] requestId=fbdeae2016 step=load_image cost=0ms
[id-photo] requestId=fbdeae2016 step=matting cost=10ms
[id-photo-be] faceDetector=None
[id-photo-be] faceCount=None
[id-photo-be] faceBox=None
[id-photo-be] mattingEngine=None
[id-photo-be] rembgModel=None
[id-photo-be] engine=hivision engineVersion=multi-engine-reset-20260613-local model=rmbg-1.4
[id-photo-be] foregroundPath=None
[id-photo-be] maskPath=None
[id-photo-be] cropParams=None
[id-photo-be] prepare success preparedId=21b37a3f-afda-4481-b87d-47fdfe3123cb
[id-photo] requestId=fbdeae2016 total=5150ms success=true preparedId=21b37a3f-afda-4481-b87d-47fdfe3123cb
INFO:     127.0.0.1:56156 - "POST /api/id-photo/prepare HTTP/1.1" 200 OK
[id-photo-be] prepare start requestId=c3094047bd
[id-photo] requestId=c3094047bd step=load_image cost=0ms
[id-photo] requestId=c3094047bd step=matting cost=10ms
[id-photo-be] faceDetector=None
[id-photo-be] faceCount=None
[id-photo-be] faceBox=None
[id-photo-be] mattingEngine=None
[id-photo-be] rembgModel=None
[id-photo-be] engine=hivision engineVersion=multi-engine-reset-20260613-local model=rmbg-1.4
[id-photo-be] foregroundPath=None
[id-photo-be] maskPath=None
[id-photo-be] cropParams=None
[id-photo-be] prepare success preparedId=68ee3cb7-900b-49ac-a56c-c77ac4e952c6
[id-photo] requestId=c3094047bd total=5528ms success=true preparedId=68ee3cb7-900b-49ac-a56c-c77ac4e952c6
INFO:     127.0.0.1:65296 - "POST /api/id-photo/prepare HTTP/1.1" 200 OK
[id-photo-be] prepare start requestId=3439e5ec46
[id-photo] requestId=3439e5ec46 step=load_image cost=0ms
[id-photo] requestId=3439e5ec46 step=matting cost=10ms
[id-photo-be] faceDetector=None
[id-photo-be] faceCount=None
[id-photo-be] faceBox=None
[id-photo-be] mattingEngine=None
[id-photo-be] rembgModel=None
[id-photo-be] engine=hivision engineVersion=multi-engine-reset-20260613-local model=rmbg-1.4
[id-photo-be] foregroundPath=None
[id-photo-be] maskPath=None
[id-photo-be] cropParams=None
[id-photo-be] prepare success preparedId=cbfbcce3-23ee-4b5f-8ae4-11f610d107a1
[id-photo] requestId=3439e5ec46 total=4664ms success=true preparedId=cbfbcce3-23ee-4b5f-8ae4-11f610d107a1
INFO:     127.0.0.1:50425 - "POST /api/id-photo/prepare HTTP/1.1" 200 OK
[id-photo-be] prepare start requestId=77c28a2222
[id-photo] requestId=77c28a2222 step=load_image cost=0ms
[id-photo] requestId=77c28a2222 step=matting cost=10ms
[id-photo-be] faceDetector=None
[id-photo-be] faceCount=None
[id-photo-be] faceBox=None
[id-photo-be] mattingEngine=None
[id-photo-be] rembgModel=None
[id-photo-be] engine=hivision engineVersion=multi-engine-reset-20260613-local model=rmbg-1.4
[id-photo-be] foregroundPath=None
[id-photo-be] maskPath=None
[id-photo-be] cropParams=None
[id-photo-be] prepare success preparedId=318d2ce8-7302-4fb6-800f-232d0b41179d
[id-photo] requestId=77c28a2222 total=4504ms success=true preparedId=318d2ce8-7302-4fb6-800f-232d0b41179d
INFO:     127.0.0.1:54672 - "POST /api/id-photo/prepare HTTP/1.1" 200 OK
[id-photo-be] prepare start requestId=96d8a82562
[id-photo] requestId=96d8a82562 step=load_image cost=0ms
INFO:     127.0.0.1:61859 - "POST /api/id-photo/prepare HTTP/1.1" 400 Bad Request
[id-photo-be] prepare start requestId=014cd052e3
[id-photo] requestId=014cd052e3 step=load_image cost=0ms
INFO:     127.0.0.1:58032 - "POST /api/id-photo/prepare HTTP/1.1" 400 Bad Request
INFO:     127.0.0.1:51747 - "GET /api/health HTTP/1.1" 200 OK
INFO:     127.0.0.1:51748 - "GET /api/watermark/health HTTP/1.1" 200 OK
INFO:     127.0.0.1:51756 - "GET /api/health HTTP/1.1" 200 OK
INFO:     127.0.0.1:51758 - "GET /api/watermark/health HTTP/1.1" 200 OK
INFO:     127.0.0.1:51760 - "GET /api/id-photo/capabilities HTTP/1.1" 200 OK
INFO:     127.0.0.1:52155 - "GET /api/health HTTP/1.1" 200 OK
INFO:     127.0.0.1:52156 - "GET /api/watermark/health HTTP/1.1" 200 OK
INFO:     127.0.0.1:52158 - "GET /api/health HTTP/1.1" 200 OK
INFO:     127.0.0.1:52159 - "GET /api/watermark/health HTTP/1.1" 200 OK
[id-photo-be] prepare start requestId=2e950b2aa6
[id-photo] requestId=2e950b2aa6 step=load_image cost=0ms
[id-photo] requestId=2e950b2aa6 step=matting cost=10ms
[id-photo-be] faceDetector=None
[id-photo-be] faceCount=None
[id-photo-be] faceBox=None
[id-photo-be] mattingEngine=None
[id-photo-be] rembgModel=None
[id-photo-be] engine=hivision engineVersion=multi-engine-reset-20260613-local model=rmbg-1.4
[id-photo-be] foregroundPath=None
[id-photo-be] maskPath=None
[id-photo-be] cropParams=None
[id-photo-be] prepare success preparedId=c1c9b524-af27-4389-a3b0-feb8066dd7d3
[id-photo] requestId=2e950b2aa6 total=6286ms success=true preparedId=c1c9b524-af27-4389-a3b0-feb8066dd7d3
INFO:     127.0.0.1:54981 - "POST /api/id-photo/prepare HTTP/1.1" 200 OK
[id-photo-be] compose start preparedId=c1c9b524-af27-4389-a3b0-feb8066dd7d3 requestId=81d7a89c52
[id-photo] requestId=81d7a89c52 step=save_output cost=71ms
[id-photo-be] bgColor=None
[id-photo-be] outputSize=None
[id-photo-be] backgroundPureColor=None
[id-photo-be] originalBackgroundRemoved=None
[id-photo-be] usedForegroundPng=None
[id-photo-be] usedOriginalImageDirectly=None
[id-photo-be] engine=hivision engineVersion=multi-engine-reset-20260613-local model=rmbg-1.4
[id-photo-be] finalImageUrl=/outputs/14e9b70f5f98434989696ac35251a4ec.jpg?v=81d7a89c52-1781879341530-825d5375e940
[id-photo-be] compose success
[id-photo] requestId=81d7a89c52 total=81ms success=true finalImageUrl=/outputs/14e9b70f5f98434989696ac35251a4ec.jpg?v=81d7a89c52-1781879341530-825d5375e940
INFO:     127.0.0.1:55111 - "POST /api/id-photo/compose HTTP/1.1" 200 OK
INFO:     127.0.0.1:54981 - "GET /outputs/14e9b70f5f98434989696ac35251a4ec.jpg?v=81d7a89c52-1781879341530-825d5375e940 HTTP/1.1" 200 OK
INFO:     127.0.0.1:50515 - "GET /outputs/14e9b70f5f98434989696ac35251a4ec.jpg?v=81d7a89c52-1781879341530-825d5375e940 HTTP/1.1" 200 OK
[id-photo-be] prepare start requestId=e983256de4
[id-photo] requestId=e983256de4 step=load_image cost=0ms
[id-photo] requestId=e983256de4 step=matting cost=10ms
[id-photo-be] faceDetector=None
[id-photo-be] faceCount=None
[id-photo-be] faceBox=None
[id-photo-be] mattingEngine=None
[id-photo-be] rembgModel=None
[id-photo-be] engine=hivision engineVersion=multi-engine-reset-20260613-local model=rmbg-1.4
[id-photo-be] foregroundPath=None
[id-photo-be] maskPath=None
[id-photo-be] cropParams=None
[id-photo-be] prepare success preparedId=3f0a134f-10cf-4be4-8972-75919be3840c
[id-photo] requestId=e983256de4 total=6729ms success=true preparedId=3f0a134f-10cf-4be4-8972-75919be3840c
INFO:     127.0.0.1:63479 - "POST /api/id-photo/prepare HTTP/1.1" 200 OK
[id-photo-be] compose start preparedId=3f0a134f-10cf-4be4-8972-75919be3840c requestId=ae35dba61b
[id-photo] requestId=ae35dba61b step=save_output cost=68ms
[id-photo-be] bgColor=None
[id-photo-be] outputSize=None
[id-photo-be] backgroundPureColor=None
[id-photo-be] originalBackgroundRemoved=None
[id-photo-be] usedForegroundPng=None
[id-photo-be] usedOriginalImageDirectly=None
[id-photo-be] engine=hivision engineVersion=multi-engine-reset-20260613-local model=rmbg-1.4
[id-photo-be] finalImageUrl=/outputs/43e802b915b34bffa074157dc7ee3f1e.jpg?v=ae35dba61b-1781880050358-825d5375e940
[id-photo-be] compose success
[id-photo] requestId=ae35dba61b total=76ms success=true finalImageUrl=/outputs/43e802b915b34bffa074157dc7ee3f1e.jpg?v=ae35dba61b-1781880050358-825d5375e940
INFO:     127.0.0.1:58223 - "POST /api/id-photo/compose HTTP/1.1" 200 OK
INFO:     127.0.0.1:63479 - "GET /outputs/43e802b915b34bffa074157dc7ee3f1e.jpg?v=ae35dba61b-1781880050358-825d5375e940 HTTP/1.1" 200 OK
INFO:     127.0.0.1:59453 - "GET /outputs/43e802b915b34bffa074157dc7ee3f1e.jpg?v=ae35dba61b-1781880050358-825d5375e940 HTTP/1.1" 200 OK
[id-photo-be] prepare start requestId=2e8465873e
[id-photo] requestId=2e8465873e step=load_image cost=0ms
[id-photo] requestId=2e8465873e step=matting cost=10ms
[id-photo-be] faceDetector=None
[id-photo-be] faceCount=None
[id-photo-be] faceBox=None
[id-photo-be] mattingEngine=None
[id-photo-be] rembgModel=None
[id-photo-be] engine=hivision engineVersion=multi-engine-reset-20260613-local model=rmbg-1.4
[id-photo-be] foregroundPath=None
[id-photo-be] maskPath=None
[id-photo-be] cropParams=None
[id-photo-be] prepare success preparedId=0a19f38f-7f54-4f49-af92-48a128ecacc0
[id-photo] requestId=2e8465873e total=5199ms success=true preparedId=0a19f38f-7f54-4f49-af92-48a128ecacc0
INFO:     127.0.0.1:60119 - "POST /api/id-photo/prepare HTTP/1.1" 200 OK
[id-photo-be] compose start preparedId=0a19f38f-7f54-4f49-af92-48a128ecacc0 requestId=037c61f951
[id-photo] requestId=037c61f951 step=save_output cost=52ms
[id-photo-be] bgColor=None
[id-photo-be] outputSize=None
[id-photo-be] backgroundPureColor=None
[id-photo-be] originalBackgroundRemoved=None
[id-photo-be] usedForegroundPng=None
[id-photo-be] usedOriginalImageDirectly=None
[id-photo-be] engine=hivision engineVersion=multi-engine-reset-20260613-local model=rmbg-1.4
[id-photo-be] finalImageUrl=/outputs/9320388016344073be729616cb602d1b.jpg?v=037c61f951-1781880079984-c003e2d002e4
[id-photo-be] compose success
[id-photo] requestId=037c61f951 total=55ms success=true finalImageUrl=/outputs/9320388016344073be729616cb602d1b.jpg?v=037c61f951-1781880079984-c003e2d002e4
INFO:     127.0.0.1:55062 - "POST /api/id-photo/compose HTTP/1.1" 200 OK
INFO:     127.0.0.1:60119 - "GET /outputs/9320388016344073be729616cb602d1b.jpg?v=037c61f951-1781880079984-c003e2d002e4 HTTP/1.1" 200 OK
INFO:     127.0.0.1:56355 - "GET /outputs/9320388016344073be729616cb602d1b.jpg?v=037c61f951-1781880079984-c003e2d002e4 HTTP/1.1" 200 OK
[id-photo-be] prepare start requestId=ebe88858d8
[id-photo] requestId=ebe88858d8 step=load_image cost=0ms
[id-photo] requestId=ebe88858d8 step=matting cost=10ms
[id-photo-be] faceDetector=None
[id-photo-be] faceCount=None
[id-photo-be] faceBox=None
[id-photo-be] mattingEngine=None
[id-photo-be] rembgModel=None
[id-photo-be] engine=hivision engineVersion=multi-engine-reset-20260613-local model=rmbg-1.4
[id-photo-be] foregroundPath=None
[id-photo-be] maskPath=None
[id-photo-be] cropParams=None
[id-photo-be] prepare success preparedId=db08a355-e0b3-49e6-bb5d-786db348aa45
[id-photo] requestId=ebe88858d8 total=6686ms success=true preparedId=db08a355-e0b3-49e6-bb5d-786db348aa45
INFO:     127.0.0.1:64707 - "POST /api/id-photo/prepare HTTP/1.1" 200 OK
[id-photo-be] compose start preparedId=db08a355-e0b3-49e6-bb5d-786db348aa45 requestId=2ce88fc8e4
[id-photo] requestId=2ce88fc8e4 step=save_output cost=49ms
[id-photo-be] bgColor=None
[id-photo-be] outputSize=None
[id-photo-be] backgroundPureColor=None
[id-photo-be] originalBackgroundRemoved=None
[id-photo-be] usedForegroundPng=None
[id-photo-be] usedOriginalImageDirectly=None
[id-photo-be] engine=hivision engineVersion=multi-engine-reset-20260613-local model=rmbg-1.4
[id-photo-be] finalImageUrl=/outputs/e079ad2fe069461d8eff180bebcd081c.jpg?v=2ce88fc8e4-1781880139068-63ee72e61970
[id-photo-be] compose success
[id-photo] requestId=2ce88fc8e4 total=53ms success=true finalImageUrl=/outputs/e079ad2fe069461d8eff180bebcd081c.jpg?v=2ce88fc8e4-1781880139068-63ee72e61970
INFO:     127.0.0.1:51087 - "POST /api/id-photo/compose HTTP/1.1" 200 OK
INFO:     127.0.0.1:64707 - "GET /outputs/e079ad2fe069461d8eff180bebcd081c.jpg?v=2ce88fc8e4-1781880139068-63ee72e61970 HTTP/1.1" 200 OK
INFO:     127.0.0.1:62796 - "GET /outputs/e079ad2fe069461d8eff180bebcd081c.jpg?v=2ce88fc8e4-1781880139068-63ee72e61970 HTTP/1.1" 200 OK
INFO:     127.0.0.1:58870 - "GET /api/health HTTP/1.1" 200 OK
INFO:     127.0.0.1:58871 - "GET /api/watermark/health HTTP/1.1" 200 OK
INFO:     127.0.0.1:49911 - "GET /api/health HTTP/1.1" 200 OK
INFO:     127.0.0.1:49912 - "GET /api/id-photo/health HTTP/1.1" 200 OK
INFO:     127.0.0.1:49913 - "GET /api/id-photo/engine-info HTTP/1.1" 200 OK
INFO:     127.0.0.1:53767 - "GET /api/health HTTP/1.1" 200 OK
INFO:     127.0.0.1:53768 - "GET /api/watermark/health HTTP/1.1" 200 OK
INFO:     127.0.0.1:65166 - "GET /api/health HTTP/1.1" 200 OK
INFO:     127.0.0.1:65167 - "GET /api/watermark/health HTTP/1.1" 200 OK
INFO:     127.0.0.1:55912 - "GET /api/health HTTP/1.1" 200 OK
INFO:     127.0.0.1:55915 - "GET /api/watermark/health HTTP/1.1" 200 OK
INFO:     127.0.0.1:55170 - "GET /api/health HTTP/1.1" 200 OK
INFO:     127.0.0.1:55171 - "GET /api/id-photo/engine-info HTTP/1.1" 200 OK
INFO:     127.0.0.1:60742 - "GET /api/health HTTP/1.1" 200 OK
INFO:     127.0.0.1:60743 - "GET /api/id-photo/engine-info HTTP/1.1" 200 OK
INFO:     127.0.0.1:63610 - "GET /api/health HTTP/1.1" 200 OK
INFO:     127.0.0.1:54872 - "GET /api/id-photo/health HTTP/1.1" 200 OK
[id-photo-be] prepare start requestId=a8c94f8fea
[id-photo] requestId=a8c94f8fea step=load_image cost=0ms
INFO:     127.0.0.1:58786 - "POST /api/id-photo/prepare HTTP/1.1" 400 Bad Request
[id-photo-be] prepare start requestId=8781ad7d47
[id-photo] requestId=8781ad7d47 step=load_image cost=0ms
INFO:     127.0.0.1:58787 - "POST /api/id-photo/prepare HTTP/1.1" 400 Bad Request
[id-photo-be] prepare start requestId=cb7196828d
[id-photo] requestId=cb7196828d step=load_image cost=0ms
INFO:     127.0.0.1:58788 - "POST /api/id-photo/prepare HTTP/1.1" 400 Bad Request
[id-photo-be] prepare start requestId=005ae926a9
[id-photo] requestId=005ae926a9 step=load_image cost=0ms
INFO:     127.0.0.1:58801 - "POST /api/id-photo/prepare HTTP/1.1" 400 Bad Request
[id-photo-be] prepare start requestId=68f31dd4cd
[id-photo] requestId=68f31dd4cd step=load_image cost=0ms
INFO:     127.0.0.1:58806 - "POST /api/id-photo/prepare HTTP/1.1" 400 Bad Request
[id-photo-be] prepare start requestId=0efab6548c
[id-photo] requestId=0efab6548c step=load_image cost=0ms
INFO:     127.0.0.1:64046 - "POST /api/id-photo/prepare HTTP/1.1" 400 Bad Request
[id-photo-be] prepare start requestId=12e0f62933
[id-photo] requestId=12e0f62933 step=load_image cost=0ms
INFO:     127.0.0.1:64049 - "POST /api/id-photo/prepare HTTP/1.1" 400 Bad Request
[id-photo-be] prepare start requestId=c16be4a23c
[id-photo] requestId=c16be4a23c step=load_image cost=0ms
INFO:     127.0.0.1:64050 - "POST /api/id-photo/prepare HTTP/1.1" 400 Bad Request
[id-photo-be] prepare start requestId=adab66731c
[id-photo] requestId=adab66731c step=load_image cost=0ms
INFO:     127.0.0.1:64051 - "POST /api/id-photo/prepare HTTP/1.1" 400 Bad Request
[id-photo-be] prepare start requestId=c55fdf35d8
[id-photo] requestId=c55fdf35d8 step=load_image cost=0ms
INFO:     127.0.0.1:64052 - "POST /api/id-photo/prepare HTTP/1.1" 400 Bad Request
[id-photo-be] prepare start requestId=4bcfa6041b
[id-photo] requestId=4bcfa6041b step=load_image cost=0ms
[id-photo-be] prepare start requestId=d97f3b1423
[id-photo] requestId=d97f3b1423 step=load_image cost=0ms
[id-photo] requestId=d97f3b1423 step=matting cost=10ms
[id-photo-be] faceDetector=None
[id-photo-be] faceCount=None
[id-photo-be] faceBox=None
[id-photo-be] mattingEngine=None
[id-photo-be] rembgModel=None
[id-photo-be] engine=hivision engineVersion=multi-engine-reset-20260613-local model=rmbg-1.4
[id-photo-be] foregroundPath=None
[id-photo-be] maskPath=None
[id-photo-be] cropParams=None
[id-photo-be] prepare success preparedId=e5e9e022-2442-4f74-aaca-cb9707492496
[id-photo] requestId=d97f3b1423 total=5999ms success=true preparedId=e5e9e022-2442-4f74-aaca-cb9707492496
INFO:     127.0.0.1:51015 - "POST /api/id-photo/prepare HTTP/1.1" 200 OK
[id-photo-be] compose start preparedId=e5e9e022-2442-4f74-aaca-cb9707492496 requestId=2eaba7054b
[id-photo] requestId=2eaba7054b step=save_output cost=10ms
[id-photo-be] bgColor=None
[id-photo-be] outputSize=None
[id-photo-be] backgroundPureColor=None
[id-photo-be] originalBackgroundRemoved=None
[id-photo-be] usedForegroundPng=None
[id-photo-be] usedOriginalImageDirectly=None
[id-photo-be] engine=hivision engineVersion=multi-engine-reset-20260613-local model=rmbg-1.4
[id-photo-be] finalImageUrl=/outputs/aec541322cee47c4b79ba32734ee50f0.jpg?v=2eaba7054b-1781882889209-008f1d983837
[id-photo-be] compose success
[id-photo] requestId=2eaba7054b total=20ms success=true finalImageUrl=/outputs/aec541322cee47c4b79ba32734ee50f0.jpg?v=2eaba7054b-1781882889209-008f1d983837
INFO:     127.0.0.1:58638 - "POST /api/id-photo/compose HTTP/1.1" 200 OK
INFO:     127.0.0.1:58639 - "GET /outputs/aec541322cee47c4b79ba32734ee50f0.jpg?v=2eaba7054b-1781882889209-008f1d983837 HTTP/1.1" 200 OK
[id-photo-be] compose start preparedId=e5e9e022-2442-4f74-aaca-cb9707492496 requestId=e3c619498d
[id-photo] requestId=e3c619498d step=save_output cost=5ms
[id-photo-be] bgColor=None
[id-photo-be] outputSize=None
[id-photo-be] backgroundPureColor=None
[id-photo-be] originalBackgroundRemoved=None
[id-photo-be] usedForegroundPng=None
[id-photo-be] usedOriginalImageDirectly=None
[id-photo-be] engine=hivision engineVersion=multi-engine-reset-20260613-local model=rmbg-1.4
[id-photo-be] finalImageUrl=/outputs/25ea0f21122648daa3d2b82b6c6056bf.jpg?v=e3c619498d-1781882889405-252571aabc26
[id-photo-be] compose success
[id-photo] requestId=e3c619498d total=10ms success=true finalImageUrl=/outputs/25ea0f21122648daa3d2b82b6c6056bf.jpg?v=e3c619498d-1781882889405-252571aabc26
INFO:     127.0.0.1:58640 - "POST /api/id-photo/compose HTTP/1.1" 200 OK
INFO:     127.0.0.1:58641 - "GET /outputs/25ea0f21122648daa3d2b82b6c6056bf.jpg?v=e3c619498d-1781882889405-252571aabc26 HTTP/1.1" 200 OK
[id-photo-be] compose start preparedId=e5e9e022-2442-4f74-aaca-cb9707492496 requestId=73b5e42275
[id-photo] requestId=73b5e42275 step=save_output cost=3ms
[id-photo-be] bgColor=None
[id-photo-be] outputSize=None
[id-photo-be] backgroundPureColor=None
[id-photo-be] originalBackgroundRemoved=None
[id-photo-be] usedForegroundPng=None
[id-photo-be] usedOriginalImageDirectly=None
[id-photo-be] engine=hivision engineVersion=multi-engine-reset-20260613-local model=rmbg-1.4
[id-photo-be] finalImageUrl=/outputs/82fb096fa78c4405bcaab998b3a6a803.jpg?v=73b5e42275-1781882889571-0a7d28d0f124
[id-photo-be] compose success
[id-photo] requestId=73b5e42275 total=9ms success=true finalImageUrl=/outputs/82fb096fa78c4405bcaab998b3a6a803.jpg?v=73b5e42275-1781882889571-0a7d28d0f124
INFO:     127.0.0.1:58642 - "POST /api/id-photo/compose HTTP/1.1" 200 OK
INFO:     127.0.0.1:58643 - "GET /outputs/82fb096fa78c4405bcaab998b3a6a803.jpg?v=73b5e42275-1781882889571-0a7d28d0f124 HTTP/1.1" 200 OK
[id-photo-be] compose start preparedId=e5e9e022-2442-4f74-aaca-cb9707492496 requestId=18f245bcc1
[id-photo] requestId=18f245bcc1 step=save_output cost=2ms
[id-photo-be] bgColor=None
[id-photo-be] outputSize=None
[id-photo-be] backgroundPureColor=None
[id-photo-be] originalBackgroundRemoved=None
[id-photo-be] usedForegroundPng=None
[id-photo-be] usedOriginalImageDirectly=None
[id-photo-be] engine=hivision engineVersion=multi-engine-reset-20260613-local model=rmbg-1.4
[id-photo-be] finalImageUrl=/outputs/b13e1543458c4cba937a19042253f8fb.jpg?v=18f245bcc1-1781882889742-d789707eec51
[id-photo-be] compose success
[id-photo] requestId=18f245bcc1 total=7ms success=true finalImageUrl=/outputs/b13e1543458c4cba937a19042253f8fb.jpg?v=18f245bcc1-1781882889742-d789707eec51
INFO:     127.0.0.1:58644 - "POST /api/id-photo/compose HTTP/1.1" 200 OK
INFO:     127.0.0.1:58645 - "GET /outputs/b13e1543458c4cba937a19042253f8fb.jpg?v=18f245bcc1-1781882889742-d789707eec51 HTTP/1.1" 200 OK
[id-photo-be] compose start preparedId=e5e9e022-2442-4f74-aaca-cb9707492496 requestId=caafad1292
[id-photo] requestId=caafad1292 step=save_output cost=2ms
[id-photo-be] bgColor=None
[id-photo-be] outputSize=None
[id-photo-be] backgroundPureColor=None
[id-photo-be] originalBackgroundRemoved=None
[id-photo-be] usedForegroundPng=None
[id-photo-be] usedOriginalImageDirectly=None
[id-photo-be] engine=hivision engineVersion=multi-engine-reset-20260613-local model=rmbg-1.4
[id-photo-be] finalImageUrl=/outputs/9cd96578bee148ce896a571bd05eaf05.jpg?v=caafad1292-1781882889869-2ad36ffc06ca
[id-photo-be] compose success
[id-photo] requestId=caafad1292 total=7ms success=true finalImageUrl=/outputs/9cd96578bee148ce896a571bd05eaf05.jpg?v=caafad1292-1781882889869-2ad36ffc06ca
INFO:     127.0.0.1:58646 - "POST /api/id-photo/compose HTTP/1.1" 200 OK
INFO:     127.0.0.1:58647 - "GET /outputs/9cd96578bee148ce896a571bd05eaf05.jpg?v=caafad1292-1781882889869-2ad36ffc06ca HTTP/1.1" 200 OK
[id-photo-be] prepare start requestId=ea1b3ee3f9
[id-photo] requestId=ea1b3ee3f9 step=load_image cost=0ms
[id-photo] requestId=4bcfa6041b step=matting cost=10ms
[id-photo-be] faceDetector=None
[id-photo-be] faceCount=None
[id-photo-be] faceBox=None
[id-photo-be] mattingEngine=None
[id-photo-be] rembgModel=None
[id-photo-be] engine=hivision engineVersion=multi-engine-reset-20260613-local model=rmbg-1.4
[id-photo-be] foregroundPath=None
[id-photo-be] maskPath=None
[id-photo-be] cropParams=None
[id-photo-be] prepare success preparedId=838b6204-0efc-4077-91c9-c3c91b4d0631
[id-photo] requestId=4bcfa6041b total=7907ms success=true preparedId=838b6204-0efc-4077-91c9-c3c91b4d0631
INFO:     127.0.0.1:49699 - "POST /api/id-photo/prepare HTTP/1.1" 200 OK
[id-photo-be] compose start preparedId=838b6204-0efc-4077-91c9-c3c91b4d0631 requestId=e3c781a148
[id-photo] requestId=e3c781a148 step=save_output cost=4ms
[id-photo-be] bgColor=None
[id-photo-be] outputSize=None
[id-photo-be] backgroundPureColor=None
[id-photo-be] originalBackgroundRemoved=None
[id-photo-be] usedForegroundPng=None
[id-photo-be] usedOriginalImageDirectly=None
[id-photo-be] engine=hivision engineVersion=multi-engine-reset-20260613-local model=rmbg-1.4
[id-photo-be] finalImageUrl=/outputs/8a66a755e32e471d8d1273956667f911.jpg?v=e3c781a148-1781882890389-008f1d983837
[id-photo-be] compose success
[id-photo] requestId=e3c781a148 total=7ms success=true finalImageUrl=/outputs/8a66a755e32e471d8d1273956667f911.jpg?v=e3c781a148-1781882890389-008f1d983837
INFO:     127.0.0.1:58649 - "POST /api/id-photo/compose HTTP/1.1" 200 OK
INFO:     127.0.0.1:58651 - "GET /outputs/8a66a755e32e471d8d1273956667f911.jpg?v=e3c781a148-1781882890389-008f1d983837 HTTP/1.1" 200 OK
[id-photo-be] compose start preparedId=838b6204-0efc-4077-91c9-c3c91b4d0631 requestId=8ac450fa5b
[id-photo] requestId=8ac450fa5b step=save_output cost=2ms
[id-photo-be] bgColor=None
[id-photo-be] outputSize=None
[id-photo-be] backgroundPureColor=None
[id-photo-be] originalBackgroundRemoved=None
[id-photo-be] usedForegroundPng=None
[id-photo-be] usedOriginalImageDirectly=None
[id-photo-be] engine=hivision engineVersion=multi-engine-reset-20260613-local model=rmbg-1.4
[id-photo-be] finalImageUrl=/outputs/378595d748ba470fb0ed3db0e0b76ac5.jpg?v=8ac450fa5b-1781882890555-252571aabc26
[id-photo-be] compose success
[id-photo] requestId=8ac450fa5b total=7ms success=true finalImageUrl=/outputs/378595d748ba470fb0ed3db0e0b76ac5.jpg?v=8ac450fa5b-1781882890555-252571aabc26
INFO:     127.0.0.1:58655 - "POST /api/id-photo/compose HTTP/1.1" 200 OK
INFO:     127.0.0.1:58656 - "GET /outputs/378595d748ba470fb0ed3db0e0b76ac5.jpg?v=8ac450fa5b-1781882890555-252571aabc26 HTTP/1.1" 200 OK
[id-photo-be] compose start preparedId=838b6204-0efc-4077-91c9-c3c91b4d0631 requestId=dc3d45c100
[id-photo] requestId=dc3d45c100 step=save_output cost=2ms
[id-photo-be] bgColor=None
[id-photo-be] outputSize=None
[id-photo-be] backgroundPureColor=None
[id-photo-be] originalBackgroundRemoved=None
[id-photo-be] usedForegroundPng=None
[id-photo-be] usedOriginalImageDirectly=None
[id-photo-be] engine=hivision engineVersion=multi-engine-reset-20260613-local model=rmbg-1.4
[id-photo-be] finalImageUrl=/outputs/99313ff0d74c425d86086138f7f5539c.jpg?v=dc3d45c100-1781882890718-0a7d28d0f124
[id-photo-be] compose success
[id-photo] requestId=dc3d45c100 total=6ms success=true finalImageUrl=/outputs/99313ff0d74c425d86086138f7f5539c.jpg?v=dc3d45c100-1781882890718-0a7d28d0f124
INFO:     127.0.0.1:58657 - "POST /api/id-photo/compose HTTP/1.1" 200 OK
INFO:     127.0.0.1:58658 - "GET /outputs/99313ff0d74c425d86086138f7f5539c.jpg?v=dc3d45c100-1781882890718-0a7d28d0f124 HTTP/1.1" 200 OK
[id-photo-be] compose start preparedId=838b6204-0efc-4077-91c9-c3c91b4d0631 requestId=a55a6e4e30
[id-photo] requestId=a55a6e4e30 step=save_output cost=2ms
[id-photo-be] bgColor=None
[id-photo-be] outputSize=None
[id-photo-be] backgroundPureColor=None
[id-photo-be] originalBackgroundRemoved=None
[id-photo-be] usedForegroundPng=None
[id-photo-be] usedOriginalImageDirectly=None
[id-photo-be] engine=hivision engineVersion=multi-engine-reset-20260613-local model=rmbg-1.4
[id-photo-be] finalImageUrl=/outputs/7ca2697f584544b18e64a6e249761a9e.jpg?v=a55a6e4e30-1781882890874-d789707eec51
[id-photo-be] compose success
[id-photo] requestId=a55a6e4e30 total=7ms success=true finalImageUrl=/outputs/7ca2697f584544b18e64a6e249761a9e.jpg?v=a55a6e4e30-1781882890874-d789707eec51
INFO:     127.0.0.1:58659 - "POST /api/id-photo/compose HTTP/1.1" 200 OK
INFO:     127.0.0.1:58660 - "GET /outputs/7ca2697f584544b18e64a6e249761a9e.jpg?v=a55a6e4e30-1781882890874-d789707eec51 HTTP/1.1" 200 OK
[id-photo-be] compose start preparedId=838b6204-0efc-4077-91c9-c3c91b4d0631 requestId=7979fad0e1
[id-photo] requestId=7979fad0e1 step=save_output cost=2ms
[id-photo-be] bgColor=None
[id-photo-be] outputSize=None
[id-photo-be] backgroundPureColor=None
[id-photo-be] originalBackgroundRemoved=None
[id-photo-be] usedForegroundPng=None
[id-photo-be] usedOriginalImageDirectly=None
[id-photo-be] engine=hivision engineVersion=multi-engine-reset-20260613-local model=rmbg-1.4
[id-photo-be] finalImageUrl=/outputs/990f4ad356694699a593a1da709d47bb.jpg?v=7979fad0e1-1781882891026-2ad36ffc06ca
[id-photo-be] compose success
[id-photo] requestId=7979fad0e1 total=6ms success=true finalImageUrl=/outputs/990f4ad356694699a593a1da709d47bb.jpg?v=7979fad0e1-1781882891026-2ad36ffc06ca
INFO:     127.0.0.1:58661 - "POST /api/id-photo/compose HTTP/1.1" 200 OK
INFO:     127.0.0.1:58662 - "GET /outputs/990f4ad356694699a593a1da709d47bb.jpg?v=7979fad0e1-1781882891026-2ad36ffc06ca HTTP/1.1" 200 OK
[id-photo-be] prepare start requestId=99f04c654b
[id-photo] requestId=99f04c654b step=load_image cost=0ms
[id-photo] requestId=ea1b3ee3f9 step=matting cost=10ms
[id-photo-be] faceDetector=None
[id-photo-be] faceCount=None
[id-photo-be] faceBox=None
[id-photo-be] mattingEngine=None
[id-photo-be] rembgModel=None
[id-photo-be] engine=hivision engineVersion=multi-engine-reset-20260613-local model=rmbg-1.4
[id-photo-be] foregroundPath=None
[id-photo-be] maskPath=None
[id-photo-be] cropParams=None
[id-photo-be] prepare success preparedId=cdff646c-35f9-4458-8f1f-143b7ed963ea
[id-photo] requestId=ea1b3ee3f9 total=5292ms success=true preparedId=cdff646c-35f9-4458-8f1f-143b7ed963ea
INFO:     127.0.0.1:58648 - "POST /api/id-photo/prepare HTTP/1.1" 200 OK
[id-photo-be] compose start preparedId=cdff646c-35f9-4458-8f1f-143b7ed963ea requestId=ec53a6aa75
[id-photo] requestId=ec53a6aa75 step=save_output cost=2ms
[id-photo-be] bgColor=None
[id-photo-be] outputSize=None
[id-photo-be] backgroundPureColor=None
[id-photo-be] originalBackgroundRemoved=None
[id-photo-be] usedForegroundPng=None
[id-photo-be] usedOriginalImageDirectly=None
[id-photo-be] engine=hivision engineVersion=multi-engine-reset-20260613-local model=rmbg-1.4
[id-photo-be] finalImageUrl=/outputs/d25529380d5e4b12ac4077dd70160614.jpg?v=ec53a6aa75-1781882895310-039a55d4e3fd
[id-photo-be] compose success
[id-photo] requestId=ec53a6aa75 total=5ms success=true finalImageUrl=/outputs/d25529380d5e4b12ac4077dd70160614.jpg?v=ec53a6aa75-1781882895310-039a55d4e3fd
INFO:     127.0.0.1:55443 - "POST /api/id-photo/compose HTTP/1.1" 200 OK
INFO:     127.0.0.1:55444 - "GET /outputs/d25529380d5e4b12ac4077dd70160614.jpg?v=ec53a6aa75-1781882895310-039a55d4e3fd HTTP/1.1" 200 OK
[id-photo-be] compose start preparedId=cdff646c-35f9-4458-8f1f-143b7ed963ea requestId=8ce8a6d9fe
[id-photo] requestId=8ce8a6d9fe step=save_output cost=4ms
[id-photo-be] bgColor=None
[id-photo-be] outputSize=None
[id-photo-be] backgroundPureColor=None
[id-photo-be] originalBackgroundRemoved=None
[id-photo-be] usedForegroundPng=None
[id-photo-be] usedOriginalImageDirectly=None
[id-photo-be] engine=hivision engineVersion=multi-engine-reset-20260613-local model=rmbg-1.4
[id-photo-be] finalImageUrl=/outputs/27042d36168b44a89971f52e726253c1.jpg?v=8ce8a6d9fe-1781882895499-266c9cf333c9
[id-photo-be] compose success
[id-photo] requestId=8ce8a6d9fe total=11ms success=true finalImageUrl=/outputs/27042d36168b44a89971f52e726253c1.jpg?v=8ce8a6d9fe-1781882895499-266c9cf333c9
INFO:     127.0.0.1:55445 - "POST /api/id-photo/compose HTTP/1.1" 200 OK
INFO:     127.0.0.1:55446 - "GET /outputs/27042d36168b44a89971f52e726253c1.jpg?v=8ce8a6d9fe-1781882895499-266c9cf333c9 HTTP/1.1" 200 OK
[id-photo-be] compose start preparedId=cdff646c-35f9-4458-8f1f-143b7ed963ea requestId=3899ab733e
[id-photo] requestId=3899ab733e step=save_output cost=2ms
[id-photo-be] bgColor=None
[id-photo-be] outputSize=None
[id-photo-be] backgroundPureColor=None
[id-photo-be] originalBackgroundRemoved=None
[id-photo-be] usedForegroundPng=None
[id-photo-be] usedOriginalImageDirectly=None
[id-photo-be] engine=hivision engineVersion=multi-engine-reset-20260613-local model=rmbg-1.4
[id-photo-be] finalImageUrl=/outputs/e939581232514ee4b25810b718395e0c.jpg?v=3899ab733e-1781882895657-bf74f6e26dd2
[id-photo-be] compose success
[id-photo] requestId=3899ab733e total=5ms success=true finalImageUrl=/outputs/e939581232514ee4b25810b718395e0c.jpg?v=3899ab733e-1781882895657-bf74f6e26dd2
INFO:     127.0.0.1:55447 - "POST /api/id-photo/compose HTTP/1.1" 200 OK
INFO:     127.0.0.1:55448 - "GET /outputs/e939581232514ee4b25810b718395e0c.jpg?v=3899ab733e-1781882895657-bf74f6e26dd2 HTTP/1.1" 200 OK
[id-photo-be] compose start preparedId=cdff646c-35f9-4458-8f1f-143b7ed963ea requestId=defaa5d401
[id-photo] requestId=defaa5d401 step=save_output cost=4ms
[id-photo-be] bgColor=None
[id-photo-be] outputSize=None
[id-photo-be] backgroundPureColor=None
[id-photo-be] originalBackgroundRemoved=None
[id-photo-be] usedForegroundPng=None
[id-photo-be] usedOriginalImageDirectly=None
[id-photo-be] engine=hivision engineVersion=multi-engine-reset-20260613-local model=rmbg-1.4
[id-photo-be] finalImageUrl=/outputs/fa6749d17b4b4e31a680901ceb1471b6.jpg?v=defaa5d401-1781882895784-0e8c30dba567
[id-photo-be] compose success
[id-photo] requestId=defaa5d401 total=10ms success=true finalImageUrl=/outputs/fa6749d17b4b4e31a680901ceb1471b6.jpg?v=defaa5d401-1781882895784-0e8c30dba567
INFO:     127.0.0.1:55449 - "POST /api/id-photo/compose HTTP/1.1" 200 OK
INFO:     127.0.0.1:55450 - "GET /outputs/fa6749d17b4b4e31a680901ceb1471b6.jpg?v=defaa5d401-1781882895784-0e8c30dba567 HTTP/1.1" 200 OK
[id-photo-be] compose start preparedId=cdff646c-35f9-4458-8f1f-143b7ed963ea requestId=be3f8f7ebb
[id-photo] requestId=be3f8f7ebb step=save_output cost=4ms
[id-photo-be] bgColor=None
[id-photo-be] outputSize=None
[id-photo-be] backgroundPureColor=None
[id-photo-be] originalBackgroundRemoved=None
[id-photo-be] usedForegroundPng=None
[id-photo-be] usedOriginalImageDirectly=None
[id-photo-be] engine=hivision engineVersion=multi-engine-reset-20260613-local model=rmbg-1.4
[id-photo-be] finalImageUrl=/outputs/601c6e49fdcc459697032c860ff669a3.jpg?v=be3f8f7ebb-1781882895940-9ab484731f0d
[id-photo-be] compose success
[id-photo] requestId=be3f8f7ebb total=8ms success=true finalImageUrl=/outputs/601c6e49fdcc459697032c860ff669a3.jpg?v=be3f8f7ebb-1781882895940-9ab484731f0d
INFO:     127.0.0.1:55451 - "POST /api/id-photo/compose HTTP/1.1" 200 OK
INFO:     127.0.0.1:55452 - "GET /outputs/601c6e49fdcc459697032c860ff669a3.jpg?v=be3f8f7ebb-1781882895940-9ab484731f0d HTTP/1.1" 200 OK
[id-photo-be] prepare start requestId=9c29e5e448
[id-photo] requestId=9c29e5e448 step=load_image cost=0ms
[id-photo] requestId=99f04c654b step=matting cost=10ms
[id-photo-be] faceDetector=None
[id-photo-be] faceCount=None
[id-photo-be] faceBox=None
[id-photo-be] mattingEngine=None
[id-photo-be] rembgModel=None
[id-photo-be] engine=hivision engineVersion=multi-engine-reset-20260613-local model=rmbg-1.4
[id-photo-be] foregroundPath=None
[id-photo-be] maskPath=None
[id-photo-be] cropParams=None
[id-photo-be] prepare success preparedId=2188a13e-1579-42f7-ab3e-aa0082ec63be
[id-photo] requestId=99f04c654b total=6873ms success=true preparedId=2188a13e-1579-42f7-ab3e-aa0082ec63be
INFO:     127.0.0.1:58663 - "POST /api/id-photo/prepare HTTP/1.1" 200 OK
[id-photo-be] compose start preparedId=2188a13e-1579-42f7-ab3e-aa0082ec63be requestId=9946ad8aa9
[id-photo] requestId=9946ad8aa9 step=save_output cost=3ms
[id-photo-be] bgColor=None
[id-photo-be] outputSize=None
[id-photo-be] backgroundPureColor=None
[id-photo-be] originalBackgroundRemoved=None
[id-photo-be] usedForegroundPng=None
[id-photo-be] usedOriginalImageDirectly=None
[id-photo-be] engine=hivision engineVersion=multi-engine-reset-20260613-local model=rmbg-1.4
[id-photo-be] finalImageUrl=/outputs/da5a0539228b432da1be87829ddc5bd3.jpg?v=9946ad8aa9-1781882898073-039a55d4e3fd
[id-photo-be] compose success
[id-photo] requestId=9946ad8aa9 total=5ms success=true finalImageUrl=/outputs/da5a0539228b432da1be87829ddc5bd3.jpg?v=9946ad8aa9-1781882898073-039a55d4e3fd
INFO:     127.0.0.1:61399 - "POST /api/id-photo/compose HTTP/1.1" 200 OK
INFO:     127.0.0.1:61400 - "GET /outputs/da5a0539228b432da1be87829ddc5bd3.jpg?v=9946ad8aa9-1781882898073-039a55d4e3fd HTTP/1.1" 200 OK
[id-photo-be] compose start preparedId=2188a13e-1579-42f7-ab3e-aa0082ec63be requestId=b3978d2469
[id-photo] requestId=b3978d2469 step=save_output cost=2ms
[id-photo-be] bgColor=None
[id-photo-be] outputSize=None
[id-photo-be] backgroundPureColor=None
[id-photo-be] originalBackgroundRemoved=None
[id-photo-be] usedForegroundPng=None
[id-photo-be] usedOriginalImageDirectly=None
[id-photo-be] engine=hivision engineVersion=multi-engine-reset-20260613-local model=rmbg-1.4
[id-photo-be] finalImageUrl=/outputs/b62b83b388b8426b9e311642f30e4c5b.jpg?v=b3978d2469-1781882898237-266c9cf333c9
[id-photo-be] compose success
[id-photo] requestId=b3978d2469 total=5ms success=true finalImageUrl=/outputs/b62b83b388b8426b9e311642f30e4c5b.jpg?v=b3978d2469-1781882898237-266c9cf333c9
INFO:     127.0.0.1:64472 - "POST /api/id-photo/compose HTTP/1.1" 200 OK
INFO:     127.0.0.1:64473 - "GET /outputs/b62b83b388b8426b9e311642f30e4c5b.jpg?v=b3978d2469-1781882898237-266c9cf333c9 HTTP/1.1" 200 OK
[id-photo-be] compose start preparedId=2188a13e-1579-42f7-ab3e-aa0082ec63be requestId=93f9d1ecff
[id-photo] requestId=93f9d1ecff step=save_output cost=2ms
[id-photo-be] bgColor=None
[id-photo-be] outputSize=None
[id-photo-be] backgroundPureColor=None
[id-photo-be] originalBackgroundRemoved=None
[id-photo-be] usedForegroundPng=None
[id-photo-be] usedOriginalImageDirectly=None
[id-photo-be] engine=hivision engineVersion=multi-engine-reset-20260613-local model=rmbg-1.4
[id-photo-be] finalImageUrl=/outputs/6ebf5676ed574029ad36c01e72fa9be5.jpg?v=93f9d1ecff-1781882898400-bf74f6e26dd2
[id-photo-be] compose success
[id-photo] requestId=93f9d1ecff total=4ms success=true finalImageUrl=/outputs/6ebf5676ed574029ad36c01e72fa9be5.jpg?v=93f9d1ecff-1781882898400-bf74f6e26dd2
INFO:     127.0.0.1:64474 - "POST /api/id-photo/compose HTTP/1.1" 200 OK
INFO:     127.0.0.1:64475 - "GET /outputs/6ebf5676ed574029ad36c01e72fa9be5.jpg?v=93f9d1ecff-1781882898400-bf74f6e26dd2 HTTP/1.1" 200 OK
[id-photo-be] compose start preparedId=2188a13e-1579-42f7-ab3e-aa0082ec63be requestId=2f6f57230b
[id-photo] requestId=2f6f57230b step=save_output cost=2ms
[id-photo-be] bgColor=None
[id-photo-be] outputSize=None
[id-photo-be] backgroundPureColor=None
[id-photo-be] originalBackgroundRemoved=None
[id-photo-be] usedForegroundPng=None
[id-photo-be] usedOriginalImageDirectly=None
[id-photo-be] engine=hivision engineVersion=multi-engine-reset-20260613-local model=rmbg-1.4
[id-photo-be] finalImageUrl=/outputs/300f3c4426ea46fcafa3f2517148e508.jpg?v=2f6f57230b-1781882898528-0e8c30dba567
[id-photo-be] compose success
[id-photo] requestId=2f6f57230b total=4ms success=true finalImageUrl=/outputs/300f3c4426ea46fcafa3f2517148e508.jpg?v=2f6f57230b-1781882898528-0e8c30dba567
INFO:     127.0.0.1:64476 - "POST /api/id-photo/compose HTTP/1.1" 200 OK
INFO:     127.0.0.1:64477 - "GET /outputs/300f3c4426ea46fcafa3f2517148e508.jpg?v=2f6f57230b-1781882898528-0e8c30dba567 HTTP/1.1" 200 OK
[id-photo-be] compose start preparedId=2188a13e-1579-42f7-ab3e-aa0082ec63be requestId=7a502c8db9
[id-photo] requestId=7a502c8db9 step=save_output cost=1ms
[id-photo-be] bgColor=None
[id-photo-be] outputSize=None
[id-photo-be] backgroundPureColor=None
[id-photo-be] originalBackgroundRemoved=None
[id-photo-be] usedForegroundPng=None
[id-photo-be] usedOriginalImageDirectly=None
[id-photo-be] engine=hivision engineVersion=multi-engine-reset-20260613-local model=rmbg-1.4
[id-photo-be] finalImageUrl=/outputs/6e9d88959115423eb09141c03eea8820.jpg?v=7a502c8db9-1781882898709-9ab484731f0d
[id-photo-be] compose success
[id-photo] requestId=7a502c8db9 total=4ms success=true finalImageUrl=/outputs/6e9d88959115423eb09141c03eea8820.jpg?v=7a502c8db9-1781882898709-9ab484731f0d
INFO:     127.0.0.1:64478 - "POST /api/id-photo/compose HTTP/1.1" 200 OK
INFO:     127.0.0.1:64479 - "GET /outputs/6e9d88959115423eb09141c03eea8820.jpg?v=7a502c8db9-1781882898709-9ab484731f0d HTTP/1.1" 200 OK
[id-photo-be] prepare start requestId=c39362f552
[id-photo] requestId=c39362f552 step=load_image cost=0ms
[id-photo] requestId=9c29e5e448 step=matting cost=10ms
[id-photo-be] faceDetector=None
[id-photo-be] faceCount=None
[id-photo-be] faceBox=None
[id-photo-be] mattingEngine=None
[id-photo-be] rembgModel=None
[id-photo-be] engine=hivision engineVersion=multi-engine-reset-20260613-local model=rmbg-1.4
[id-photo-be] foregroundPath=None
[id-photo-be] maskPath=None
[id-photo-be] cropParams=None
[id-photo-be] prepare success preparedId=6813f0e4-f520-410b-98af-6a4a1a2882c4
[id-photo] requestId=9c29e5e448 total=6761ms success=true preparedId=6813f0e4-f520-410b-98af-6a4a1a2882c4
INFO:     127.0.0.1:55453 - "POST /api/id-photo/prepare HTTP/1.1" 200 OK
[id-photo-be] compose start preparedId=6813f0e4-f520-410b-98af-6a4a1a2882c4 requestId=f0f12c374c
[id-photo] requestId=f0f12c374c step=save_output cost=3ms
[id-photo-be] bgColor=None
[id-photo-be] outputSize=None
[id-photo-be] backgroundPureColor=None
[id-photo-be] originalBackgroundRemoved=None
[id-photo-be] usedForegroundPng=None
[id-photo-be] usedOriginalImageDirectly=None
[id-photo-be] engine=hivision engineVersion=multi-engine-reset-20260613-local model=rmbg-1.4
[id-photo-be] finalImageUrl=/outputs/d712ff4d01fb4f47a323ecf54ebcb0b6.jpg?v=f0f12c374c-1781882902923-4cd1ec22d44e
[id-photo-be] compose success
[id-photo] requestId=f0f12c374c total=7ms success=true finalImageUrl=/outputs/d712ff4d01fb4f47a323ecf54ebcb0b6.jpg?v=f0f12c374c-1781882902923-4cd1ec22d44e
INFO:     127.0.0.1:54159 - "POST /api/id-photo/compose HTTP/1.1" 200 OK
INFO:     127.0.0.1:54160 - "GET /outputs/d712ff4d01fb4f47a323ecf54ebcb0b6.jpg?v=f0f12c374c-1781882902923-4cd1ec22d44e HTTP/1.1" 200 OK
[id-photo-be] compose start preparedId=6813f0e4-f520-410b-98af-6a4a1a2882c4 requestId=d1ee52e794
[id-photo] requestId=d1ee52e794 step=save_output cost=2ms
[id-photo-be] bgColor=None
[id-photo-be] outputSize=None
[id-photo-be] backgroundPureColor=None
[id-photo-be] originalBackgroundRemoved=None
[id-photo-be] usedForegroundPng=None
[id-photo-be] usedOriginalImageDirectly=None
[id-photo-be] engine=hivision engineVersion=multi-engine-reset-20260613-local model=rmbg-1.4
[id-photo-be] finalImageUrl=/outputs/1f4d08bda5b547fc9e95ec3d43814e17.jpg?v=d1ee52e794-1781882903093-e1a3e3bb1c4a
[id-photo-be] compose success
[id-photo] requestId=d1ee52e794 total=5ms success=true finalImageUrl=/outputs/1f4d08bda5b547fc9e95ec3d43814e17.jpg?v=d1ee52e794-1781882903093-e1a3e3bb1c4a
INFO:     127.0.0.1:54161 - "POST /api/id-photo/compose HTTP/1.1" 200 OK
INFO:     127.0.0.1:54162 - "GET /outputs/1f4d08bda5b547fc9e95ec3d43814e17.jpg?v=d1ee52e794-1781882903093-e1a3e3bb1c4a HTTP/1.1" 200 OK
[id-photo-be] compose start preparedId=6813f0e4-f520-410b-98af-6a4a1a2882c4 requestId=0fbbc394f9
[id-photo] requestId=0fbbc394f9 step=save_output cost=5ms
[id-photo-be] bgColor=None
[id-photo-be] outputSize=None
[id-photo-be] backgroundPureColor=None
[id-photo-be] originalBackgroundRemoved=None
[id-photo-be] usedForegroundPng=None
[id-photo-be] usedOriginalImageDirectly=None
[id-photo-be] engine=hivision engineVersion=multi-engine-reset-20260613-local model=rmbg-1.4
[id-photo-be] finalImageUrl=/outputs/16d8a2924f2d4640afb1b70b61e327ba.jpg?v=0fbbc394f9-1781882903299-edcc6eac17d6
[id-photo-be] compose success
[id-photo] requestId=0fbbc394f9 total=18ms success=true finalImageUrl=/outputs/16d8a2924f2d4640afb1b70b61e327ba.jpg?v=0fbbc394f9-1781882903299-edcc6eac17d6
INFO:     127.0.0.1:63228 - "POST /api/id-photo/compose HTTP/1.1" 200 OK
INFO:     127.0.0.1:63229 - "GET /outputs/16d8a2924f2d4640afb1b70b61e327ba.jpg?v=0fbbc394f9-1781882903299-edcc6eac17d6 HTTP/1.1" 200 OK
[id-photo-be] compose start preparedId=6813f0e4-f520-410b-98af-6a4a1a2882c4 requestId=ae8d63d6ef
[id-photo] requestId=ae8d63d6ef step=save_output cost=4ms
[id-photo-be] bgColor=None
[id-photo-be] outputSize=None
[id-photo-be] backgroundPureColor=None
[id-photo-be] originalBackgroundRemoved=None
[id-photo-be] usedForegroundPng=None
[id-photo-be] usedOriginalImageDirectly=None
[id-photo-be] engine=hivision engineVersion=multi-engine-reset-20260613-local model=rmbg-1.4
[id-photo-be] finalImageUrl=/outputs/692b328c567a4aec9aacd98c449bd930.jpg?v=ae8d63d6ef-1781882903471-b6f08804880e
[id-photo-be] compose success
[id-photo] requestId=ae8d63d6ef total=8ms success=true finalImageUrl=/outputs/692b328c567a4aec9aacd98c449bd930.jpg?v=ae8d63d6ef-1781882903471-b6f08804880e
INFO:     127.0.0.1:63230 - "POST /api/id-photo/compose HTTP/1.1" 200 OK
INFO:     127.0.0.1:63231 - "GET /outputs/692b328c567a4aec9aacd98c449bd930.jpg?v=ae8d63d6ef-1781882903471-b6f08804880e HTTP/1.1" 200 OK
[id-photo-be] compose start preparedId=6813f0e4-f520-410b-98af-6a4a1a2882c4 requestId=17b98f99a4
[id-photo] requestId=17b98f99a4 step=save_output cost=3ms
[id-photo-be] bgColor=None
[id-photo-be] outputSize=None
[id-photo-be] backgroundPureColor=None
[id-photo-be] originalBackgroundRemoved=None
[id-photo-be] usedForegroundPng=None
[id-photo-be] usedOriginalImageDirectly=None
[id-photo-be] engine=hivision engineVersion=multi-engine-reset-20260613-local model=rmbg-1.4
[id-photo-be] finalImageUrl=/outputs/805be3cebce749c0b824f49c63c2d5d5.jpg?v=17b98f99a4-1781882903606-05fa7f314490
[id-photo-be] compose success
[id-photo] requestId=17b98f99a4 total=6ms success=true finalImageUrl=/outputs/805be3cebce749c0b824f49c63c2d5d5.jpg?v=17b98f99a4-1781882903606-05fa7f314490
INFO:     127.0.0.1:63232 - "POST /api/id-photo/compose HTTP/1.1" 200 OK
INFO:     127.0.0.1:63233 - "GET /outputs/805be3cebce749c0b824f49c63c2d5d5.jpg?v=17b98f99a4-1781882903606-05fa7f314490 HTTP/1.1" 200 OK
[id-photo] requestId=c39362f552 step=matting cost=10ms
[id-photo-be] faceDetector=None
[id-photo-be] faceCount=None
[id-photo-be] faceBox=None
[id-photo-be] mattingEngine=None
[id-photo-be] rembgModel=None
[id-photo-be] engine=hivision engineVersion=multi-engine-reset-20260613-local model=rmbg-1.4
[id-photo-be] foregroundPath=None
[id-photo-be] maskPath=None
[id-photo-be] cropParams=None
[id-photo-be] prepare success preparedId=3a60de34-dd1d-4885-b4af-c76d37223c59
[id-photo] requestId=c39362f552 total=6015ms success=true preparedId=3a60de34-dd1d-4885-b4af-c76d37223c59
INFO:     127.0.0.1:64480 - "POST /api/id-photo/prepare HTTP/1.1" 200 OK
[id-photo-be] compose start preparedId=3a60de34-dd1d-4885-b4af-c76d37223c59 requestId=e4fcd7844d
[id-photo] requestId=e4fcd7844d step=save_output cost=3ms
[id-photo-be] bgColor=None
[id-photo-be] outputSize=None
[id-photo-be] backgroundPureColor=None
[id-photo-be] originalBackgroundRemoved=None
[id-photo-be] usedForegroundPng=None
[id-photo-be] usedOriginalImageDirectly=None
[id-photo-be] engine=hivision engineVersion=multi-engine-reset-20260613-local model=rmbg-1.4
[id-photo-be] finalImageUrl=/outputs/4a6f6029eebc4deb99ce9edcf273407c.jpg?v=e4fcd7844d-1781882904911-4cd1ec22d44e
[id-photo-be] compose success
[id-photo] requestId=e4fcd7844d total=7ms success=true finalImageUrl=/outputs/4a6f6029eebc4deb99ce9edcf273407c.jpg?v=e4fcd7844d-1781882904911-4cd1ec22d44e
INFO:     127.0.0.1:60842 - "POST /api/id-photo/compose HTTP/1.1" 200 OK
INFO:     127.0.0.1:60843 - "GET /outputs/4a6f6029eebc4deb99ce9edcf273407c.jpg?v=e4fcd7844d-1781882904911-4cd1ec22d44e HTTP/1.1" 200 OK
[id-photo-be] compose start preparedId=3a60de34-dd1d-4885-b4af-c76d37223c59 requestId=464d9e79c3
[id-photo] requestId=464d9e79c3 step=save_output cost=2ms
[id-photo-be] bgColor=None
[id-photo-be] outputSize=None
[id-photo-be] backgroundPureColor=None
[id-photo-be] originalBackgroundRemoved=None
[id-photo-be] usedForegroundPng=None
[id-photo-be] usedOriginalImageDirectly=None
[id-photo-be] engine=hivision engineVersion=multi-engine-reset-20260613-local model=rmbg-1.4
[id-photo-be] finalImageUrl=/outputs/db25fe10304d40a89f9c4b749a80b5a0.jpg?v=464d9e79c3-1781882905065-e1a3e3bb1c4a
[id-photo-be] compose success
[id-photo] requestId=464d9e79c3 total=7ms success=true finalImageUrl=/outputs/db25fe10304d40a89f9c4b749a80b5a0.jpg?v=464d9e79c3-1781882905065-e1a3e3bb1c4a
INFO:     127.0.0.1:60844 - "POST /api/id-photo/compose HTTP/1.1" 200 OK
INFO:     127.0.0.1:60845 - "GET /outputs/db25fe10304d40a89f9c4b749a80b5a0.jpg?v=464d9e79c3-1781882905065-e1a3e3bb1c4a HTTP/1.1" 200 OK
[id-photo-be] compose start preparedId=3a60de34-dd1d-4885-b4af-c76d37223c59 requestId=e16e7015f6
[id-photo] requestId=e16e7015f6 step=save_output cost=4ms
[id-photo-be] bgColor=None
[id-photo-be] outputSize=None
[id-photo-be] backgroundPureColor=None
[id-photo-be] originalBackgroundRemoved=None
[id-photo-be] usedForegroundPng=None
[id-photo-be] usedOriginalImageDirectly=None
[id-photo-be] engine=hivision engineVersion=multi-engine-reset-20260613-local model=rmbg-1.4
[id-photo-be] finalImageUrl=/outputs/4446f2fe288f48b1b7e510d7fd808d7e.jpg?v=e16e7015f6-1781882905220-edcc6eac17d6
[id-photo-be] compose success
[id-photo] requestId=e16e7015f6 total=8ms success=true finalImageUrl=/outputs/4446f2fe288f48b1b7e510d7fd808d7e.jpg?v=e16e7015f6-1781882905220-edcc6eac17d6
INFO:     127.0.0.1:60846 - "POST /api/id-photo/compose HTTP/1.1" 200 OK
INFO:     127.0.0.1:60847 - "GET /outputs/4446f2fe288f48b1b7e510d7fd808d7e.jpg?v=e16e7015f6-1781882905220-edcc6eac17d6 HTTP/1.1" 200 OK
[id-photo-be] compose start preparedId=3a60de34-dd1d-4885-b4af-c76d37223c59 requestId=7127e35236
[id-photo] requestId=7127e35236 step=save_output cost=3ms
[id-photo-be] bgColor=None
[id-photo-be] outputSize=None
[id-photo-be] backgroundPureColor=None
[id-photo-be] originalBackgroundRemoved=None
[id-photo-be] usedForegroundPng=None
[id-photo-be] usedOriginalImageDirectly=None
[id-photo-be] engine=hivision engineVersion=multi-engine-reset-20260613-local model=rmbg-1.4
[id-photo-be] finalImageUrl=/outputs/22951ec0aa1042d38db2e0be0b2919f5.jpg?v=7127e35236-1781882905385-b6f08804880e
[id-photo-be] compose success
[id-photo] requestId=7127e35236 total=8ms success=true finalImageUrl=/outputs/22951ec0aa1042d38db2e0be0b2919f5.jpg?v=7127e35236-1781882905385-b6f08804880e
INFO:     127.0.0.1:51269 - "POST /api/id-photo/compose HTTP/1.1" 200 OK
INFO:     127.0.0.1:51270 - "GET /outputs/22951ec0aa1042d38db2e0be0b2919f5.jpg?v=7127e35236-1781882905385-b6f08804880e HTTP/1.1" 200 OK
[id-photo-be] compose start preparedId=3a60de34-dd1d-4885-b4af-c76d37223c59 requestId=0ba9a26c3a
[id-photo] requestId=0ba9a26c3a step=save_output cost=3ms
[id-photo-be] bgColor=None
[id-photo-be] outputSize=None
[id-photo-be] backgroundPureColor=None
[id-photo-be] originalBackgroundRemoved=None
[id-photo-be] usedForegroundPng=None
[id-photo-be] usedOriginalImageDirectly=None
[id-photo-be] engine=hivision engineVersion=multi-engine-reset-20260613-local model=rmbg-1.4
[id-photo-be] finalImageUrl=/outputs/a1adb3ee867f4b5baed0c8576bf3cb6a.jpg?v=0ba9a26c3a-1781882905542-05fa7f314490
[id-photo-be] compose success
[id-photo] requestId=0ba9a26c3a total=7ms success=true finalImageUrl=/outputs/a1adb3ee867f4b5baed0c8576bf3cb6a.jpg?v=0ba9a26c3a-1781882905542-05fa7f314490
INFO:     127.0.0.1:51271 - "POST /api/id-photo/compose HTTP/1.1" 200 OK
INFO:     127.0.0.1:51272 - "GET /outputs/a1adb3ee867f4b5baed0c8576bf3cb6a.jpg?v=0ba9a26c3a-1781882905542-05fa7f314490 HTTP/1.1" 200 OK
[id-photo-be] prepare start requestId=08eb70cb35
[id-photo] requestId=08eb70cb35 step=load_image cost=0ms
[id-photo] requestId=08eb70cb35 step=matting cost=10ms
[id-photo-be] faceDetector=None
[id-photo-be] faceCount=None
[id-photo-be] faceBox=None
[id-photo-be] mattingEngine=None
[id-photo-be] rembgModel=None
[id-photo-be] engine=hivision engineVersion=multi-engine-reset-20260613-local model=rmbg-1.4
[id-photo-be] foregroundPath=None
[id-photo-be] maskPath=None
[id-photo-be] cropParams=None
[id-photo-be] prepare success preparedId=47bc1328-aee7-402b-854c-23faa8921b29
[id-photo] requestId=08eb70cb35 total=6282ms success=true preparedId=47bc1328-aee7-402b-854c-23faa8921b29
INFO:     127.0.0.1:50769 - "POST /api/id-photo/prepare HTTP/1.1" 200 OK
[id-photo-be] compose start preparedId=47bc1328-aee7-402b-854c-23faa8921b29 requestId=5ce13d6804
[id-photo] requestId=5ce13d6804 step=save_output cost=3ms
[id-photo-be] bgColor=None
[id-photo-be] outputSize=None
[id-photo-be] backgroundPureColor=None
[id-photo-be] originalBackgroundRemoved=None
[id-photo-be] usedForegroundPng=None
[id-photo-be] usedOriginalImageDirectly=None
[id-photo-be] engine=hivision engineVersion=multi-engine-reset-20260613-local model=rmbg-1.4
[id-photo-be] finalImageUrl=/outputs/19b71783255947deba667fc009211f30.jpg?v=5ce13d6804-1781882940731-825d5375e940
[id-photo-be] compose success
[id-photo] requestId=5ce13d6804 total=7ms success=true finalImageUrl=/outputs/19b71783255947deba667fc009211f30.jpg?v=5ce13d6804-1781882940731-825d5375e940
INFO:     127.0.0.1:56660 - "POST /api/id-photo/compose HTTP/1.1" 200 OK
INFO:     127.0.0.1:50769 - "GET /outputs/19b71783255947deba667fc009211f30.jpg?v=5ce13d6804-1781882940731-825d5375e940 HTTP/1.1" 200 OK
INFO:     127.0.0.1:64764 - "GET /outputs/19b71783255947deba667fc009211f30.jpg?v=5ce13d6804-1781882940731-825d5375e940 HTTP/1.1" 200 OK
